date,rsi_ob,rsi_os,equity,actual_date,running_max,drawdown,daily_return
0,60,45,5000.0,2015-01-02,5000.0,0.0,
1,60,45,5000.0,2015-01-05,5000.0,0.0,0.0
2,60,45,5000.0,2015-01-06,5000.0,0.0,0.0
3,60,45,5000.0,2015-01-07,5000.0,0.0,0.0
4,60,45,5000.0,2015-01-08,5000.0,0.0,0.0
5,60,45,5000.0,2015-01-09,5000.0,0.0,0.0
6,60,45,5000.0,2015-01-12,5000.0,0.0,0.0
7,60,45,5000.0,2015-01-13,5000.0,0.0,0.0
8,60,45,5000.0,2015-01-14,5000.0,0.0,0.0
9,60,45,5000.0,2015-01-15,5000.0,0.0,0.0
10,60,45,5000.0,2015-01-16,5000.0,0.0,0.0
11,60,45,5000.0,2015-01-20,5000.0,0.0,0.0
12,60,45,5000.0,2015-01-21,5000.0,0.0,0.0
13,60,45,5000.0,2015-01-22,5000.0,0.0,0.0
14,60,45,5000.0,2015-01-23,5000.0,0.0,0.0
15,60,45,5010.122335063828,2015-01-26,5010.122335063828,0.0,0.002024467012765596
16,60,45,5044.988682994247,2015-01-27,5044.988682994247,0.0,0.006959180953806987
17,60,45,5017.870484220461,2015-01-28,5044.988682994247,-0.005375274451099754,-0.005375274451099754
18,60,45,5018.583505442896,2015-01-29,5044.988682994247,-0.005233941879861481,0.00014209637826989585
19,60,45,4980.9615254637465,2015-01-30,5044.988682994247,-0.012691239079747563,-0.007496533621159651
20,60,45,5041.241639932567,2015-02-02,5044.988682994247,-0.000742725761568308,0.012102104013583581
21,60,45,5079.038536758783,2015-02-03,5079.038536758783,0.0,0.007497537219168571
22,60,45,5124.000394027471,2015-02-04,5124.000394027471,0.0,0.008852434755767913
23,60,45,5132.645646003568,2015-02-05,5132.645646003568,0.0,0.0016872075158647082
24,60,45,5129.777220893317,2015-02-06,5132.645646003568,-0.0005588589799657706,-0.0005588589799657706
25,60,45,5121.393736553954,2015-02-09,5132.645646003568,-0.0021922240937040094,-0.0016342784449229208
26,60,45,5126.587411611288,2015-02-10,5132.645646003568,-0.001180333654437371,0.0010141136035419773
27,60,45,5115.037457451418,2015-02-11,5132.645646003568,-0.0034306261851254627,-0.0022529517654785725
28,60,45,5142.952023181793,2015-02-12,5142.952023181793,0.0,0.005457353140143617
29,60,45,5188.093437681915,2015-02-13,5188.093437681915,0.0,0.008777335331274116
30,60,45,5193.218951592761,2015-02-17,5193.218951592761,0.0,0.0009879378566350905
31,60,45,5200.48082213428,2015-02-18,5200.48082213428,0.0,0.0013983370640076043
32,60,45,5208.562397977385,2015-02-19,5208.562397977385,0.0,0.001554005508242362
33,60,45,5236.615337086855,2015-02-20,5236.615337086855,0.0,0.005385927433712467
34,60,45,5217.864734788154,2015-02-23,5236.615337086855,-0.0035806720737925346,-0.0035806720737925346
35,60,45,5211.771774029995,2015-02-24,5236.615337086855,-0.004744202401293918,-0.0011677115195295462
36,60,45,5179.73833175343,2015-02-25,5236.615337086855,-0.010861406017472652,-0.006146363207265804
37,60,45,5186.519713782351,2015-02-26,5236.615337086855,-0.00956641266921332,0.001309213244875318
38,60,45,5181.309821970062,2015-02-27,5236.615337086855,-0.010561309463597013,-0.0010045063163346413
39,60,45,5230.191522472337,2015-03-02,5236.615337086855,-0.0012267111867131364,0.009434236164570509
40,60,45,5146.654235241851,2015-03-03,5236.615337086855,-0.017179245763552675,-0.015972127764643962
41,60,45,5119.561794300202,2015-03-04,5236.615337086855,-0.022352900729151304,-0.005264088027544744
42,60,45,5132.55785916046,2015-03-05,5236.615337086855,-0.019871132635891242,0.0025385111817044503
43,60,45,5060.747490269379,2015-03-06,5236.615337086855,-0.033584259201156375,-0.013991146492954853
44,60,45,5072.026036583172,2015-03-09,5236.615337086855,-0.03143047367600704,0.002228632496578564
45,60,45,5024.402435038479,2015-03-10,5236.615337086855,-0.040524821547505696,-0.009389463145732413
46,60,45,4982.442210173011,2015-03-11,5236.615337086855,-0.048537673774457835,-0.008351286627211962
47,60,45,4997.041788345837,2015-03-12,5236.615337086855,-0.0457496938994747,0.002930205220045945
48,60,45,4981.906101566058,2015-03-13,5236.615337086855,-0.04864005070544142,-0.003028929398805169
49,60,45,5005.530144501296,2015-03-16,5236.615337086855,-0.044128731577621094,0.004741968727152601
50,60,45,4990.6211055131,2015-03-17,5236.615337086855,-0.04697580703160886,-0.0029785134756552534
51,60,45,5114.066404210427,2015-03-18,5236.615337086855,-0.023402317143386364,0.024735457989579324
52,60,45,5092.3134613147295,2015-03-19,5236.615337086855,-0.027556325313824015,-0.004253551122799015
53,60,45,5147.894013285501,2015-03-20,5236.615337086855,-0.016942493975642958,0.010914597538624893
54,60,45,5111.810656809211,2015-03-23,5236.615337086855,-0.02383308153145225,-0.007009343312657124
55,60,45,5079.943890275384,2015-03-24,5236.615337086855,-0.029918456240596858,-0.0062339489220671895
56,60,45,4953.527328748278,2015-03-25,5236.615337086855,-0.05405934752046537,-0.024885424771936338
57,60,45,4938.7727329635645,2015-03-26,5236.615337086855,-0.05687693003033922,-0.0029786038928428793
58,60,45,4957.938303362604,2015-03-27,5236.615337086855,-0.05321701438534154,0.003880634205157829
59,60,45,5019.844097055865,2015-03-30,5236.615337086855,-0.04139529563987043,0.012486196863578325
60,60,45,4990.09277911476,2015-03-31,5236.615337086855,-0.04707669784835422,-0.005926741421821147
61,60,45,4993.308701859297,2015-04-01,5236.615337086855,-0.046462575454875865,0.0006444615134204579
62,60,45,5005.779087777972,2015-04-02,5236.615337086855,-0.04408119261196264,0.0024974193792648425
63,60,45,5039.598666089137,2015-04-06,5236.615337086855,-0.037622903023333265,0.006756106835345221
64,60,45,5046.3142375020525,2015-04-07,5236.615337086855,-0.03634047707057053,0.0013325607568919207
65,60,45,5033.070777047049,2015-04-08,5236.615337086855,-0.03886948857943773,-0.0026243828330355656
66,60,45,5053.08907414632,2015-04-09,5236.615337086855,-0.03504673364888233,0.003977352591694627
67,60,45,5086.702979797346,2015-04-10,5236.615337086855,-0.028627719937303175,0.006652149835040255
68,60,45,5052.351167413233,2015-04-13,5236.615337086855,-0.03518764656411222,-0.006753256976188116
69,60,45,5042.319240999474,2015-04-14,5236.615337086855,-0.037103373759637126,-0.0019855956328735935
70,60,45,5069.772625583414,2015-04-15,5236.615337086855,-0.031860791897740603,0.005444594693789995
71,60,45,5049.631913793477,2015-04-16,5236.615337086855,-0.03570692351013838,-0.003972705144270505
72,60,45,4998.1276586187005,2015-04-17,5236.615337086855,-0.04554233280782205,-0.01019960584336621
73,60,45,5049.191071411439,2015-04-20,5236.615337086855,-0.03579110811291342,0.01021650831680665
74,60,45,5040.124482236939,2015-04-21,5236.615337086855,-0.037522491571669425,-0.0017956518274452327
75,60,45,5061.371931286711,2015-04-22,5236.615337086855,-0.03346501404428781,0.004215659578380437
76,60,45,5135.527046273235,2015-04-23,5236.615337086855,-0.019304127629480528,0.014651188648701519
77,60,45,5134.511599805135,2015-04-24,5236.615337086855,-0.019498040377073145,-0.00019772974788179187
78,60,45,5115.402425761888,2015-04-27,5236.615337086855,-0.02314718640235247,-0.0037217121184365265
79,60,45,5135.045298303163,2015-04-28,5236.615337086855,-0.019396123687823952,0.003839946676013284
80,60,45,5100.129550207004,2015-04-29,5236.615337086855,-0.026063741194284118,-0.006799501478145897
81,60,45,5096.4372339274805,2015-04-30,5236.615337086855,-0.026768837146888158,-0.000723965194055487
82,60,45,5125.093176268559,2015-05-01,5236.615337086855,-0.021296611196257254,0.005622740166466134
83,60,45,5139.160480301179,2015-05-04,5236.615337086855,-0.018610276010819438,0.002744789908944112
84,60,45,5045.306367793472,2015-05-05,5236.615337086855,-0.03653294293710874,-0.01826253779531828
85,60,45,5007.84232342409,2015-05-06,5236.615337086855,-0.04368719085447137,-0.00742552416807285
86,60,45,5024.729949620355,2015-05-07,5236.615337086855,-0.04046227836631067,0.0033722360061685386
87,60,45,5002.467654450808,2015-05-08,5236.615337086855,-0.04471355399694177,-0.004430545600013547
88,60,45,4980.2051973693,2015-05-11,5236.615337086855,-0.04896486054677396,-0.004450295058220144
89,60,45,4959.069946571087,2015-05-12,5236.615337086855,-0.05300091235461413,-0.004243851399813203
90,60,45,5000.89435000947,2015-05-13,5236.615337086855,-0.04501399700068809,0.008433920853909926
91,60,45,5047.902677539007,2015-05-14,5236.615337086855,-0.03603714372742717,0.009399984130727956
92,60,45,5034.963233504677,2015-05-15,5236.615337086855,-0.03850809933546839,-0.0025633307258288163
93,60,45,5062.116870915772,2015-05-18,5236.615337086855,-0.03332275810584118,0.005393016026493225
94,60,45,5028.875224356881,2015-05-19,5236.615337086855,-0.03967068408838692,-0.0065667481424381835
95,60,45,4934.441217673215,2015-05-20,5236.615337086855,-0.05770408937115867,-0.018778355491161025
96,60,45,4961.167003601679,2015-05-21,5236.615337086855,-0.05260045196262375,0.005416172723416768
97,60,45,4971.325353515146,2015-05-22,5236.615337086855,-0.050660582550883015,0.002047572659032104
98,60,45,4935.7525192180665,2015-05-26,5236.615337086855,-0.05745367923781075,-0.007155603740947369
99,60,45,4946.851027718551,2015-05-27,5236.615337086855,-0.05533427428135296,0.002248595013074839
100,60,45,4963.490311006429,2015-05-28,5236.615337086855,-0.05215678611069541,0.003363611152760182
101,60,45,4958.868893853416,2015-05-29,5236.615337086855,-0.053039305993391905,-0.0009310821344337139
102,60,45,4966.005906704524,2015-06-01,5236.615337086855,-0.051676400301128855,0.0014392420940900763
103,60,45,4942.244789536913,2015-06-02,5236.615337086855,-0.05621389554148559,-0.004784754109037892
104,60,45,4922.831970623379,2015-06-03,5236.615337086855,-0.05992102651519848,-0.003927935531366833
105,60,45,4878.8054379849045,2015-06-04,5236.615337086855,-0.06832846716234098,-0.008943334426443794
106,60,45,4881.787972307361,2015-06-05,5236.615337086855,-0.06775891333215356,0.0006113247106014352
107,60,45,4872.711660137653,2015-06-08,5236.615337086855,-0.06949215352366189,-0.0018592188397354992
108,60,45,4852.317929045604,2015-06-09,5236.615337086855,-0.07338660247193896,-0.00418529404456347
109,60,45,4934.534945001575,2015-06-10,5236.615337086855,-0.057686190915319124,0.01694386418165772
110,60,45,4956.085850430289,2015-06-11,5236.615337086855,-0.0535707644343848,0.004367363017774073
111,60,45,4926.8962210487325,2015-06-12,5236.615337086855,-0.05914490488629631,-0.005889653703037068
112,60,45,4896.664457316267,2015-06-15,5236.615337086855,-0.06491805448511412,-0.006136066678918306
113,60,45,4908.367404547854,2015-06-16,5236.615337086855,-0.06268322406923377,0.0023899834946012888
114,60,45,4927.686489410166,2015-06-17,5236.615337086855,-0.0589939928351787,0.003935949221000046
115,60,45,4978.1141073226845,2015-06-18,5236.615337086855,-0.04936418146534616,0.010233528050311191
116,60,45,4958.722652863051,2015-06-19,5236.615337086855,-0.05306723261792923,-0.0038953414971162337
117,60,45,4991.373701290636,2015-06-22,5236.615337086855,-0.04683208905175151,0.006584568388541268
118,60,45,4987.460432718054,2015-06-23,5236.615337086855,-0.04757937872660445,-0.0007840063290732724
119,60,45,4961.716438398188,2015-06-24,5236.615337086855,-0.05249553022193032,-0.005161744071388252
120,60,45,4984.836622040584,2015-06-25,5236.615337086855,-0.048080429597934904,0.004659714824384542
121,60,45,5001.439244878402,2015-06-26,5236.615337086855,-0.04490994221837996,0.003330625273536336
122,60,45,4951.268020662874,2015-06-29,5236.615337086855,-0.05449079186761896,-0.010031357327174306
123,60,45,4978.877498336831,2015-06-30,5236.615337086855,-0.04921840199425531,0.005576243814460424
124,60,45,4973.033941182528,2015-07-01,5236.615337086855,-0.05033430545061923,-0.001173669598469762
125,60,45,4955.664430717879,2015-07-02,5236.615337086855,-0.053651240025063496,-0.003492739174934756
126,60,45,4970.014410853007,2015-07-06,5236.615337086855,-0.05091092415089615,0.0028956722828483716
127,60,45,5046.401184189586,2015-07-07,5236.615337086855,-0.03632387346653676,0.015369527534925043
128,60,45,5024.925612392051,2015-07-08,5236.615337086855,-0.04042491400801784,-0.004255621186999181
129,60,45,4986.102166172707,2015-07-09,5236.615337086855,-0.04783875743936328,-0.007726173323561403
130,60,45,5029.301351500737,2015-07-10,5236.615337086855,-0.03958930955227424,0.008663919006936194
131,60,45,5059.036889478098,2015-07-13,5236.615337086855,-0.03391092073368618,0.005912458987665792
132,60,45,5062.713132835477,2015-07-14,5236.615337086855,-0.033208894115205445,0.0007266686204692174
133,60,45,5081.927437179518,2015-07-15,5236.615337086855,-0.029539672087770752,0.003795258360467235
134,60,45,5112.862896045453,2015-07-16,5236.615337086855,-0.023632142724893224,0.0060873476153182615
135,60,45,5075.236741924967,2015-07-17,5236.615337086855,-0.030817347613633195,-0.007359116582138059
136,60,45,5100.480075527457,2015-07-20,5236.615337086855,-0.02599680381242786,0.004973823860070059
137,60,45,5100.642691096387,2015-07-21,5236.615337086855,-0.02596575024853931,3.1882404503580375e-05
138,60,45,5097.940306233954,2015-07-22,5236.615337086855,-0.026481805885334775,-0.0005298126189372532
139,60,45,5030.601170162823,2015-07-23,5236.615337086855,-0.03934109222516202,-0.013209086812724369
140,60,45,5020.449863747584,2015-07-24,5236.615337086855,-0.04127961658904755,-0.0020179111942819628
141,60,45,4971.5726942085885,2015-07-27,5236.615337086855,-0.050613349619395676,-0.009735615505681028
142,60,45,5065.016744321508,2015-07-28,5236.615337086855,-0.03276898945585116,0.0187956720861735
143,60,45,5100.152236945489,2015-07-29,5236.615337086855,-0.02605940886566649,0.0069368956506159485
144,60,45,5144.991241043364,2015-07-30,5236.615337086855,-0.01749681619625343,0.008791699152245203
145,60,45,5135.528440586764,2015-07-31,5236.615337086855,-0.01930386136712614,-0.00183922576604445
146,60,45,5162.157758949194,2015-08-03,5236.615337086855,-0.014218645698555687,0.005185312216747784
147,60,45,5125.706896177337,2015-08-04,5236.615337086855,-0.02117941337490281,-0.0070611679212372325
148,60,45,5135.016927621958,2015-08-05,5236.615337086855,-0.01940154143943995,0.0018163409717328882
149,60,45,5118.018848825564,2015-08-06,5236.615337086855,-0.022647546292232756,-0.0033102283859977044
150,60,45,5119.389955184361,2015-08-07,5236.615337086855,-0.02238571564962555,0.0002678978720664915
151,60,45,5169.767960160852,2015-08-10,5236.615337086855,-0.012765378517030856,0.009840626601510305
152,60,45,5094.084630628154,2015-08-11,5236.615337086855,-0.027218097431993438,-0.014639598936727505
153,60,45,5082.748552361039,2015-08-12,5236.615337086855,-0.02938286943402113,-0.0022253415655790754
154,60,45,5115.489256203884,2015-08-13,5236.615337086855,-0.023130604996920434,0.006441535225588879
155,60,45,5142.6478520528135,2015-08-14,5236.615337086855,-0.017944316888915512,0.005309090585224663
156,60,45,5186.536234779956,2015-08-17,5236.615337086855,-0.0095632577692365,0.00853419949989842
157,60,45,5151.800222023665,2015-08-18,5236.615337086855,-0.01619655246825391,-0.006697343117620269
158,60,45,5106.02109440532,2015-08-19,5236.615337086855,-0.024938673985969273,-0.008886044808694593
159,60,45,4960.790555932577,2015-08-20,5236.615337086855,-0.05267233955506079,-0.028442996177957758
160,60,45,4576.181226160146,2015-08-21,5236.615337086855,-0.126118507549976,-0.07752984638960003
161,60,45,4549.62238468358,2015-08-24,5236.615337086855,-0.13119026473795792,-0.005803712782339154
162,60,45,4521.989528374639,2015-08-25,5236.615337086855,-0.13646711906660003,-0.00607365930015813
163,60,45,4595.872229197388,2015-08-26,5236.615337086855,-0.12235825368947462,0.016338538680629178
164,60,45,4614.946792784668,2015-08-27,5236.615337086855,-0.11871571698218775,0.0041503685559620695
165,60,45,4624.733334147331,2015-08-28,5236.615337086855,-0.11684684926273692,0.0021206184604261047
166,60,45,4594.975727022425,2015-08-31,5236.615337086855,-0.12252945247289748,-0.006434448210275501
167,60,45,4423.492431755353,2015-09-01,5236.615337086855,-0.155276424367623,-0.03731973909211361
168,60,45,4506.742982031503,2015-09-02,5236.615337086855,-0.13937864595213567,0.018820095560356576
169,60,45,4477.870910938556,2015-09-03,5236.615337086855,-0.14489214450691168,-0.006406416165301687
170,60,45,4446.889890903854,2015-09-04,5236.615337086855,-0.15080837436922134,-0.006918694319441254
171,60,45,4583.022582833289,2015-09-08,5236.615337086855,-0.12481206126115085,0.030613011625922004
172,60,45,4538.342858105776,2015-09-09,5236.615337086855,-0.13334423745730584,-0.009748964557772521
173,60,45,4481.655169695056,2015-09-10,5236.615337086855,-0.14416949093911968,-0.012490834250099003
174,60,45,4516.570494076102,2015-09-11,5236.615337086855,-0.13750195434658685,0.007790720851783117
175,60,45,4510.131722450856,2015-09-14,5236.615337086855,-0.13873152176958337,-0.0014255886482212876
176,60,45,4542.700826400334,2015-09-15,5236.615337086855,-0.13251202657030514,0.007221319897898759
177,60,45,4551.899735204935,2015-09-16,5236.615337086855,-0.13075537495233125,0.0020249867107997588
178,60,45,4564.202172881203,2015-09-17,5236.615337086855,-0.12840606401686117,0.0027027040119360635
179,60,45,4520.708450657328,2015-09-18,5236.615337086855,-0.1367117575658685,-0.009529315437054597
180,60,45,4565.502742943327,2015-09-21,5236.615337086855,-0.12815770320011144,0.009908688599346682
181,60,45,4519.055545647854,2015-09-22,5236.615337086855,-0.13702740133633373,-0.01017351207756112
182,60,45,4547.64845760482,2015-09-23,5236.615337086855,-0.13156721185965703,0.006327187543534896
183,60,45,4522.952499734091,2015-09-24,5236.615337086855,-0.13628322712543872,-0.005430489647771819
184,60,45,4513.267103498188,2015-09-25,5236.615337086855,-0.138132779863695,-0.002141388006279721
185,60,45,4398.230189236552,2015-09-28,5236.615337086855,-0.16010057907302755,-0.025488612046132064
186,60,45,4407.6686604259685,2015-09-29,5236.615337086855,-0.15829817989305128,0.00214597026151897
187,60,45,4450.701536560739,2015-09-30,5236.615337086855,-0.1500804909155924,0.009763183090675476
188,60,45,4441.876761569156,2015-10-01,5236.615337086855,-0.15176569680212848,-0.001982782920645576
189,60,45,4488.694549447069,2015-10-02,5236.615337086855,-0.1428252295605612,0.010540091585380829
190,60,45,4603.0106053622,2015-10-05,5236.615337086855,-0.12099508765467792,0.025467550677782835
191,60,45,4600.993953177419,2015-10-06,5236.615337086855,-0.12138019369263697,-0.0004381159110152799
192,60,45,4614.943992556036,2015-10-07,5236.615337086855,-0.11871625172236855,0.003031962119616205
193,60,45,4656.35312560362,2015-10-08,5236.615337086855,-0.11080863766595395,0.008972835448139316
194,60,45,4669.432794147829,2015-10-09,5236.615337086855,-0.10831090435879753,0.002808994118656427
195,60,45,4649.674628561658,2015-10-12,5236.615337086855,-0.11208398378402062,-0.004231384507971336
196,60,45,4601.267648739088,2015-10-13,5236.615337086855,-0.12132792795531411,-0.010410831658030362
197,60,45,4579.053375722069,2015-10-14,5236.615337086855,-0.12557003312956527,-0.004827859345045149
198,60,45,4654.586257774817,2015-10-15,5236.615337086855,-0.11114604412319185,0.016495305001950733
199,60,45,4648.329411685127,2015-10-16,5236.615337086855,-0.1123408704923119,-0.0013442324931112193
200,60,45,4633.199642203801,2015-10-19,5236.615337086855,-0.11523009731295941,-0.003254883236823103
201,60,45,4654.301647410152,2015-10-20,5236.615337086855,-0.11120039418450878,0.0045545210299451355
202,60,45,4567.083543392036,2015-10-21,5236.615337086855,-0.127855828735987,-0.01873924610508404
203,60,45,4649.613708077938,2015-10-22,5236.615337086855,-0.1120956173449753,0.018070649223247193
204,60,45,4522.365537289747,2015-10-23,5236.615337086855,-0.13639531525996085,-0.02736747153147756
205,60,45,4502.034378957819,2015-10-26,5236.615337086855,-0.14027781512355375,-0.004495691063511997
206,60,45,4515.600133010343,2015-10-27,5236.615337086855,-0.1376872574485517,0.003013249769021842
207,60,45,4576.888228332381,2015-10-28,5236.615337086855,-0.12598349626373018,0.013572524917342621
208,60,45,4622.143945949872,2015-10-29,5236.615337086855,-0.1173413267125355,0.0098878791352921
209,60,45,4609.707694219583,2015-10-30,5236.615337086855,-0.11971619118696297,-0.002690580794478925
210,60,45,4672.1286706063065,2015-11-02,5236.615337086855,-0.10779609158662673,0.013541200554863408
211,60,45,4747.48732552294,2015-11-03,5236.615337086855,-0.09340537352434564,0.016129404866509045
212,60,45,4751.137513005688,2015-11-04,5236.615337086855,-0.09270832261497375,0.0007688672412295983
213,60,45,4788.17578159437,2015-11-05,5236.615337086855,-0.08563538213634636,0.007795663351627846
214,60,45,4791.898982683773,2015-11-06,5236.615337086855,-0.0849243883264641,0.000777582373586938
215,60,45,4733.586810318888,2015-11-09,5236.615337086855,-0.09605985820753515,-0.01216890685208627
216,60,45,4742.077814391177,2015-11-10,5236.615337086855,-0.09443839023142597,0.0017937780403178838
217,60,45,4747.057675267387,2015-11-11,5236.615337086855,-0.09348742084458905,0.001050143222259603
218,60,45,4663.37414845166,2015-11-12,5236.615337086855,-0.10946788177763889,-0.017628504336849593
219,60,45,4742.67254056459,2015-11-13,5236.615337086855,-0.09432481951157534,0.017004509951074498
220,60,45,4769.651571223681,2015-11-16,5236.615337086855,-0.08917282171864616,0.00568857124929778
221,60,45,4794.848199499284,2015-11-17,5236.615337086855,-0.0843611969087894,0.005282697886701104
222,60,45,4837.703449912042,2015-11-18,5236.615337086855,-0.07617742787972837,0.008937770004320944
223,60,45,4862.031121036524,2015-11-19,5236.615337086855,-0.07153174177172106,0.005028764449157119
224,60,45,4864.262856777724,2015-11-20,5236.615337086855,-0.07110556272332047,0.0004590130514678936
225,60,45,4870.317739712225,2015-11-23,5236.615337086855,-0.0699493038528971,0.0012447688607257756
226,60,45,4873.934100197709,2015-11-24,5236.615337086855,-0.06925871264985961,0.0007425307092381317
227,60,45,4884.645757918724,2015-11-25,5236.615337086855,-0.06721318189545178,0.0021977436503666237
228,60,45,4882.979192252552,2015-11-27,5236.615337086855,-0.0675314343464899,-0.0003411845502757638
229,60,45,4801.988713297488,2015-11-30,5236.615337086855,-0.08299762266501531,-0.016586283857929374
230,60,45,4834.40320604536,2015-12-01,5236.615337086855,-0.07680765249128396,0.006750222602171174
231,60,45,4801.915210057339,2015-12-02,5236.615337086855,-0.08301165906742747,-0.006720166813433126
232,60,45,4788.590234594207,2015-12-03,5236.615337086855,-0.08555623693030046,-0.002774929352193478
233,60,45,4853.545074039254,2015-12-04,5236.615337086855,-0.07315226312970013,0.013564501505222593
234,60,45,4861.767026563573,2015-12-07,5236.615337086855,-0.07158217405592582,0.0016940097184421354
235,60,45,4812.661162936395,2015-12-08,5236.615337086855,-0.08095957920527863,-0.01010041479957291
236,60,45,4693.120714849634,2015-12-09,5236.615337086855,-0.1037873869382907,-0.024838741818637544
237,60,45,4682.08202829176,2015-12-10,5236.615337086855,-0.10589536811454692,-0.002352099429905108
238,60,45,4620.01560477641,2015-12-11,5236.615337086855,-0.11774776121964714,-0.013256158935343265
239,60,45,4626.12078556722,2015-12-14,5236.615337086855,-0.11658189731752477,0.0013214632401885584
240,60,45,4456.583483924734,2015-12-15,5236.615337086855,-0.14895725634796297,-0.036647832925464585
241,60,45,4819.424951720054,2015-12-16,5236.615337086855,-0.07966794551667133,0.08141695743030963
242,60,45,4809.78305887112,2015-12-17,5236.615337086855,-0.08150919071576923,-0.0020006313918203844
243,60,45,4733.07354119043,2015-12-18,5236.615337086855,-0.09615787364220396,-0.0159486439911688
244,60,45,4757.055388016574,2015-12-21,5236.615337086855,-0.09157822719456443,0.005066865455911174
245,60,45,4803.648781196323,2015-12-22,5236.615337086855,-0.08268061104740076,0.009794587066848548
246,60,45,4868.482826658534,2015-12-23,5236.615337086855,-0.07029970443334388,0.013496833014936538
247,60,45,4849.117891647205,2015-12-24,5236.615337086855,-0.07399769135137879,-0.003977611855851881
248,60,45,4855.317085576039,2015-12-28,5236.615337086855,-0.07281387441433373,0.0012784168311337218
249,60,45,4910.7115990752,2015-12-29,5236.615337086855,-0.06223556954881404,0.011409041371103212
250,60,45,4870.7537091235945,2015-12-30,5236.615337086855,-0.06986604980742972,-0.008136883859995003
251,60,45,4788.591434126668,2015-12-31,5236.615337086855,-0.08555600786393147,-0.01686849303076554
252,60,45,4725.618300890491,2016-01-04,5236.615337086855,-0.09758154901647476,-0.01315065904085888
253,60,45,4695.088598379157,2016-01-05,5236.615337086855,-0.10341159391114474,-0.0064604673013013425
254,60,45,4667.991548176351,2016-01-06,5236.615337086855,-0.10858612907527998,-0.005771360781596346
255,60,45,4646.020874946914,2016-01-07,5236.615337086855,-0.11278171569281059,-0.004706665169096236
256,60,45,4621.557643662537,2016-01-08,5236.615337086855,-0.11745328878146633,-0.005265415705790644
257,60,45,4610.985705000419,2016-01-11,5236.615337086855,-0.11947213835921644,-0.0022875271666501495
258,60,45,4591.492283498921,2016-01-12,5236.615337086855,-0.12319466144840374,-0.004227603976381555
259,60,45,4550.818479625877,2016-01-13,5236.615337086855,-0.13096185480801203,-0.008858515132262879
260,60,45,4592.630538105056,2016-01-14,5236.615337086855,-0.12297729688506198,0.009187810646891892
261,60,45,4571.309665487731,2016-01-15,5236.615337086855,-0.12704879560033444,-0.004642409712783513
262,60,45,4576.684629375475,2016-01-19,5236.615337086855,-0.1260223761401007,0.0011758039338976012
263,60,45,4580.003275070887,2016-01-20,5236.615337086855,-0.12538863745933326,0.000725120029925419
264,60,45,4566.651223993181,2016-01-21,5236.615337086855,-0.12793838576395744,-0.0029152929104618863
265,60,45,4638.232672348833,2016-01-22,5236.615337086855,-0.11426897456075202,0.015674822719011994
266,60,45,4587.500913097015,2016-01-25,5236.615337086855,-0.12395686568625164,-0.010937734873513238
267,60,45,4633.101703564829,2016-01-26,5236.615337086855,-0.11524879997348869,0.009940224826468613
268,60,45,4575.801492716229,2016-01-27,5236.615337086855,-0.12619102260397042,-0.012367570261734517
269,60,45,4585.6741872389375,2016-01-28,5236.615337086855,-0.12430570281490982,0.0021575880287689753
270,60,45,4661.3183666901605,2016-01-29,5236.615337086855,-0.10986046011864103,0.016495759699135748
271,60,45,4644.066854138833,2016-02-01,5236.615337086855,-0.11315486145248521,-0.003700994266902402
272,60,45,4600.862871241535,2016-02-02,5236.615337086855,-0.12140522549800103,-0.009303049300161237
273,60,45,4627.817224555271,2016-02-03,5236.615337086855,-0.11625794016603475,0.0058585430750868195
274,60,45,4595.386323293582,2016-02-04,5236.615337086855,-0.12245104375949656,-0.007007818089619144
275,60,45,4528.370262017682,2016-02-05,5236.615337086855,-0.13524863475329696,-0.014583335667820108
276,60,45,4468.6599296211325,2016-02-08,5236.615337086855,-0.14665110152867145,-0.013185832637710226
277,60,45,4412.00249310763,2016-02-09,5236.615337086855,-0.15747057801613518,-0.012678842741633
278,60,45,4417.841138741633,2016-02-10,5236.615337086855,-0.15635561247863372,0.0013233550169393649
279,60,45,4350.92432675246,2016-02-11,5236.615337086855,-0.16913425052662123,-0.015146948450082354
280,60,45,4431.478294857272,2016-02-12,5236.615337086855,-0.1537514196483798,0.018514219521013286
281,60,45,4518.523630375701,2016-02-16,5236.615337086855,-0.13712897749534347,0.019642505215346606
282,60,45,4639.880966729999,2016-02-17,5236.615337086855,-0.1139542112498989,0.02685774077587544
283,60,45,4612.186309875507,2016-02-18,5236.615337086855,-0.11924286719878119,-0.00596882916891095
284,60,45,4619.11549796433,2016-02-19,5236.615337086855,-0.11791964835554303,0.0015023651741878918
285,60,45,4668.280101456706,2016-02-22,5236.615337086855,-0.10853102606278431,0.010643726816106591
286,60,45,4687.675677800404,2016-02-23,5236.615337086855,-0.10482718778267719,0.004154758481104359
287,60,45,4753.364199171278,2016-02-24,5236.615337086855,-0.09228310784889748,0.014013026046566734
288,60,45,4819.8474445122,2016-02-25,5236.615337086855,-0.07958726500742064,0.013986566683132029
289,60,45,4912.513726731775,2016-02-26,5236.615337086855,-0.061891429767567896,0.019225978267233934
290,60,45,4887.60650611945,2016-02-29,5236.615337086855,-0.0666477884093658,-0.005070157967557498
291,60,45,4974.794942096863,2016-03-01,5236.615337086855,-0.04999801935722148,0.017838677452501672
292,60,45,5040.425997670196,2016-03-02,5236.615337086855,-0.03746491326701107,0.013192715747529782
293,60,45,5629.113282449067,2016-03-03,5629.113282449067,0.0,0.11679316094532011
294,60,45,5444.108755892628,2016-03-04,5629.113282449067,-0.03286566058872209,-0.03286566058872209
295,60,45,5369.869176541369,2016-03-07,5629.113282449067,-0.04605416393306416,-0.013636681903333336
296,60,45,5241.015449058546,2016-03-08,5629.113282449067,-0.06894475451410176,-0.023995692119601064
297,60,45,5340.798003480607,2016-03-09,5629.113282449067,-0.05121859598516065,0.019038782730546044
298,60,45,5253.171215568375,2016-03-10,5629.113282449067,-0.06678530845219188,-0.016407058992892964
299,60,45,5299.813636201703,2016-03-11,5629.113282449067,-0.05849938164756474,0.008878907372197764
300,60,45,5329.945125585959,2016-03-14,5629.113282449067,-0.05314658665617544,0.005685386591414376
301,60,45,5308.607683507442,2016-03-15,5629.113282449067,-0.056937137850987085,-0.004003313650658202
302,60,45,5449.428928852631,2016-03-16,5629.113282449067,-0.03192054317980619,0.026526964081879045
303,60,45,5466.740614789001,2016-03-17,5629.113282449067,-0.02884515899978879,0.0031767890108100882
304,60,45,5511.736273761066,2016-03-18,5629.113282449067,-0.020851775901183145,0.008230801887753714
305,60,45,5475.067843529313,2016-03-21,5629.113282449067,-0.027365844528311367,-0.006652791137035097
306,60,45,5453.719194950891,2016-03-22,5629.113282449067,-0.031158386533991944,-0.0038992482264220696
307,60,45,5381.0873127111545,2016-03-23,5629.113282449067,-0.04406128590647285,-0.013317862479421239
308,60,45,5316.796149829684,2016-03-24,5629.113282449067,-0.05548247422789532,-0.011947615629577801
309,60,45,5330.041656664546,2016-03-28,5629.113282449067,-0.05312943811541182,0.0024912572273976252
310,60,45,5378.915076750773,2016-03-29,5629.113282449067,-0.04444717900390882,0.009169425538188003
311,60,45,5392.826526223214,2016-03-30,5629.113282449067,-0.04197583959849727,0.0025862928255868667
312,60,45,5390.371843811272,2016-03-31,5629.113282449067,-0.0424119087072139,-0.00045517548172679945
313,60,45,5421.770997067213,2016-04-01,5629.113282449067,-0.036833915925679306,0.005825044016581238
314,60,45,5432.139178872816,2016-04-04,5629.113282449067,-0.03499203048380528,0.0019123238165557055
315,60,45,5406.108977645422,2016-04-05,5629.113282449067,-0.03961624035866307,-0.004791887757337521
316,60,45,5470.489553902901,2016-04-06,5629.113282449067,-0.0281791679411989,0.011908856540572277
317,60,45,5440.449161813937,2016-04-07,5629.113282449067,-0.03351577969186781,-0.005491353523841669
318,60,45,5450.757151974617,2016-04-08,5629.113282449067,-0.03168458716767064,0.0018946946941496012
319,60,45,5459.690678535116,2016-04-11,5629.113282449067,-0.030097565178194507,0.0016389514908514702
320,60,45,5476.183417853064,2016-04-12,5629.113282449067,-0.027167665122821427,0.0030208193630438807
321,60,45,5511.10571642502,2016-04-13,5629.113282449067,-0.020963793070567838,0.006377123610963098
322,60,45,5511.10571642502,2016-04-14,5629.113282449067,-0.020963793070567838,0.0
323,60,45,5511.10571642502,2016-04-15,5629.113282449067,-0.020963793070567838,0.0
324,60,45,5505.9235395654,2016-04-18,5629.113282449067,-0.021884395765805364,-0.0009403152699785089
325,60,45,5508.204762038034,2016-04-19,5629.113282449067,-0.021479141446311356,0.0004143214950664831
326,60,45,5624.977232959922,2016-04-20,5629.113282449067,-0.0007347603932649216,0.021199733119340758
327,60,45,5479.613674568233,2016-04-21,5629.113282449067,-0.02655828731444365,-0.02584251497764667
328,60,45,5493.61135175401,2016-04-22,5629.113282449067,-0.02407162973918764,0.002554500739849974
329,60,45,5481.428470578447,2016-04-25,5629.113282449067,-0.02623589266378501,-0.0022176452601936347
330,60,45,5492.164556933224,2016-04-26,5629.113282449067,-0.02432864976138127,0.0019586292902302738
331,60,45,5481.572703004161,2016-04-27,5629.113282449067,-0.026210270080177733,-0.0019285390703911443
332,60,45,5486.580493529456,2016-04-28,5629.113282449067,-0.025320646746266662,0.0009135682032550552
333,60,45,5479.353017141513,2016-04-29,5629.113282449067,-0.026604592551812578,-0.001317300711520919
334,60,45,5461.235474976595,2016-05-02,5629.113282449067,-0.02982313537656034,-0.003306511208210128
335,60,45,5475.603255199947,2016-05-03,5629.113282449067,-0.027270729783986924,0.0026308662736089783
336,60,45,5462.652611316416,2016-05-04,5629.113282449067,-0.029571384120418376,-0.0023651538067941402
337,60,45,5457.581868693603,2016-05-05,5629.113282449067,-0.030472190760537643,-0.0009282564687179695
338,60,45,5400.69096262304,2016-05-06,5629.113282449067,-0.04057873920182453,-0.010424196546992115
339,60,45,5464.508621927985,2016-05-09,5629.113282449067,-0.029241667783503456,0.011816573054561408
340,60,45,5481.485602981539,2016-05-10,5629.113282449067,-0.026225743213911468,0.0031067717571950926
341,60,45,5483.159206637741,2016-05-11,5629.113282449067,-0.0259284310845892,0.00030531935636046725
342,60,45,5499.469659783759,2016-05-12,5629.113282449067,-0.023030913779888196,0.0029746451874448354
343,60,45,5467.013255790655,2016-05-13,5629.113282449067,-0.028796724905824966,-0.005901733439944046
344,60,45,5511.165163249409,2016-05-16,5629.113282449067,-0.02095323246867442,0.008076056411969956
345,60,45,5427.604019633831,2016-05-17,5629.113282449067,-0.03579769187511628,-0.015162155576972314
346,60,45,5400.997533704744,2016-05-18,5629.113282449067,-0.04052427750131837,-0.004902068358863532
347,60,45,5407.151040432285,2016-05-19,5629.113282449067,-0.03943112012132255,0.0011393278166007548
348,60,45,5408.030380993035,2016-05-20,5629.113282449067,-0.039274907141297666,0.00016262548506107422
349,60,45,5383.1114059360925,2016-05-23,5629.113282449067,-0.04370171005084944,-0.004607772756699324
350,60,45,5441.253332073646,2016-05-24,5629.113282449067,-0.03337292055591545,0.010800803058513386
351,60,45,5496.908957133814,2016-05-25,5629.113282449067,-0.02348581715835274,0.010228456876305358
352,60,45,5522.0972420955695,2016-05-26,5629.113282449067,-0.019011171917104774,0.004582263442632906
353,60,45,5524.474648127201,2016-05-27,5629.113282449067,-0.018588830792962918,0.00043052592654624355
354,60,45,5535.256596858122,2016-05-31,5629.113282449067,-0.016673440536998818,0.0019516695102539394
355,60,45,5521.9612360737965,2016-06-01,5629.113282449067,-0.019035333097551677,-0.0024019411840585647
356,60,45,5573.449584229369,2016-06-02,5629.113282449067,-0.009888537577179446,0.009324286418240346
357,60,45,5568.232261005627,2016-06-03,5629.113282449067,-0.010815383949237534,-0.0009361030623664668
358,60,45,5585.146346610086,2016-06-06,5629.113282449067,-0.00781063262238213,0.0030376041823736433
359,60,45,5571.296453323178,2016-06-07,5629.113282449067,-0.010271036702379943,-0.0024797726733363223
360,60,45,5569.323254527426,2016-06-08,5629.113282449067,-0.010621571270924557,-0.00035417228508372034
361,60,45,5456.731507936943,2016-06-09,5629.113282449067,-0.030623255540013883,-0.020216414355003542
362,60,45,5368.530684834883,2016-06-10,5629.113282449067,-0.04629194413739213,-0.01616367288252496
363,60,45,5270.026503465815,2016-06-13,5629.113282449067,-0.06379100241290991,-0.01834844339202979
364,60,45,5281.403674375428,2016-06-14,5629.113282449067,-0.06176987220309782,0.002158845102985918
365,60,45,5309.848384767112,2016-06-15,5629.113282449067,-0.056716729911509556,0.0053858239486017645
366,60,45,5273.991103431456,2016-06-16,5629.113282449067,-0.06308669966277658,-0.006752976495246643
367,60,45,5364.816230883913,2016-06-17,5629.113282449067,-0.0469518089801465,0.01722132739157689
368,60,45,5404.826946258055,2016-06-20,5629.113282449067,-0.039843990507405724,0.007457984328300027
369,60,45,5377.536380771278,2016-06-21,5629.113282449067,-0.04469210141181146,-0.005049294965062789
370,60,45,5345.226897552143,2016-06-22,5629.113282449067,-0.05043181237479255,-0.006008231452355406
371,60,45,5499.279283637335,2016-06-23,5629.113282449067,-0.02306473369731954,0.028820551313872178
372,60,45,5107.314626604702,2016-06-24,5629.113282449067,-0.09269642120567612,-0.07127564119154517
373,60,45,5024.020758184168,2016-06-27,5629.113282449067,-0.10749339974228422,-0.016308740406679734
374,60,45,5018.365162534687,2016-06-28,5629.113282449067,-0.10849810427845219,-0.0011257110433445794
375,60,45,4998.735811359753,2016-06-29,5629.113282449067,-0.11198521675780782,-0.0039115031567411584
376,60,45,5098.14567390757,2016-06-30,5629.113282449067,-0.09432526614751091,0.01988700069363647
377,60,45,5059.149537087863,2016-07-01,5629.113282449067,-0.1012528468983358,-0.0076490824927366585
378,60,45,5056.421118893148,2016-07-05,5629.113282449067,-0.10173754458655293,-0.0005393037257969135
379,60,45,5048.562579369864,2016-07-06,5629.113282449067,-0.10313359741565231,-0.0015541702992104556
380,60,45,5059.733460082369,2016-07-07,5629.113282449067,-0.10114911422052197,0.002212685400425185
381,60,45,5096.824774532713,2016-07-08,5629.113282449067,-0.09455992111154865,0.007330685448742935
382,60,45,5143.133363343608,2016-07-11,5629.113282449067,-0.08633329882002716,0.009085772193363484
383,60,45,5134.6505369837,2016-07-12,5629.113282449067,-0.08784025487762803,-0.0016493498730496547
384,60,45,5081.077259477324,2016-07-13,5629.113282449067,-0.0973574336619688,-0.010433675499530004
385,60,45,5061.785216624046,2016-07-14,5629.113282449067,-0.10078462403552702,-0.003796841076819657
386,60,45,5025.505713495292,2016-07-15,5629.113282449067,-0.1072296005901594,-0.0071673335742504785
387,60,45,5064.988264681575,2016-07-18,5629.113282449067,-0.10021560936184559,0.007856433449126898
388,60,45,5038.741702989881,2016-07-19,5629.113282449067,-0.10487825521292982,-0.005181959033293881
389,60,45,5063.553696535643,2016-07-20,5629.113282449067,-0.10047045734126081,0.004924243989534061
390,60,45,5030.214536257461,2016-07-21,5629.113282449067,-0.10639308824338356,-0.00658414273378638
391,60,45,5052.562805296079,2016-07-22,5629.113282449067,-0.10242296578940879,0.004442806341068195
392,60,45,5063.896012992014,2016-07-25,5629.113282449067,-0.10040964555098508,0.0022430612211401524
393,60,45,5052.740373791276,2016-07-26,5629.113282449067,-0.1023914211239727,-0.0022029755690315955
394,60,45,5030.462662673584,2016-07-27,5629.113282449067,-0.1063490091133904,-0.00440903538864712
395,60,45,5088.487863550176,2016-07-28,5629.113282449067,-0.09604095561276038,0.011534764248851914
396,60,45,5122.774573101917,2016-07-29,5629.113282449067,-0.08994999459788033,0.006738094001823791
397,60,45,5121.966616504413,2016-08-01,5629.113282449067,-0.0900935263686875,-0.00015771855387636258
398,60,45,5077.290897320948,2016-08-02,5629.113282449067,-0.09803007284444576,-0.008722376096616302
399,60,45,5143.975398532173,2016-08-03,5629.113282449067,-0.08618371306001216,0.013133874453876926
400,60,45,5025.6060474676,2016-08-04,5629.113282449067,-0.10721177647341618,-0.023011259170942044
401,60,45,5072.108300062599,2016-08-05,5629.113282449067,-0.09895075022262323,0.00925306364163414
402,60,45,5044.645905767608,2016-08-08,5629.113282449067,-0.10382938614928239,-0.0054143943051553345
403,60,45,4978.797866171316,2016-08-09,5629.113282449067,-0.11552715030720029,-0.013053054828091604
404,60,45,4981.68886666155,2016-08-10,5629.113282449067,-0.11501357022004033,0.0005806623542354838
405,60,45,5019.591145576491,2016-08-11,5629.113282449067,-0.10828031099906921,0.007608319172357492
406,60,45,5002.683099570071,2016-08-12,5629.113282449067,-0.11128398940418083,-0.003368410995250093
407,60,45,5007.924706580916,2016-08-15,5629.113282449067,-0.11035282906900201,0.0010477591537418895
408,60,45,5005.035385675204,2016-08-16,5629.113282449067,-0.11086611078154462,-0.0005769497496467269
409,60,45,5021.558978583032,2016-08-17,5629.113282449067,-0.10793072965156347,0.003301393823332166
410,60,45,5001.527458623828,2016-08-18,5629.113282449067,-0.11148928655992407,-0.003989103791200654
411,60,45,4989.36488707439,2016-08-19,5629.113282449067,-0.1136499415226443,-0.0024317714238412114
412,60,45,4991.141696412783,2016-08-22,5629.113282449067,-0.11333429512342674,0.0003561193415611008
413,60,45,5033.379857631689,2016-08-23,5629.113282449067,-0.10583077563473564,0.008462625144315838
414,60,45,5009.222787205946,2016-08-24,5629.113282449067,-0.11012222780732961,-0.0047993736036267
415,60,45,5026.7855704326,2016-08-25,5629.113282449067,-0.10700223672784415,0.003506089461924544
416,60,45,5037.92687119971,2016-08-26,5629.113282449067,-0.10502300834708878,0.002216386716919594
417,60,45,5046.744139307682,2016-08-29,5629.113282449067,-0.1034566394243912,0.0017501778674831048
418,60,45,5042.417692158478,2016-08-30,5629.113282449067,-0.10422522355693908,-0.0008572749142377045
419,60,45,5043.860396266576,2016-08-31,5629.113282449067,-0.10396893024115239,0.00028611356618513106
420,60,45,5069.063456895599,2016-09-01,5629.113282449067,-0.0994916601340462,0.004996779975845245
421,60,45,5035.766265443498,2016-09-02,5629.113282449067,-0.10540683536349449,-0.006568706771032051
422,60,45,5011.963629246648,2016-09-06,5629.113282449067,-0.10963532304930168,-0.004726715844654783
423,60,45,5010.0580423592255,2016-09-07,5629.113282449067,-0.10997384650616027,-0.0003802076448247149
424,60,45,4991.288275588908,2016-09-08,5629.113282449067,-0.11330825564460123,-0.0037464170298272537
425,60,45,4895.991325179251,2016-09-09,5629.113282449067,-0.1302375561628163,-0.019092656073528946
426,60,45,4913.187393991268,2016-09-12,5629.113282449067,-0.1271827111189916,0.0035122751798151164
427,60,45,4902.614960855588,2016-09-13,5629.113282449067,-0.12906088137515692,-0.002151848136020651
428,60,45,4907.582711908348,2016-09-14,5629.113282449067,-0.12817837096836704,0.0010132859897062918
429,60,45,4925.925237138249,2016-09-15,5629.113282449067,-0.12491986038072422,0.0037375886065849073
430,60,45,4921.721725576058,2016-09-16,5629.113282449067,-0.12566660526775597,-0.0008533445717973098
431,60,45,4925.797831495811,2016-09-19,5629.113282449067,-0.12494249372207755,0.0008281869937041275
432,60,45,4927.646744026944,2016-09-20,5629.113282449067,-0.12461403834405238,0.0003753529061447658
433,60,45,4955.948521355014,2016-09-21,5629.113282449067,-0.11958628780715852,0.005743467175762129
434,60,45,4970.612590502982,2016-09-22,5629.113282449067,-0.11698124711741276,0.002958882459085377
435,60,45,4969.726167604069,2016-09-23,5629.113282449067,-0.11713871825974653,-0.00017833272715861437
436,60,45,4969.669340862142,2016-09-26,5629.113282449067,-0.11714881340956407,-1.1434582109837166e-05
437,60,45,4923.570977974564,2016-09-27,5629.113282449067,-0.12533808951301506,-0.009275941662465037
438,60,45,4955.474425482954,2016-09-28,5629.113282449067,-0.11967050993030148,0.006479737501725591
439,60,45,4885.754771686885,2016-09-29,5629.113282449067,-0.13205605811485244,-0.014069218768952507
440,60,45,4850.619466557952,2016-09-30,5629.113282449067,-0.13829777032883128,-0.007191377130211896
441,60,45,4810.71208235223,2016-10-03,5629.113282449067,-0.14538723223931527,-0.008227275811029777
442,60,45,4764.365783721327,2016-10-04,5629.113282449067,-0.15362055360014237,-0.009633978886602113
443,60,45,4767.4478123565705,2016-10-05,5629.113282449067,-0.1530730377693892,0.0006468916903430433
444,60,45,4754.177545390489,2016-10-06,5629.113282449067,-0.1554304724665122,-0.002783515937329506
445,60,45,4739.48564450533,2016-10-07,5629.113282449067,-0.15804045740516437,-0.0030903138860272072
446,60,45,4736.636094223076,2016-10-10,5629.113282449067,-0.15854667395105249,-0.0006012361880571859
447,60,45,4713.8737144441175,2016-10-11,5629.113282449067,-0.16259036229712454,-0.004805600288086298
448,60,45,4720.130520581161,2016-10-12,5629.113282449067,-0.16147885399677608,0.0013273173012404715
449,60,45,4683.290436190958,2016-10-13,5629.113282449067,-0.16802341661999887,-0.007804886799119171
450,60,45,4674.395272046362,2016-10-14,5629.113282449067,-0.16960362360789694,-0.0018993407019681774
451,60,45,4646.704507882673,2016-10-17,5629.113282449067,-0.17452282895592675,-0.005923924390665913
452,60,45,4643.883461936626,2016-10-18,5629.113282449067,-0.17502398176712397,-0.0006071068089785747
453,60,45,4650.843812333267,2016-10-19,5629.113282449067,-0.17378749032568452,0.0014988210737179042
454,60,45,4666.179401469938,2016-10-20,5629.113282449067,-0.1710631555384481,0.0032973777997022946
455,60,45,4716.721013381703,2016-10-21,5629.113282449067,-0.1620845456978275,0.01083147636712023
456,60,45,4745.362368291504,2016-10-24,5629.113282449067,-0.15699646992591132,0.006072302098967253
457,60,45,4744.53899568228,2016-10-25,5629.113282449067,-0.15714274031840658,-0.0001735110082901059
458,60,45,4751.739155555702,2016-10-26,5629.113282449067,-0.15586364723355572,0.0015175678564292028
459,60,45,4748.171946090504,2016-10-27,5629.113282449067,-0.15649735440664114,-0.0007507166004739885
460,60,45,4759.6595958466605,2016-10-28,5629.113282449067,-0.15445659786475852,0.0024193836884141007
461,60,45,4756.381701840977,2016-10-31,5629.113282449067,-0.1550389087619123,-0.0006886824445478945
462,60,45,4723.636734258244,2016-11-01,5629.113282449067,-0.160855982595695,-0.006884428045389801
463,60,45,4760.00588778576,2016-11-02,5629.113282449067,-0.15439507983843292,0.007699396793946489
464,60,45,4765.401096893202,2016-11-03,5629.113282449067,-0.15343663241754635,0.0011334458894862731
465,60,45,4754.289116211847,2016-11-04,5629.113282449067,-0.155410652147439,-0.002331803861924553
466,60,45,4815.903490692397,2016-11-07,5629.113282449067,-0.14446498959119636,0.012959744974374576
467,60,45,4832.155409112173,2016-11-08,5629.113282449067,-0.1415778708560933,0.003374635403551096
468,60,45,4869.736364412291,2016-11-09,5629.113282449067,-0.13490169409175456,0.007777265447475035
469,60,45,4775.3010790846165,2016-11-10,5629.113282449067,-0.15167792164114724,-0.01939227881365424
470,60,45,4737.552714984092,2016-11-11,5629.113282449067,-0.15838383822275515,-0.007904918135080319
471,60,45,4777.459213795059,2016-11-14,5629.113282449067,-0.15129453360076583,0.008423441639973772
472,60,45,4812.229058607968,2016-11-15,5629.113282449067,-0.145117744634497,0.007277894641676719
473,60,45,4822.822258416895,2016-11-16,5629.113282449067,-0.1432358852230058,0.0022013083084602147
474,60,45,4855.814148908516,2016-11-17,5629.113282449067,-0.13737494605973022,0.006840785068129351
475,60,45,4857.893868688124,2016-11-18,5629.113282449067,-0.13700548826500214,0.0004282947649625335
476,60,45,4832.729375884181,2016-11-21,5629.113282449067,-0.14147590688002687,-0.005180124038143941
477,60,45,4877.348718102259,2016-11-22,5629.113282449067,-0.13354937565224057,0.009232741738185002
478,60,45,4901.252570106609,2016-11-23,5629.113282449067,-0.1293029071935441,0.004900993016068389
479,60,45,4890.066754025017,2016-11-25,5629.113282449067,-0.13129004362522112,-0.00228223620831447
480,60,45,4846.261174904656,2016-11-28,5629.113282449067,-0.1390720115697892,-0.00895807385130365
481,60,45,4871.74616462911,2016-11-29,5629.113282449067,-0.1345446573586182,0.0052586909381653335
482,60,45,4949.157256754511,2016-11-30,5629.113282449067,-0.12079274151660468,0.015889804088611292
483,60,45,4890.76616366997,2016-12-01,5629.113282449067,-0.13116579498962622,-0.011798189076503762
484,60,45,4906.935201132177,2016-12-02,5629.113282449067,-0.1282933998803255,0.0033060336399468593
485,60,45,4915.860249271572,2016-12-05,5629.113282449067,-0.12670788406432265,0.0018188640716787496
486,60,45,4928.157060197285,2016-12-06,5629.113282449067,-0.12452338176197009,0.0025014565716214854
487,60,45,4962.723938372304,2016-12-07,5629.113282449067,-0.11838264938715826,0.007014159198415415
488,60,45,4935.700620940446,2016-12-08,5629.113282449067,-0.12318328424311553,-0.005445259048747486
489,60,45,4975.232813687831,2016-12-09,5629.113282449067,-0.11616047429707277,0.008009438939562852
490,60,45,4955.42239886844,2016-12-12,5629.113282449067,-0.11967975234769546,-0.003981806593028048
491,60,45,4979.746950562982,2016-12-13,5629.113282449067,-0.11535854748397667,0.00490867371873227
492,60,45,4927.085912349701,2016-12-14,5629.113282449067,-0.1247136688984759,-0.010575043016458396
493,60,45,4922.567977543331,2016-12-15,5629.113282449067,-0.1255162704059738,-0.0009169588041982868
494,60,45,4955.365278199807,2016-12-16,5629.113282449067,-0.11968989971296706,0.006662640476697623
495,60,45,4948.080237012119,2016-12-19,5629.113282449067,-0.12098407178273196,-0.0014701320243206695
496,60,45,4941.785047924644,2016-12-20,5629.113282449067,-0.12210239873257378,-0.0012722487886083211
497,60,45,4954.67992302052,2016-12-21,5629.113282449067,-0.11981165160263407,0.0026093557228459296
498,60,45,4928.028164196683,2016-12-22,5629.113282449067,-0.12454627986228084,-0.00537910808325015
499,60,45,4942.61609049043,2016-12-23,5629.113282449067,-0.12195476578861131,0.002960195398178156
500,60,45,4963.536985819418,2016-12-27,5629.113282449067,-0.11823821323774741,0.00423275750047436
501,60,45,4931.579775229528,2016-12-28,5629.113282449067,-0.12391534371752089,-0.0064383947739665714
502,60,45,4949.724317894564,2016-12-29,5629.113282449067,-0.12069200431136473,0.0036792556324796166
503,60,45,4929.882223413472,2016-12-30,5629.113282449067,-0.12421691018649728,-0.004008727195039308
504,60,45,5007.789645028776,2017-01-03,5629.113282449067,-0.11037682246642766,0.01580309996967033
505,60,45,5014.404091358507,2017-01-04,5629.113282449067,-0.10920178014664461,0.0013208315042338992
506,60,45,5047.194675002519,2017-01-05,5629.113282449067,-0.1033766027166132,0.006539278256517234
507,60,45,5052.555373077543,2017-01-06,5629.113282449067,-0.10242428610722154,0.0010621143863489557
508,60,45,5036.042646336471,2017-01-09,5629.113282449067,-0.10535773688579375,-0.003268193126404806
509,60,45,5065.893415604588,2017-01-10,5629.113282449067,-0.10005481122587001,0.005927425831040667
510,60,45,5076.235747923818,2017-01-11,5629.113282449067,-0.09821751789026134,0.002041561373433698
511,60,45,5062.099441408098,2017-01-12,5629.113282449067,-0.10072880267108031,-0.002784801025346728
512,60,45,5031.373933935567,2017-01-13,5629.113282449067,-0.10618712371221639,-0.006069716296206118
513,60,45,5051.467774793295,2017-01-17,5629.113282449067,-0.10261749562880629,0.003993708502204374
514,60,45,5043.120840341088,2017-01-18,5629.113282449067,-0.10410031077808224,-0.0016523780462101012
515,60,45,5006.168851485257,2017-01-19,5629.113282449067,-0.1106647529915733,-0.007327206709036971
516,60,45,5002.46384252404,2017-01-20,5629.113282449067,-0.11132293995199005,-0.0007400886927969585
517,60,45,5047.644369564488,2017-01-23,5629.113282449067,-0.10329671543429975,0.009031654893012053
518,60,45,5090.898499467632,2017-01-24,5629.113282449067,-0.09561271127009063,0.00856917142656699
519,60,45,5223.307005724155,2017-01-25,5629.113282449067,-0.07209062180186887,0.026008867839413696
520,60,45,5219.343391217869,2017-01-26,5629.113282449067,-0.07279474948724407,-0.0007588323837641742
521,60,45,5228.48929170591,2017-01-27,5629.113282449067,-0.07116999972131621,0.0017523086339614746
522,60,45,5222.807898611431,2017-01-30,5629.113282449067,-0.07217928711871013,-0.0010866223066559044
523,60,45,5218.487060938923,2017-01-31,5629.113282449067,-0.07294687473965566,-0.0008273016653851384
524,60,45,5223.010294754657,2017-02-01,5629.113282449067,-0.07214333187441668,0.0008667711087357866
525,60,45,5229.130385195634,2017-02-02,5629.113282449067,-0.07105611082664376,0.0011717553854189156
526,60,45,5262.1841864251055,2017-02-03,5629.113282449067,-0.0651841733524895,0.006321089510992417
527,60,45,5235.862518558587,2017-02-06,5629.113282449067,-0.06986016165576037,-0.005002042295368714
528,60,45,5229.325246467458,2017-02-07,5629.113282449067,-0.07102149413622616,-0.0012485568648828993
529,60,45,5227.346558606199,2017-02-08,5629.113282449067,-0.07137300382558132,-0.00037838301654602446
530,60,45,5340.4076390263945,2017-02-09,5629.113282449067,-0.05128794340004206,0.021628770764022365
531,60,45,5457.031273279425,2017-02-10,5629.113282449067,-0.030570002864602874,0.021837964840131896
532,60,45,5458.565279409859,2017-02-13,5629.113282449067,-0.030297489938771904,0.0002811063476848563
533,60,45,5483.179983881551,2017-02-14,5629.113282449067,-0.025924740051424977,0.00450937255702355
534,60,45,5545.662741329335,2017-02-15,5629.113282449067,-0.014824811108335778,0.011395350441068652
535,60,45,5521.03885976326,2017-02-16,5629.113282449067,-0.01919919128697778,-0.004440205384753093
536,60,45,5507.514848431843,2017-02-17,5629.113282449067,-0.02160170313082055,-0.0024495410510471105
537,60,45,5563.943176189385,2017-02-21,5629.113282449067,-0.011577330742814307,0.010245696890605505
538,60,45,5563.573279504552,2017-02-22,5629.113282449067,-0.01164304210200584,-6.648103208806155e-05
539,60,45,5584.62656895603,2017-02-23,5629.113282449067,-0.007902970016919308,0.0037841308802446516
540,60,45,5624.314068183902,2017-02-24,5629.113282449067,-0.0008525702049962947,0.007106562764373381
541,60,45,5581.466562328209,2017-02-27,5629.113282449067,-0.00846433847217376,-0.007618263371541922
542,60,45,5532.261556515436,2017-02-28,5629.113282449067,-0.017205503082626472,-0.00881578439345665
543,60,45,5584.148152224834,2017-03-01,5629.113282449067,-0.00798795973149602,0.009378912254842886
544,60,45,5563.76808143987,2017-03-02,5629.113282449067,-0.011608435952592311,-0.0036496293130841018
545,60,45,5546.932834508543,2017-03-03,5629.113282449067,-0.014599181756876911,-0.0030258714390859476
546,60,45,5493.964543440097,2017-03-06,5629.113282449067,-0.024008885987487183,-0.009549113473831916
547,60,45,5449.950980623202,2017-03-07,5629.113282449067,-0.0318278017933078,-0.008011257165729035
548,60,45,5477.519010642987,2017-03-08,5629.113282449067,-0.02693039990485413,0.005058399629244592
549,60,45,5443.697189993514,2017-03-09,5629.113282449067,-0.03293877439518922,-0.006174660568727619
550,60,45,5474.058989742791,2017-03-10,5629.113282449067,-0.027545065257385648,0.005577422602617732
551,60,45,5478.17247351645,2017-03-13,5629.113282449067,-0.026814313615473595,0.0007514503919974214
552,60,45,5449.415561319682,2017-03-14,5629.113282449067,-0.031922917893598246,-0.005249362325810303
553,60,45,5520.812512008153,2017-03-15,5629.113282449067,-0.01923940148417036,0.013101762911100323
554,60,45,5550.834608665276,2017-03-16,5629.113282449067,-0.013906039878048726,0.005437985186387495
555,60,45,5524.945999158177,2017-03-17,5629.113282449067,-0.018505096284999523,-0.004663912966652806
556,60,45,5485.177231655192,2017-03-20,5629.113282449067,-0.02556993323311696,-0.007198037321820783
557,60,45,5426.343319783294,2017-03-21,5629.113282449067,-0.03602165252171896,-0.010725981930422512
558,60,45,5433.823335135056,2017-03-22,5629.113282449067,-0.0346928437064683,0.0013784633427988968
559,60,45,5429.820930003181,2017-03-23,5629.113282449067,-0.035403862463961544,-0.0007365725539870693
560,60,45,5383.682394791009,2017-03-24,5629.113282449067,-0.043600275095419305,-0.008497248032108717
561,60,45,5383.570964607379,2017-03-27,5629.113282449067,-0.043620070430499314,-2.069776325164252e-05
562,60,45,5423.421819370218,2017-03-28,5629.113282449067,-0.036540650855290346,0.007402308806705893
563,60,45,5434.012433714475,2017-03-29,5629.113282449067,-0.03465925074609777,0.0019527550496685198
564,60,45,5439.839617845935,2017-03-30,5629.113282449067,-0.0336240638811206,0.0010723538458075055
565,60,45,5409.566891555605,2017-03-31,5629.113282449067,-0.039001949308425266,-0.005565003459112483
566,60,45,5386.019506007276,2017-04-03,5629.113282449067,-0.04318509225950917,-0.00435291512617908
567,60,45,5400.097204195447,2017-04-04,5629.113282449067,-0.04068421912340359,0.0026137480884482756
568,60,45,5374.914584063987,2017-04-05,5629.113282449067,-0.04515785801960015,-0.004663364228313482
569,60,45,5433.359368411772,2017-04-06,5629.113282449067,-0.03477526640787865,0.010873621047126525
570,60,45,5469.728159445891,2017-04-07,5629.113282449067,-0.028314428046797513,0.006693610447628062
571,60,45,5492.577860229271,2017-04-10,5629.113282449067,-0.024255227310045036,0.004177483801259818
572,60,45,5475.7759165568295,2017-04-11,5629.113282449067,-0.02724005686123354,-0.003059026945089194
573,60,45,5426.339965071082,2017-04-12,5629.113282449067,-0.0360222484792071,-0.009028118067481716
574,60,45,5376.067974670648,2017-04-13,5629.113282449067,-0.044952960631896466,-0.009264438041853285
575,60,45,5426.50587273677,2017-04-17,5629.113282449067,-0.03599277533532752,0.009381930865413057
576,60,45,5455.943057866657,2017-04-18,5629.113282449067,-0.030763322017756334,0.005424703450111812
577,60,45,5418.056319261826,2017-04-19,5629.113282449067,-0.03749382053569483,-0.006944122803885233
578,60,45,5437.128121020273,2017-04-20,5629.113282449067,-0.03410575552412165,0.0035200449450194515
579,60,45,5413.294799890613,2017-04-21,5629.113282449067,-0.03833969432296758,-0.004383439308247916
580,60,45,5452.054929039951,2017-04-24,5629.113282449067,-0.03145403983273232,0.007160173347684928
581,60,45,5445.361290923308,2017-04-25,5629.113282449067,-0.03264315040499832,-0.0012277275639668295
582,60,45,5447.579728238015,2017-04-26,5629.113282449067,-0.03224904973524911,0.00040739947198820126
583,60,45,5402.307045998423,2017-04-27,5629.113282449067,-0.040291645428028655,-0.00831060480031487
584,60,45,5406.1160733840425,2017-04-28,5629.113282449067,-0.03961497981579165,0.0007050742124035114
585,60,45,5408.186135776583,2017-05-01,5629.113282449067,-0.03924723763533233,0.0003829111999151813
586,60,45,5545.728136354057,2017-05-02,5629.113282449067,-0.014813193821306747,0.02543218689674842
587,60,45,5375.398743036403,2017-05-03,5629.113282449067,-0.04507184820808574,-0.030713621210727737
588,60,45,5378.864929821782,2017-05-04,5629.113282449067,-0.04445608749916796,0.0006448241239536134
589,60,45,5378.9350619753895,2017-05-05,5629.113282449067,-0.0444436286712695,1.3038467134185439e-05
590,60,45,5351.148983500912,2017-05-08,5629.113282449067,-0.04937976640385178,-0.005165721124038458
591,60,45,5338.596733326527,2017-05-09,5629.113282449067,-0.051609646945343424,-0.002345711213252999
592,60,45,5350.440770077961,2017-05-10,5629.113282449067,-0.04950557901188002,0.002218567414447481
593,60,45,5308.538792317217,2017-05-11,5629.113282449067,-0.05694937622438068,-0.007831500162580829
594,60,45,5265.890423178269,2017-05-12,5629.113282449067,-0.06452576827744527,-0.00803391871237158
595,60,45,5341.162342129339,2017-05-15,5629.113282449067,-0.051153871999258915,0.014294243309688648
596,60,45,5347.375749574286,2017-05-16,5629.113282449067,-0.050050073384240945,0.0011633062331652955
597,60,45,5209.450347361852,2017-05-17,5629.113282449067,-0.07455222768311942,-0.02579310089129494
598,60,45,5208.147401441069,2017-05-18,5629.113282449067,-0.07478369325423273,-0.0002501119761019188
599,60,45,5266.23882095412,2017-05-19,5629.113282449067,-0.06446387615370053,0.011153950730537598
600,60,45,5277.956253587762,2017-05-22,5629.113282449067,-0.06238229917244198,0.0022250097331362184
601,60,45,5272.68618170587,2017-05-23,5629.113282449067,-0.06331851623141005,-0.000998506169563207
602,60,45,5255.033635807696,2017-05-24,5629.113282449067,-0.06645445345854184,-0.0033479227266400846
603,60,45,5253.686741406824,2017-05-25,5629.113282449067,-0.06669372638365267,-0.00025630557180345015
604,60,45,5264.703891099631,2017-05-26,5629.113282449067,-0.06473655317714477,0.0020970320910029816
605,60,45,5250.633188793292,2017-05-30,5629.113282449067,-0.06723618350972482,-0.0026726483763173103
606,60,45,5217.9011385702215,2017-05-31,5629.113282449067,-0.07305096260204214,-0.006233924375622424
607,60,45,5263.816404537904,2017-06-01,5629.113282449067,-0.06489421327691458,0.00879956609915089
608,60,45,5233.962959250586,2017-06-02,5629.113282449067,-0.07019761432595684,-0.005671445011186549
609,60,45,5180.762313082239,2017-06-05,5629.113282449067,-0.07964859594578322,-0.010164505668562085
610,60,45,5133.426967190708,2017-06-06,5629.113282449067,-0.08805761944849333,-0.00913675305504802
611,60,45,5103.343314046993,2017-06-07,5629.113282449067,-0.09340191643351081,-0.005860345016299617
612,60,45,5146.096773536121,2017-06-08,5629.113282449067,-0.0858068553032919,0.00837753936158836
613,60,45,5214.37139136092,2017-06-09,5629.113282449067,-0.07367801468505975,0.013267262709846905
614,60,45,5236.739302148439,2017-06-12,5629.113282449067,-0.06970440291617608,0.0042896658309719005
615,60,45,5280.391114422015,2017-06-13,5629.113282449067,-0.061949751324836266,0.008335685577410157
616,60,45,5249.7959247648905,2017-06-14,5629.113282449067,-0.06738492168328614,-0.005794114298382391
617,60,45,5244.992339116185,2017-06-15,5629.113282449067,-0.06823826845526937,-0.0009150042625554189
618,60,45,5274.760512121216,2017-06-16,5629.113282449067,-0.06295001584577842,0.00567554175113405
619,60,45,5329.219082057013,2017-06-19,5629.113282449067,-0.05327556674460432,0.010324368245847815
620,60,45,5232.193704648206,2017-06-20,5629.113282449067,-0.0705119186423927,-0.01820630300891224
621,60,45,5155.768856628157,2017-06-21,5629.113282449067,-0.08408863031709524,-0.014606654939429031
622,60,45,5172.453063535216,2017-06-22,5629.113282449067,-0.0811247164518194,0.003236026938176373
623,60,45,5171.162296687386,2017-06-23,5629.113282449067,-0.08135401843653067,-0.00024954636262042307
624,60,45,5185.292768874007,2017-06-26,5629.113282449067,-0.07884377011186494,0.002732552446801595
625,60,45,5140.796533479739,2017-06-27,5629.113282449067,-0.08674843167428226,-0.008581238780068112
626,60,45,5182.196167113192,2017-06-28,5629.113282449067,-0.07939387482737492,0.008053155452435234
627,60,45,5184.933414973648,2017-06-29,5629.113282449067,-0.07890760856782209,0.0005282022857078239
628,60,45,5204.556606913247,2017-06-30,5629.113282449067,-0.07542159026352135,0.003784656497792138
629,60,45,5251.717233353375,2017-07-03,5629.113282449067,-0.06704360529967823,0.009061410990800711
630,60,45,5242.410072120629,2017-07-05,5629.113282449067,-0.06869700269385848,-0.0017722129389673436
631,60,45,5211.529355909675,2017-07-06,5629.113282449067,-0.07418289623720498,-0.0058905571647625
632,60,45,5204.012056197347,2017-07-07,5629.113282449067,-0.07551832853979623,-0.0014424364133733825
633,60,45,5195.46308295205,2017-07-10,5629.113282449067,-0.07703703545087437,-0.0016427658416194868
634,60,45,5182.622234645914,2017-07-11,5629.113282449067,-0.07931818483654618,-0.002471550293229985
635,60,45,5237.823543950006,2017-07-12,5629.113282449067,-0.06951178966659954,0.010651231520420357
636,60,45,5228.495837765209,2017-07-13,5629.113282449067,-0.07116883682780684,-0.001780836277993858
637,60,45,5269.951126169838,2017-07-14,5629.113282449067,-0.06380439302919261,0.007928721699498986
638,60,45,5298.680096778037,2017-07-17,5629.113282449067,-0.05870075251483797,0.005451468129473724
639,60,45,5285.645032468532,2017-07-18,5629.113282449067,-0.06101640396035901,-0.002460058745088478
640,60,45,5302.64445125064,2017-07-19,5629.113282449067,-0.05799649337602064,0.0032161483939394664
641,60,45,5297.605583960081,2017-07-20,5629.113282449067,-0.058891637431172095,-0.0009502555445461969
642,60,45,5296.788197933516,2017-07-21,5629.113282449067,-0.05903684431999312,-0.00015429348478490645
643,60,45,5271.41468407144,2017-07-24,5629.113282449067,-0.06354439508135146,-0.0047903584047357395
644,60,45,5281.35113332125,2017-07-25,5629.113282449067,-0.06177920600960363,0.0018849682381911759
645,60,45,5298.3343731835375,2017-07-26,5629.113282449067,-0.05876216957595437,0.003215699814984152
646,60,45,5369.7664880834,2017-07-27,5629.113282449067,-0.04607240631917653,0.013481994504046746
647,60,45,5350.247446328694,2017-07-28,5629.113282449067,-0.04953992256468609,-0.0036349889325768547
648,60,45,5346.574305928316,2017-07-31,5629.113282449067,-0.050192448143062784,-0.0006865365456879546
649,60,45,5331.116209097256,2017-08-01,5629.113282449067,-0.052938546161600986,-0.0028912151868758507
650,60,45,5319.286719716405,2017-08-02,5629.113282449067,-0.05504002978562639,-0.002218951701083549
651,60,45,5250.30771101836,2017-08-03,5629.113282449067,-0.06729400394406326,-0.012967717728463057
652,60,45,5240.202739309412,2017-08-04,5629.113282449067,-0.0690891306721848,-0.0019246437094995184
653,60,45,5252.174719729263,2017-08-07,5629.113282449067,-0.06696233381819738,0.0022846406933920704
654,60,45,5250.571129358467,2017-08-08,5629.113282449067,-0.06724720823630448,-0.00030531931178379157
655,60,45,5245.807532921166,2017-08-09,5629.113282449067,-0.06809345100994935,-0.0009072530054237138
656,60,45,5230.548235577965,2017-08-10,5629.113282449067,-0.07080423272236891,-0.0029088557381181657
657,60,45,5256.305204189909,2017-08-11,5629.113282449067,-0.06622856204040717,0.004924334400884911
658,60,45,5254.792826871411,2017-08-14,5629.113282449067,-0.0664972326538078,-0.00028772631339823995
659,60,45,5240.521082532236,2017-08-15,5629.113282449067,-0.06903257767585125,-0.0027159480514996615
660,60,45,5293.967379218906,2017-08-16,5629.113282449067,-0.05953795676400897,0.010198660752423594
661,60,45,5228.326248736626,2017-08-17,5629.113282449067,-0.07119896395797343,-0.012399232141087402
662,60,45,5225.687751792169,2017-08-18,5629.113282449067,-0.07166768732736861,-0.00050465422755408
663,60,45,5248.701574329884,2017-08-21,5629.113282449067,-0.06757933071008948,0.00440397965412731
664,60,45,5288.36456006769,2017-08-22,5629.113282449067,-0.060533285667530023,0.007556723348834948
665,60,45,5272.212083543798,2017-08-23,5629.113282449067,-0.0634027387613687,-0.0030543424796881657
666,60,45,5153.58660518838,2017-08-24,5629.113282449067,-0.08447630264313999,-0.022500133999860172
667,60,45,5168.585665885517,2017-08-25,5629.113282449067,-0.0818117514173009,0.002910412077297142
668,60,45,5154.595043638859,2017-08-28,5629.113282449067,-0.0842971556976303,-0.0027068569916526286
669,60,45,5161.039104316689,2017-08-29,5629.113282449067,-0.08315238202645159,0.0012501584747732775
670,60,45,5186.58237601841,2017-08-30,5629.113282449067,-0.07861467414600054,0.004949249789709453
671,60,45,5203.16130527284,2017-08-31,5629.113282449067,-0.07566946263176066,0.0031965036034300454
672,60,45,5223.041530857378,2017-09-01,5629.113282449067,-0.07213778284721573,0.00382079747640951
673,60,45,5206.414455846827,2017-09-05,5629.113282449067,-0.07509154735261181,-0.003183408539319421
674,60,45,5244.089710345147,2017-09-06,5629.113282449067,-0.0683986185363118,0.007236314899212504
675,60,45,5233.051306272908,2017-09-07,5629.113282449067,-0.07035956753811212,-0.0021049228144330856
676,60,45,5241.898166186895,2017-09-08,5629.113282449067,-0.06878794169402569,0.0016905738920200974
677,60,45,5304.401707526409,2017-09-11,5629.113282449067,-0.05768432053678352,0.01192383738827596
678,60,45,5341.420347045803,2017-09-12,5629.113282449067,-0.05110803797469443,0.006978852952797432
679,60,45,5299.717686591876,2017-09-13,5629.113282449067,-0.05851642689164005,-0.007807410341144849
680,60,45,5272.829612950767,2017-09-14,5629.113282449067,-0.06329303597587055,-0.005073491689780996
681,60,45,5247.296413591983,2017-09-15,5629.113282449067,-0.06782895452602555,-0.004842409338635001
682,60,45,5220.668269208694,2017-09-18,5629.113282449067,-0.07255938773054316,-0.005074640783454543
683,60,45,5200.800009895803,2017-09-19,5629.113282449067,-0.07608894173238545,-0.003805692736708388
684,60,45,5240.933169782971,2017-09-20,5629.113282449067,-0.06895937125237772,0.0077167281592842585
685,60,45,5228.324322978192,2017-09-21,5629.113282449067,-0.07119930606486269,-0.0024058400281606884
686,60,45,5238.796064421615,2017-09-22,5629.113282449067,-0.06933902347362897,0.0020028867370374126
687,60,45,5203.602266219655,2017-09-25,5629.113282449067,-0.07559112685760061,-0.0067179172025749745
688,60,45,5196.14315397694,2017-09-26,5629.113282449067,-0.0769162222799954,-0.0014334516477435555
689,60,45,5261.292777743707,2017-09-27,5629.113282449067,-0.06534253020847569,0.012538073304794173
690,60,45,5163.162430196121,2017-09-28,5629.113282449067,-0.08277517770085163,-0.018651375563568107
691,60,45,5164.7946469489125,2017-09-29,5629.113282449067,-0.08248521786687912,0.00031612732987928993
692,60,45,5212.494921620528,2017-10-02,5629.113282449067,-0.07401136554268817,0.00923565754928779
693,60,45,5240.728210228906,2017-10-03,5629.113282449067,-0.06899578188115363,0.005416463523306714
694,60,45,5268.8941913345225,2017-10-04,5629.113282449067,-0.0639921552543038,0.005374440340302655
695,60,45,5286.048660562004,2017-10-05,5629.113282449067,-0.060944700288178444,0.0032558006679457296
696,60,45,5246.362547077545,2017-10-06,5629.113282449067,-0.06799485392573201,-0.007507708693744841
697,60,45,5194.084567069381,2017-10-09,5629.113282449067,-0.0772819258649593,-0.009964614442683817
698,60,45,5184.797493450198,2017-10-10,5629.113282449067,-0.0789317547373215,-0.0017880097058994293
699,60,45,5175.940409233132,2017-10-11,5629.113282449067,-0.08050519690710001,-0.0017082796827174729
700,60,45,5165.870833311647,2017-10-12,5629.113282449067,-0.08229403564887505,-0.0019454582405010745
701,60,45,5125.931805743453,2017-10-13,5629.113282449067,-0.08938911893538837,-0.007731325241554843
702,60,45,5112.972505694344,2017-10-16,5629.113282449067,-0.09169131102122086,-0.002528184248293819
703,60,45,5134.875880994477,2017-10-17,5629.113282449067,-0.08780022299348034,0.004283882863781896
704,60,45,5208.970614645513,2017-10-18,5629.113282449067,-0.07463745117965759,0.01442970295061663
705,60,45,5179.150316019817,2017-10-19,5629.113282449067,-0.07993496379477438,-0.00572479686137084
706,60,45,5167.015584707175,2017-10-20,5629.113282449067,-0.08209067299865147,-0.0023429965481226445
707,60,45,5190.645459741415,2017-10-23,5629.113282449067,-0.0778928759658728,0.004573215359399585
708,60,45,5157.992807572562,2017-10-24,5629.113282449067,-0.08369355016275914,-0.006290672792450658
709,60,45,5155.417726675435,2017-10-25,5629.113282449067,-0.08415100780624907,-0.0004992408855915009
710,60,45,5164.915696979638,2017-10-26,5629.113282449067,-0.08246371358642657,0.0018423279756862865
711,60,45,5200.114762683901,2017-10-27,5629.113282449067,-0.07621067444187601,0.0068150319907152035
712,60,45,5164.66634039791,2017-10-30,5629.113282449067,-0.08250801125272245,-0.006816853839528569
713,60,45,5167.567351127679,2017-10-31,5629.113282449067,-0.08199265286780344,0.0005617034167488821
714,60,45,5158.956424338056,2017-11-01,5629.113282449067,-0.08352236569423921,-0.001666340505023789
715,60,45,5173.8889629937885,2017-11-02,5629.113282449067,-0.0808696319675456,0.0028944882312411657
716,60,45,5112.731349499173,2017-11-03,5629.113282449067,-0.09173415190628931,-0.011820434093588905
717,60,45,5101.106681062931,2017-11-06,5629.113282449067,-0.0937992495252139,-0.002273670889705759
718,60,45,5081.791362845584,2017-11-07,5629.113282449067,-0.09723057471768592,-0.003786495642024379
719,60,45,5112.684603568952,2017-11-08,5629.113282449067,-0.09174245622135202,0.00607920288684749
720,60,45,5144.978422508566,2017-11-09,5629.113282449067,-0.08600552798430583,0.006316411326658056
721,60,45,5131.927127454016,2017-11-10,5629.113282449067,-0.08832406278715699,-0.002536705498598857
722,60,45,5145.40438374379,2017-11-13,5629.113282449067,-0.0859298568770015,0.002626158936995804
723,60,45,5175.751639888436,2017-11-14,5629.113282449067,-0.08053873137962253,0.005897934133325622
724,60,45,5152.525320753169,2017-11-15,5629.113282449067,-0.08466483756541998,-0.004487525822581495
725,60,45,5157.713661691114,2017-11-16,5629.113282449067,-0.08374313983478054,0.0010069510802883652
726,60,45,5205.615066619966,2017-11-17,5629.113282449067,-0.07523355714824931,0.009287333122937502
727,60,45,5217.506668915759,2017-11-20,5629.113282449067,-0.07312103929701508,0.002284379875117315
728,60,45,5230.971349857795,2017-11-21,5629.113282449067,-0.07072906737063422,0.00258067345122015
729,60,45,5194.319722871205,2017-11-22,5629.113282449067,-0.07724015093700431,-0.007006657948448902
730,60,45,5193.045472126784,2017-11-24,5629.113282449067,-0.07746651887107914,-0.0002453161939205417
731,60,45,5225.173515825687,2017-11-27,5629.113282449067,-0.07175904025289703,0.0061867441506813226
732,60,45,5282.454631672276,2017-11-28,5629.113282449067,-0.061583171874979414,0.010962528932886073
733,60,45,5370.648963186137,2017-11-29,5629.113282449067,-0.04591563649443553,0.016695710169486233
734,60,45,5368.877696306356,2017-11-30,5629.113282449067,-0.046230298287671,-0.0003298049997165764
735,60,45,5363.0576866914425,2017-12-01,5629.113282449067,-0.04726421061504582,-0.0010840272295487008
736,60,45,5400.162468274968,2017-12-04,5629.113282449067,-0.040672625098510884,0.0069185870731172106
737,60,45,5391.28387164231,2017-12-05,5629.113282449067,-0.04224988890315662,-0.0016441350949749634
738,60,45,5359.139239195607,2017-12-06,5629.113282449067,-0.04796031447709681,-0.00596233350200337
739,60,45,5337.838277874733,2017-12-07,5629.113282449067,-0.05174438494291744,-0.003974698243532027
740,60,45,5327.903745379966,2017-12-08,5629.113282449067,-0.053509233507209486,-0.0018611527696419383
741,60,45,5347.370531494888,2017-12-11,5629.113282449067,-0.050051000364945586,0.0036537420804201304
742,60,45,5343.748834673323,2017-12-12,5629.113282449067,-0.05069438710098051,-0.0006772855556267388
743,60,45,5353.963770321767,2017-12-13,5629.113282449067,-0.04887972551293018,0.001911567321832841
744,60,45,5322.227976508147,2017-12-14,5629.113282449067,-0.05451752177341207,-0.00592753241804489
745,60,45,5403.877745857658,2017-12-15,5629.113282449067,-0.04001261393933353,0.015341276192960107
746,60,45,5446.422279497359,2017-12-18,5629.113282449067,-0.032454668041824175,0.00787296375687152
747,60,45,5529.529337057597,2017-12-19,5629.113282449067,-0.01769087605715114,0.015259018360197274
748,60,45,5513.270411530175,2017-12-20,5629.113282449067,-0.020579239590021503,-0.0029403814567831033
749,60,45,5546.647019154611,2017-12-21,5629.113282449067,-0.014649956246497231,0.0060538673297494405
750,60,45,5548.549852876776,2017-12-22,5629.113282449067,-0.014311921883590206,0.00034306017952712153
751,60,45,5547.956422265797,2017-12-26,5629.113282449067,-0.014417343569245178,-0.00010695237975932859
752,60,45,5550.717569025042,2017-12-27,5629.113282449067,-0.013926831721161714,0.0004976871750765888
753,60,45,5557.306096569634,2017-12-28,5629.113282449067,-0.012756393818422418,0.0011869686148973102
754,60,45,5545.734263452904,2017-12-29,5629.113282449067,-0.014812105355230476,-0.002082273841974125
755,60,45,5565.38279410692,2018-01-02,5629.113282449067,-0.011321585682215862,0.0035429989466864154
756,60,45,5606.56869544146,2018-01-03,5629.113282449067,-0.004004997923544917,0.007400371700963637
757,60,45,5559.16546955744,2018-01-04,5629.113282449067,-0.012426080162521558,-0.008454944273234677
758,60,45,5525.718940427051,2018-01-05,5629.113282449067,-0.018367784912836527,-0.006016465837101803
759,60,45,5532.063221383259,2018-01-08,5629.113282449067,-0.01724073689694594,0.001148136744667072
760,60,45,5531.097944621772,2018-01-09,5629.113282449067,-0.017412216260222713,-0.00017448765909899855
761,60,45,5489.690965573357,2018-01-10,5629.113282449067,-0.024768078004472338,-0.007486213309362388
762,60,45,5510.866623292985,2018-01-11,5629.113282449067,-0.02100626745685885,0.003857349685514988
763,60,45,5525.885935107704,2018-01-12,5629.113282449067,-0.018338118663060787,0.0027253992595712706
764,60,45,5548.659204922128,2018-01-16,5629.113282449067,-0.014292495725354404,0.00412119795483612
765,60,45,5578.930764378501,2018-01-17,5629.113282449067,-0.008914817583619894,0.005455653039480257
766,60,45,5540.915532151605,2018-01-18,5629.113282449067,-0.015668142720178135,-0.00681407133955203
767,60,45,5516.453299823559,2018-01-19,5629.113282449067,-0.020013806255555155,-0.004414835812980966
768,60,45,5575.549909274815,2018-01-22,5629.113282449067,-0.009515419300808237,0.010712790671706829
769,60,45,5627.645629151382,2018-01-23,5629.113282449067,-0.00026072548624322955,0.009343602106387294
770,60,45,5590.961250229087,2018-01-24,5629.113282449067,-0.006777627364319194,-0.006518601443607053
771,60,45,5562.782740805384,2018-01-25,5629.113282449067,-0.01178347962022619,-0.005040011576282977
772,60,45,5562.575869108807,2018-01-26,5629.113282449067,-0.011820229937051785,-3.7188527076459366e-05
773,60,45,5456.02620289902,2018-01-29,5629.113282449067,-0.03074855147962874,-0.019154734913639393
774,60,45,5410.226011038054,2018-01-30,5629.113282449067,-0.038884858134491385,-0.0083944230027031
775,60,45,5485.568027012629,2018-01-31,5629.113282449067,-0.02550050926919445,0.013925853711260983
776,60,45,5405.114786496532,2018-02-01,5629.113282449067,-0.03979285630135321,-0.014666346332762537
777,60,45,5370.644374538029,2018-02-02,5629.113282449067,-0.045916451658010504,-0.006377369088371609
778,60,45,5192.004021540506,2018-02-05,5629.113282449067,-0.07765153035228789,-0.03326236863577281
779,60,45,5201.076170058497,2018-02-06,5629.113282449067,-0.07603988246694926,0.0017473307956528128
780,60,45,5173.680324151143,2018-02-07,5629.113282449067,-0.08090669621411095,-0.005267341798427361
781,60,45,5126.990693489508,2018-02-08,5629.113282449067,-0.08920100977983869,-0.009024452176467967
782,60,45,5148.024191454309,2018-02-09,5629.113282449067,-0.08546445361025834,0.004102503636589594
783,60,45,5159.232142797415,2018-02-12,5629.113282449067,-0.08347338489646106,0.002177136494756704
784,60,45,5127.163817502341,2018-02-13,5629.113282449067,-0.08917025466723993,-0.006215716681763017
785,60,45,5183.271490783192,2018-02-14,5629.113282449067,-0.0792028458649,0.010943218371396668
786,60,45,5170.386550547292,2018-02-15,5629.113282449067,-0.08149182808809907,-0.0024858702189942683
787,60,45,5195.933696813099,2018-02-16,5629.113282449067,-0.07695343189958037,0.004941051508634775
788,60,45,5177.642273861777,2018-02-20,5629.113282449067,-0.08020286427614187,-0.0035203341725744686
789,60,45,5150.044010028776,2018-02-21,5629.113282449067,-0.08510563713719788,-0.005330276286626523
790,60,45,5167.424768438377,2018-02-22,5629.113282449067,-0.0820179823792464,0.003374875705091984
791,60,45,5195.656503581171,2018-02-23,5629.113282449067,-0.07700267468756838,0.005463405159805701
792,60,45,5199.341780154186,2018-02-26,5629.113282449067,-0.07634799314393959,0.0007092995024740034
793,60,45,5122.922330974676,2018-02-27,5629.113282449067,-0.08992374572610518,-0.014697908391251069
794,60,45,5092.054295538826,2018-02-28,5629.113282449067,-0.09540738655672987,-0.006025474024701105
795,60,45,5025.417504503176,2018-03-01,5629.113282449067,-0.10724527072996481,-0.013086425864317852
796,60,45,5017.530003368383,2018-03-02,5629.113282449067,-0.10864646852773963,-0.0015695215626810866
797,60,45,5115.813766143256,2018-03-05,5629.113282449067,-0.09118656714659135,0.019588076744711413
798,60,45,5144.005316945301,2018-03-06,5629.113282449067,-0.08617839811756445,0.005510667919270018
799,60,45,5151.667339662549,2018-03-07,5629.113282449067,-0.08481725608101365,0.0014895052094927586
800,60,45,5186.196651353864,2018-03-08,5629.113282449067,-0.07868319731211781,0.006702550730609991
801,60,45,5288.853387099539,2018-03-09,5629.113282449067,-0.06044644658518772,0.019794223521947707
802,60,45,5257.352733171607,2018-03-12,5629.113282449067,-0.06604247074518244,-0.005956045974873869
803,60,45,5212.98747537477,2018-03-13,5629.113282449067,-0.07392386441604037,-0.0084387067120133
804,60,45,5212.394117849903,2018-03-14,5629.113282449067,-0.07402927311810314,-0.0001138229331396623
805,60,45,5227.169631236005,2018-03-15,5629.113282449067,-0.07140443459652446,0.00283468844681245
806,60,45,5274.197136953939,2018-03-16,5629.113282449067,-0.06305009824579588,0.008996743751515268
807,60,45,5230.438851003992,2018-03-19,5629.113282449067,-0.07082366465924517,-0.008296672424955909
808,60,45,5244.145013931169,2018-03-20,5629.113282449067,-0.06838879397190045,0.00262046136425953
809,60,45,5156.044066133035,2018-03-21,5629.113282449067,-0.08403973993399771,-0.01679986872294581
810,60,45,5085.36659490653,2018-03-22,5629.113282449067,-0.09659544234753226,-0.013707693402145837
811,60,45,5051.481006744107,2018-03-23,5629.113282449067,-0.10261514500089242,-0.006663352096653696
812,60,45,5087.154611333011,2018-03-26,5629.113282449067,-0.09627780503295624,0.007062009050668117
813,60,45,5080.141672272522,2018-03-27,5629.113282449067,-0.09752363873865821,-0.0013785582700527321
814,60,45,5050.170024487957,2018-03-28,5629.113282449067,-0.10284803820988808,-0.005899766132143602
815,60,45,5113.90017697781,2018-03-29,5629.113282449067,-0.09152651219111774,0.012619407303284813
816,60,45,4993.821044459437,2018-04-02,5629.113282449067,-0.11285831464262741,-0.02348093008521268
817,60,45,5050.013422936531,2018-04-03,5629.113282449067,-0.10287585814236555,0.011252381288159752
818,60,45,5085.55749272154,2018-04-04,5629.113282449067,-0.09656152975678634,0.007038410952250551
819,60,45,5098.177031461136,2018-04-05,5629.113282449067,-0.09431969554482578,0.0024814464800873015
820,60,45,5018.030501780215,2018-04-06,5629.113282449067,-0.10855755604957151,-0.01572062507565597
821,60,45,5031.917120493502,2018-04-09,5629.113282449067,-0.10609062777570222,0.0027673444209557196
822,60,45,5100.898857932354,2018-04-10,5629.113282449067,-0.09383616886226565,0.01370883815989532
823,60,45,5102.352335673888,2018-04-11,5629.113282449067,-0.09357796163341736,0.00028494541491896896
824,60,45,5078.878601152508,2018-04-12,5629.113282449067,-0.09774802063623911,-0.004600571065478842
825,60,45,5094.281476244762,2018-04-13,5629.113282449067,-0.09501173264212837,0.0030327314948537243
826,60,45,5153.897722064002,2018-04-16,5629.113282449067,-0.08442103339201457,0.011702581825766112
827,60,45,5181.83173045069,2018-04-17,5629.113282449067,-0.07945861622521433,0.0054199772469487595
828,60,45,5172.372666248555,2018-04-18,5629.113282449067,-0.08113899885876819,-0.001825428669663176
829,60,45,5049.3438340144585,2018-04-19,5629.113282449067,-0.10299480918997728,-0.02378576335709537
830,60,45,4978.538542264892,2018-04-20,5629.113282449067,-0.11557321864752523,-0.014022671871262271
831,60,45,4986.190058326859,2018-04-23,5629.113282449067,-0.11421394309593469,0.0015369000354239493
832,60,45,4969.224239888485,2018-04-24,5629.113282449067,-0.11722788465068579,-0.0034025615229089645
833,60,45,4976.7987861371885,2018-04-25,5629.113282449067,-0.11588228262268596,0.0015242914956226095
834,60,45,4978.867357697729,2018-04-26,5629.113282449067,-0.11551480528536007,0.00041564299651875025
835,60,45,4969.3887695469175,2018-04-27,5629.113282449067,-0.11719865630686366,-0.001903763942647907
836,60,45,4919.154923219101,2018-04-30,5629.113282449067,-0.12612259224619538,-0.010108656951063333
837,60,45,4940.823805205996,2018-05-01,5629.113282449067,-0.12227316145672162,0.0044050009249789746
838,60,45,4903.189953596696,2018-05-02,5629.113282449067,-0.12895873513786216,-0.007616918370909387
839,60,45,4920.562668366334,2018-05-03,5629.113282449067,-0.12587250931543925,0.00354314536741418
840,60,45,4981.754963855928,2018-05-04,5629.113282449067,-0.11500182819406546,0.012436036204353407
841,60,45,4998.878132876931,2018-05-07,5629.113282449067,-0.11195993364303702,0.0034371760845799404
842,60,45,5014.272290309418,2018-05-08,5629.113282449067,-0.10922519432263922,0.0030795224494954976
843,60,45,5035.504503796658,2018-05-09,5629.113282449067,-0.10545333676321866,0.004234355906095111
844,60,45,5095.229245143749,2018-05-10,5629.113282449067,-0.09484336351338096,0.011860726428118529
845,60,45,5092.887024697998,2018-05-11,5629.113282449067,-0.09525945399304037,-0.00045968892331649247
846,60,45,5118.613113737672,2018-05-14,5629.113282449067,-0.09068926900140306,0.005051376344088476
847,60,45,5068.061245885041,2018-05-15,5629.113282449067,-0.09966970078810145,-0.009876086887082192
848,60,45,5074.870448814439,2018-05-16,5629.113282449067,-0.09846006037268662,0.0013435518236735167
849,60,45,5035.43250945426,2018-05-17,5629.113282449067,-0.10546612640499453,-0.007771220912524468
850,60,45,4913.379158919286,2018-05-18,5629.113282449067,-0.12714864448746455,-0.024238901088598275
851,60,45,4956.970644243733,2018-05-21,5629.113282449067,-0.11940470985030593,0.008871997033917944
852,60,45,4955.631460056705,2018-05-22,5629.113282449067,-0.11964261307232915,-0.000270161815177028
853,60,45,4990.084235079255,2018-05-23,5629.113282449067,-0.11352215087982531,0.006952247216171381
854,60,45,5018.840806353145,2018-05-24,5629.113282449067,-0.10841360716592463,0.005762742655071262
855,60,45,5008.133367409876,2018-05-25,5629.113282449067,-0.11031576091661466,-0.002133448610227906
856,60,45,4984.758166985651,2018-05-29,5629.113282449067,-0.11446831554668513,-0.0046674476714893
857,60,45,5042.624633384104,2018-05-30,5629.113282449067,-0.10418846088842593,0.011608680794527926
858,60,45,4995.635186233702,2018-05-31,5629.113282449067,-0.11253603621559316,-0.009318450324323768
859,60,45,5004.963559470147,2018-06-01,5629.113282449067,-0.11087887055407963,0.001867304734771258
860,60,45,5004.821281074092,2018-06-04,5629.113282449067,-0.11090414600847454,-2.8427458934277006e-05
861,60,45,5012.884010868565,2018-06-05,5629.113282449067,-0.10947181921206561,0.0016109925493168475
862,60,45,4994.043615786909,2018-06-06,5629.113282449067,-0.11281877531977069,-0.0037583943775295614
863,60,45,4933.26987469721,2018-06-07,5629.113282449067,-0.12361510114238017,-0.01216924515788853
864,60,45,4981.388619333007,2018-06-08,5629.113282449067,-0.11506690851924961,0.009753925055387525
865,60,45,5000.898620857416,2018-06-11,5629.113282449067,-0.11160099825142134,0.003916578893019773
866,60,45,5032.437421582772,2018-06-12,5629.113282449067,-0.10599819739401273,0.006306626691814143
867,60,45,5008.007815333375,2018-06-13,5629.113282449067,-0.11033806497592213,-0.004854428222917373
868,60,45,5084.021031962069,2018-06-14,5629.113282449067,-0.09683447874224405,0.01517833426616444
869,60,45,5106.71388843726,2018-06-15,5629.113282449067,-0.09280314106319176,0.004463564633687689
870,60,45,5097.402544539698,2018-06-18,5629.113282449067,-0.09445728149887866,-0.0018233533542273417
871,60,45,5047.917453567184,2018-06-19,5629.113282449067,-0.10324820264214363,-0.00970790329783211
872,60,45,5026.404447122031,2018-06-20,5629.113282449067,-0.10706994247321566,-0.004261758763497547
873,60,45,5032.334339542722,2018-06-21,5629.113282449067,-0.10601650969914456,0.0011797483634818917
874,60,45,5065.8515732750375,2018-06-22,5629.113282449067,-0.10006224442670486,0.006660374981238171
875,60,45,4966.631931640651,2018-06-25,5629.113282449067,-0.11768840269638159,-0.019585974874949175
876,60,45,4972.105592255616,2018-06-26,5629.113282449067,-0.1167160185320707,0.0011020870260376459
877,60,45,4965.713361703271,2018-06-27,5629.113282449067,-0.11785158469171353,-0.0012856184233699386
878,60,45,4972.0705597869455,2018-06-28,5629.113282449067,-0.11672224197560666,0.0012802184944267214
879,60,45,4944.820800978117,2018-06-29,5629.113282449067,-0.12156310366048151,-0.0054805655875478365
880,60,45,4926.089136953694,2018-07-02,5629.113282449067,-0.12489074392716915,-0.0037881380900027795
881,60,45,4942.794054128852,2018-07-03,5629.113282449067,-0.12192315092682182,0.0033911114295199773
882,60,45,5027.391288708547,2018-07-05,5629.113282449067,-0.10689463216464667,0.017115265910994104
883,60,45,5081.531818389818,2018-07-06,5629.113282449067,-0.09727668223813246,0.010769109976155988
884,60,45,5097.697548374675,2018-07-09,5629.113282449067,-0.09440487469514713,0.003181271034524258
885,60,45,5101.309150208395,2018-07-10,5629.113282449067,-0.09376328131222811,0.0007084770721386136
886,60,45,5046.5721052056015,2018-07-11,5629.113282449067,-0.10348720091666341,-0.010729999572866022
887,60,45,5070.096213620019,2018-07-12,5629.113282449067,-0.09930819309890238,0.004661403408890541
888,60,45,5077.166972132648,2018-07-13,5629.113282449067,-0.09805208789052522,0.0013946004601717021
889,60,45,5045.219387369391,2018-07-16,5629.113282449067,-0.10372750836267408,-0.006292403802870661
890,60,45,5044.856608225309,2018-07-17,5629.113282449067,-0.10379195530589225,-7.190552406710626e-05
891,60,45,5021.528669224071,2018-07-18,5629.113282449067,-0.10793611404470682,-0.004624103480603159
892,60,45,4975.402330559437,2018-07-19,5629.113282449067,-0.11613035998543952,-0.00918571648257871
893,60,45,4942.745545869127,2018-07-20,5629.113282449067,-0.12193176831597186,-0.0065636470220163945
894,60,45,4951.135414740974,2018-07-23,5629.113282449067,-0.12044132595837975,0.0016974106382754428
895,60,45,4923.372181207576,2018-07-24,5629.113282449067,-0.12537340533577657,-0.005607447829186429
896,60,45,4969.849648618563,2018-07-25,5629.113282449067,-0.11711678212019871,0.009440169400231513
897,60,45,5090.326297527219,2018-07-26,5629.113282449067,-0.09571436172757863,0.02424150777723111
898,60,45,4960.649744532536,2018-07-27,5629.113282449067,-0.11875112551042877,-0.025475096372049366
899,60,45,4957.138294527689,2018-07-30,5629.113282449067,-0.119374927133998,-0.0007078609024385729
900,60,45,4994.059817131014,2018-07-31,5629.113282449067,-0.11281589718545504,0.007448152625494364
901,60,45,4971.025590245473,2018-08-01,5629.113282449067,-0.11690787859172003,-0.004612324987884109
902,60,45,5011.380795428659,2018-08-02,5629.113282449067,-0.10973886223722429,0.008118084377271018
903,60,45,5055.168790192358,2018-08-03,5629.113282449067,-0.1019600181162107,0.008737710533520238
904,60,45,5050.555777356933,2018-08-06,5629.113282449067,-0.10277951003331387,-0.0009125338889524048
905,60,45,5014.609073000537,2018-08-07,5629.113282449067,-0.1091653655939886,-0.007117375976235074
906,60,45,5026.250269323802,2018-08-08,5629.113282449067,-0.10709733183109371,0.0023214563994515824
907,60,45,5057.825358163072,2018-08-09,5629.113282449067,-0.10148808446744273,0.006282036736606544
908,60,45,5026.311519525867,2018-08-10,5629.113282449067,-0.1070864508629924,-0.006230709130030321
909,60,45,5046.083693001767,2018-08-13,5629.113282449067,-0.10357396630569149,0.003933734190388005
910,60,45,5078.172350774171,2018-08-14,5629.113282449067,-0.09787348451356759,0.006359121196682915
911,60,45,5040.2313618103,2018-08-15,5629.113282449067,-0.10461362049238443,-0.007471386621623166
912,60,45,5095.044824018933,2018-08-16,5629.113282449067,-0.09487612553389158,0.010875187719348034
913,60,45,5106.368022422257,2018-08-17,5629.113282449067,-0.09286458342500759,0.002222394266277128
914,60,45,5099.356762224483,2018-08-20,5629.113282449067,-0.09411011888431964,-0.001373042476959685
915,60,45,5123.254973711204,2018-08-21,5629.113282449067,-0.08986465245158082,0.004686514907871642
916,60,45,5024.773047218644,2018-08-22,5629.113282449067,-0.10735975719562918,-0.01922253079300118
917,60,45,4969.075719751816,2018-08-23,5629.113282449067,-0.11725426893702295,-0.01108454589758201
918,60,45,5001.455141861944,2018-08-24,5629.113282449067,-0.11150213347883575,0.006516186095015808
919,60,45,5040.260889249399,2018-08-27,5629.113282449067,-0.10460837500564124,0.007758891419949565
920,60,45,5036.268247196981,2018-08-28,5629.113282449067,-0.10531765937283744,-0.0007921498787759607
921,60,45,5049.481009863469,2018-08-29,5629.113282449067,-0.10297044019221024,0.002623522421356661
922,60,45,5015.615556152156,2018-08-30,5629.113282449067,-0.10898656600316192,-0.00670671968963954
923,60,45,5008.645140352556,2018-08-31,5629.113282449067,-0.11022484554202516,-0.0013897428384538335
924,60,45,4993.724829402036,2018-09-04,5629.113282449067,-0.11287540704289944,-0.0029789115683825917
925,60,45,4976.762968376433,2018-09-05,5629.113282449067,-0.11588864557169032,-0.003396635098060652
926,60,45,4956.523804502655,2018-09-06,5629.113282449067,-0.1194840899797609,-0.004066732533251405
927,60,45,4958.14626589577,2018-09-07,5629.113282449067,-0.11919586316468278,0.0003273385657183159
928,60,45,4957.657522330148,2018-09-10,5629.113282449067,-0.11928268741942738,-9.857384986478035e-05
929,60,45,4970.832445373295,2018-09-11,5629.113282449067,-0.11694219036739173,0.002657489546989744
930,60,45,4995.704066332552,2018-09-12,5629.113282449067,-0.11252379981255878,0.005003512235140395
931,60,45,5031.922580797298,2018-09-13,5629.113282449067,-0.10608965776434831,0.007249931938289267
932,60,45,5068.9900983719735,2018-09-14,5629.113282449067,-0.09950469211971513,0.007366472154426873
933,60,45,5083.810471745543,2018-09-17,5629.113282449067,-0.09687188431679217,0.002923732949947855
934,60,45,5101.186360246736,2018-09-18,5629.113282449067,-0.0937850946877099,0.0034178867598946283
935,60,45,5134.301347576927,2018-09-19,5629.113282449067,-0.08790228763292207,0.0064916246911217446
936,60,45,5175.511460944167,2018-09-20,5629.113282449067,-0.08058139865814717,0.008026430584696653
937,60,45,5208.470905498846,2018-09-21,5629.113282449067,-0.07472622344654811,0.006368345390286523
938,60,45,5171.898263547939,2018-09-24,5629.113282449067,-0.08122327548935149,-0.007021761782771141
939,60,45,5136.286155467462,2018-09-25,5629.113282449067,-0.08754969073338492,-0.00688569385277249
940,60,45,5077.676572431017,2018-09-26,5629.113282449067,-0.09796155848157584,-0.011410887412115156
941,60,45,4977.145598676645,2018-09-27,5629.113282449067,-0.11582067211281444,-0.019798617009243902
942,60,45,4949.898109771431,2018-09-28,5629.113282449067,-0.12066113055414096,-0.0054745211617796
943,60,45,4934.846563150879,2018-10-01,5629.113282449067,-0.12333500579262324,-0.0030407790800460743
944,60,45,4916.7496465690165,2018-10-02,5629.113282449067,-0.12654988452641713,-0.0036671690497925846
945,60,45,4914.521130826726,2018-10-03,5629.113282449067,-0.12694577560738696,-0.00045324978949157213
946,60,45,4846.196815619456,2018-10-04,5629.113282449067,-0.13908344485989566,-0.01390253768138272
947,60,45,4791.048572706743,2018-10-05,5629.113282449067,-0.14888041289830045,-0.011379695256075628
948,60,45,4822.224874705633,2018-10-08,5629.113282449067,-0.1433420091685168,0.006507198064426456
949,60,45,4802.458914513572,2018-10-09,5629.113282449067,-0.14685338994916097,-0.0040989295824299665
950,60,45,4717.956340593356,2018-10-10,5629.113282449067,-0.16186509244654823,-0.017595689088529265
951,60,45,4666.090258498554,2018-10-11,5629.113282449067,-0.17107899159768347,-0.01099333659545454
952,60,45,4683.147126081917,2018-10-12,5629.113282449067,-0.1680488753560111,0.003655494565776296
953,60,45,4748.862026170356,2018-10-15,5629.113282449067,-0.15637476314844,0.01403220917883452
954,60,45,4730.384109208261,2018-10-16,5629.113282449067,-0.1596573257892927,-0.0038910199665237455
955,60,45,4726.644112496121,2018-10-17,5629.113282449067,-0.16032172824923274,-0.0007906327743786301
956,60,45,4701.965436927799,2018-10-18,5629.113282449067,-0.16470584246581244,-0.005221183355666237
957,60,45,4707.981551060266,2018-10-19,5629.113282449067,-0.16363709258806092,0.0012794892291674298
958,60,45,4704.389365010625,2018-10-22,5629.113282449067,-0.16427523679824063,-0.000762999177180701
959,60,45,4679.998031541407,2018-10-23,5629.113282449067,-0.16860830530216775,-0.005184803292565654
960,60,45,4603.887452455301,2018-10-24,5629.113282449067,-0.1821291877692891,-0.0162629510895409
961,60,45,4631.811730973984,2018-10-25,5629.113282449067,-0.17716849909284216,0.006065369496335071
962,60,45,4567.819085641996,2018-10-26,5629.113282449067,-0.18853665640662542,-0.013815899490053574
963,60,45,4624.553713143949,2018-10-29,5629.113282449067,-0.1784578705206059,0.01242050668781669
964,60,45,4676.653025841966,2018-10-30,5629.113282449067,-0.16920253844895305,0.011265803346588887
965,60,45,4729.798888048279,2018-10-31,5629.113282449067,-0.1597612890834419,0.01136408066038741
966,60,45,4778.448226162619,2018-11-01,5629.113282449067,-0.1511188376575623,0.010285709660356135
967,60,45,4797.899693486679,2018-11-02,5629.113282449067,-0.14766332586590802,0.00407066612494833
968,60,45,4861.920989625716,2018-11-05,5629.113282449067,-0.13629007879720045,0.013343608709858623
969,60,45,4847.276914811547,2018-11-06,5629.113282449067,-0.13889156753608012,-0.0030119935814293397
970,60,45,4907.145893907747,2018-11-07,5629.113282449067,-0.12825597075694517,0.012351054034743125
971,60,45,4972.167596249546,2018-11-08,5629.113282449067,-0.11670500365444825,0.013250411491234182
972,60,45,4935.357073979339,2018-11-09,5629.113282449067,-0.12324431462994023,-0.0074033148637171475
973,60,45,4813.027865390048,2018-11-12,5629.113282449067,-0.1449758383089359,-0.02478629342428873
974,60,45,4792.640766912385,2018-11-13,5629.113282449067,-0.1485975629846904,-0.004235815592148251
975,60,45,4780.035038130247,2018-11-14,5629.113282449067,-0.1508369438870859,-0.0026302260893755758
976,60,45,4822.194868843986,2018-11-15,5629.113282449067,-0.14334733964600788,0.0088199836146452
977,60,45,4859.667416389182,2018-11-16,5629.113282449067,-0.13669042128871867,0.007770848869527169
978,60,45,4731.601343625569,2018-11-19,5629.113282449067,-0.15944108668444068,-0.026352847178741423
979,60,45,4728.858318622397,2018-11-20,5629.113282449067,-0.1599283792411076,-0.000579724453512398
980,60,45,4744.709289380815,2018-11-21,5629.113282449067,-0.157112488005122,0.0033519656734051217
981,60,45,4785.502547416814,2018-11-23,5629.113282449067,-0.1498656524931795,0.008597630655116983
982,60,45,4855.506489021532,2018-11-26,5629.113282449067,-0.13742960118417813,0.014628336504074246
983,60,45,4850.800016956598,2018-11-27,5629.113282449067,-0.13826569593459082,-0.0009693061013460458
984,60,45,4925.008271077773,2018-11-28,5629.113282449067,-0.12508275745073605,0.015298147493562064
985,60,45,4871.161560998045,2018-11-29,5629.113282449067,-0.1346485109500689,-0.010933323786671334
986,60,45,4970.263826186785,2018-11-30,5629.113282449067,-0.11704320435627036,0.02034468862257044
987,60,45,5094.033052931588,2018-12-03,5629.113282449067,-0.09505586451525116,0.02490194305032678
988,60,45,4903.779247000004,2018-12-04,5629.113282449067,-0.1288540484183489,-0.03734836502917738
989,60,45,4879.89564091357,2018-12-06,5629.113282449067,-0.13309692023279618,-0.00487044886880772
990,60,45,4777.190024422661,2018-12-07,5629.113282449067,-0.15134235452013478,-0.02104668297203205
991,60,45,4777.749271206991,2018-12-10,5629.113282449067,-0.15124300551856584,0.00011706605378281054
992,60,45,4773.054805991965,2018-12-11,5629.113282449067,-0.1520769672776341,-0.0009825683493516202
993,60,45,4838.933290226349,2018-12-12,5629.113282449067,-0.14037379469452305,0.013802163794910172
994,60,45,4847.604306264087,2018-12-13,5629.113282449067,-0.13883340714098524,0.0017919271702406814
995,60,45,4755.640679520041,2018-12-14,5629.113282449067,-0.1551705498008743,-0.018970943363758264
996,60,45,4635.330687894892,2018-12-17,5629.113282449067,-0.17654336388160374,-0.025298377176235842
997,60,45,4676.035819190569,2018-12-18,5629.113282449067,-0.1693121838976105,0.008781494576423077
998,60,45,4632.019525997047,2018-12-19,5629.113282449067,-0.17713158474903046,-0.009413164247561556
999,60,45,4606.814513769679,2018-12-20,5629.113282449067,-0.18160920155343085,-0.005441473656556339
1000,60,45,4428.040300486714,2018-12-21,5629.113282449067,-0.21336806024266053,-0.038806470881042165
1001,60,45,4410.920546550451,2018-12-24,5629.113282449067,-0.21640934811114954,-0.0038662145722524466
1002,60,45,4478.425374124878,2018-12-26,5629.113282449067,-0.20441725909334652,0.015304022564455178
1003,60,45,4485.803334794678,2018-12-27,5629.113282449067,-0.20310658007524884,0.0016474452633348236
1004,60,45,4469.79429515442,2018-12-28,5629.113282449067,-0.20595055191183864,-0.003568823340087679
1005,60,45,4496.069232711285,2018-12-31,5629.113282449067,-0.2012828651486699,0.005878332608135528
1006,60,45,4511.764194457048,2019-01-02,5629.113282449067,-0.19849468858190966,0.0034908185202251474
1007,60,45,4420.51612236735,2019-01-03,5629.113282449067,-0.21470471447962947,-0.02022447720157905
1008,60,45,4538.459499104421,2019-01-04,5629.113282449067,-0.1937523244993451,0.02668090636301268
1009,60,45,4622.466092185254,2019-01-07,5629.113282449067,-0.17882873194299076,0.018509935606434214
1010,60,45,4634.444210040393,2019-01-08,5629.113282449067,-0.17670084478668047,0.0025912830113323793
1011,60,45,4691.240886787085,2019-01-09,5629.113282449067,-0.16661103598432825,0.012255337247051967
1012,60,45,4713.445202385325,2019-01-10,5629.113282449067,-0.16266648655280946,0.004733143348229607
1013,60,45,4685.150218452935,2019-01-11,5629.113282449067,-0.1676930302574121,-0.00600303657249901
1014,60,45,4652.343278564511,2019-01-14,5629.113282449067,-0.17352111333946918,-0.007002324014972028
1015,60,45,4678.617725897047,2019-01-15,5629.113282449067,-0.16885351366360957,0.005647572794895694
1016,60,45,4675.887525935815,2019-01-16,5629.113282449067,-0.16933852787885817,-0.0005835484156186954
1017,60,45,4752.064948677815,2019-01-17,5629.113282449067,-0.15580577077846147,0.016291543010704457
1018,60,45,4822.092673473151,2019-01-18,5629.113282449067,-0.14336549443623992,0.01473627266286015
1019,60,45,4739.123852024935,2019-01-22,5629.113282449067,-0.15810472906967732,-0.017205978206233152
1020,60,45,4759.957450429762,2019-01-23,5629.113282449067,-0.15440368463168685,0.0043960865036107855
1021,60,45,4780.063395476829,2019-01-24,5629.113282449067,-0.15083190626478926,0.004223975793155921
1022,60,45,4805.293497945869,2019-01-25,5629.113282449067,-0.14634983223232945,0.005278194112009915
1023,60,45,4778.65415437392,2019-01-28,5629.113282449067,-0.15108225494888883,-0.005543749530249498
1024,60,45,4773.738904878609,2019-01-29,5629.113282449067,-0.15195543856568272,-0.0010285844793376242
1025,60,45,4817.135193719878,2019-01-30,5629.113282449067,-0.14424618016852564,0.00909062889822465
1026,60,45,4832.803728308898,2019-01-31,5629.113282449067,-0.1414626983299433,0.0032526665661050114
1027,60,45,4890.215793796904,2019-02-01,5629.113282449067,-0.13126356702679276,0.01187966007220731
1028,60,45,4938.641107214015,2019-02-04,5629.113282449067,-0.12266091311181548,0.0099024900861302
1029,60,45,4963.997351290659,2019-02-05,5629.113282449067,-0.11815643029110168,0.0051342552589224155
1030,60,45,4953.762256082568,2019-02-06,5629.113282449067,-0.11997467318203858,-0.002061865565949672
1031,60,45,4966.599087631626,2019-02-07,5629.113282449067,-0.11769423736471674,0.0025913297581645622
1032,60,45,4976.968066873917,2019-02-08,5629.113282449067,-0.11585221025991144,0.002087742348303001
1033,60,45,4976.482253641536,2019-02-11,5629.113282449067,-0.11593851394718957,-9.761228640692288e-05
1034,60,45,5059.14583311072,2019-02-12,5629.113282449067,-0.10125350490199603,0.016610845825622
1035,60,45,5085.7873365567575,2019-02-13,5629.113282449067,-0.09652069848839917,0.005266008200767169
1036,60,45,5073.568274696586,2019-02-14,5629.113282449067,-0.09869138883465123,-0.002402590012433481
1037,60,45,5119.977523811638,2019-02-15,5629.113282449067,-0.09044688445422766,0.009147260192892137
1038,60,45,5430.238582821525,2019-02-19,5629.113282449067,-0.03532966732924181,0.060598129106416154
1039,60,45,5376.500026315553,2019-02-20,5629.113282449067,-0.04487620757626831,-0.009896168591187249
1040,60,45,5401.035404262915,2019-02-21,5629.113282449067,-0.040517549877220005,0.004563447935882481
1041,60,45,5434.84226052999,2019-02-22,5629.113282449067,-0.03451183377758471,0.00625932876507207
1042,60,45,5421.688535846142,2019-02-25,5629.113282449067,-0.036848564986185495,-0.0024202587772188533
1043,60,45,5417.537292794802,2019-02-26,5629.113282449067,-0.03758602448345372,-0.0007656734657282005
1044,60,45,5417.979575438975,2019-02-27,5629.113282449067,-0.0375074539125696,8.163905853697528e-05
1045,60,45,5414.411978921473,2019-02-28,5629.113282449067,-0.038141229844673497,-0.0006584736003205638
1046,60,45,5427.027290857167,2019-03-01,5629.113282449067,-0.035900146515434495,0.0023299505070553117
1047,60,45,5426.397423607733,2019-03-04,5629.113282449067,-0.03601204109240064,-0.00011606119071760901
1048,60,45,5421.047000484657,2019-03-05,5629.113282449067,-0.0369625323784365,-0.0009859991271187196
1049,60,45,5406.709673509055,2019-03-06,5629.113282449067,-0.03950952801632912,-0.0026447523835007036
1050,60,45,5390.496825761073,2019-03-07,5629.113282449067,-0.042389705929701815,-0.0029986532895265317
1051,60,45,5395.176990695136,2019-03-08,5629.113282449067,-0.041558284585126004,0.000868225153513924
1052,60,45,5411.953645239503,2019-03-11,5629.113282449067,-0.03857794759374322,0.0031095651863324303
1053,60,45,5394.544316485155,2019-03-12,5629.113282449067,-0.041670677812662094,-0.0032168288746637907
1054,60,45,5433.894759369611,2019-03-13,5629.113282449067,-0.034680155343138064,0.007294488760469564
1055,60,45,5402.424787749773,2019-03-14,5629.113282449067,-0.0402707288563694,-0.005791420889330823
1056,60,45,5418.78625675176,2019-03-15,5629.113282449067,-0.037364148693379895,0.0030285417464928077
1057,60,45,5452.026453356735,2019-03-18,5629.113282449067,-0.031459098477280345,0.0061342512935544935
1058,60,45,5463.8441723663445,2019-03-19,5629.113282449067,-0.029359705834667182,0.00216758284478491
1059,60,45,5426.139729904078,2019-03-20,5629.113282449067,-0.03605781983067158,-0.006900717017692126
1060,60,45,5575.150858514722,2019-03-21,5629.113282449067,-0.009586309819451189,0.027461719754363623
1061,60,45,5479.249348460449,2019-03-22,5629.113282449067,-0.026623009072472614,-0.017201599111494215
1062,60,45,5441.878926094535,2019-03-25,5629.113282449067,-0.03326178510890998,-0.006820354393328398
1063,60,45,5470.60847257629,2019-03-26,5629.113282449067,-0.028158042291843155,0.005279343195967456
1064,60,45,5492.775698458701,2019-03-27,5629.113282449067,-0.02422008176944146,0.004052058558665639
1065,60,45,5525.213269842419,2019-03-28,5629.113282449067,-0.018457616216499995,0.005905497177469021
1066,60,45,5562.329492932779,2019-03-29,5629.113282449067,-0.011863998140615117,0.006717609127044444
1067,60,45,5613.349916421616,2019-04-01,5629.113282449067,-0.0028003284418878227,0.009172492128282084
1068,60,45,5556.7860280217965,2019-04-02,5629.113282449067,-0.012848782889621102,-0.010076672440167078
1069,60,45,5599.046077588337,2019-04-03,5629.113282449067,-0.005341374982535285,0.007605124500643212
1070,60,45,5648.730656579172,2019-04-04,5648.730656579172,0.0,0.008873757833447904
1071,60,45,5754.039392136099,2019-04-05,5754.039392136099,0.0,0.018642902619949053
1072,60,45,5763.734064662558,2019-04-08,5763.734064662558,0.0,0.0016848463949878933
1073,60,45,5668.180367392877,2019-04-09,5763.734064662558,-0.01657843616615151,-0.01657843616615151
1074,60,45,5727.354452358371,2019-04-10,5763.734064662558,-0.006311813122543253,0.010439696892128314
1075,60,45,5704.5254356634005,2019-04-11,5763.734064662558,-0.010272616386339806,-0.003985961910489166
1076,60,45,5687.749103142168,2019-04-12,5763.734064662558,-0.013183287200263738,-0.0029408813599727246
1077,60,45,5677.6263249175945,2019-04-15,5763.734064662558,-0.014939575417417306,-0.0017797511882127193
1078,60,45,5646.7743469273855,2019-04-16,5763.734064662558,-0.020292351524726304,-0.0054339571195110015
1079,60,45,5552.751914288499,2019-04-17,5763.734064662558,-0.036605115365677565,-0.01665064457375509
1080,60,45,5554.080759563512,2019-04-18,5763.734064662558,-0.03637456252265858,0.00023931292006640348
1081,60,45,5536.196096277022,2019-04-22,5763.734064662558,-0.03947752721288289,-0.0032200942083341344
1082,60,45,5584.451869377851,2019-04-23,5763.734064662558,-0.031105216388085277,0.008716413266733891
1083,60,45,5551.612515809862,2019-04-24,5763.734064662558,-0.03680279944788101,-0.005880497197596424
1084,60,45,5526.375986530321,2019-04-25,5763.734064662558,-0.041181302861885816,-0.004545801640095104
1085,60,45,5528.513337865727,2019-04-26,5763.734064662558,-0.0408104753199785,0.00038675460023274155
1086,60,45,5517.265798612631,2019-04-29,5763.734064662558,-0.04276190804170221,-0.0020344600014002845
1087,60,45,5618.053822438332,2019-04-30,5763.734064662558,-0.02527532335632754,0.01826774846538015
1088,60,45,5536.388122235844,2019-05-01,5763.734064662558,-0.03944421097090012,-0.014536297227398798
1089,60,45,5553.179519912405,2019-05-02,5763.734064662558,-0.03653092637307165,0.0030329155589945422
1090,60,45,5537.37385883226,2019-05-03,5763.734064662558,-0.0392731870157077,-0.0028462362910238737
1091,60,45,5574.503825184242,2019-05-06,5763.734064662558,-0.03283118848915789,0.006705338541077133
1092,60,45,5509.011766130325,2019-05-07,5763.734064662558,-0.04419397142105064,-0.011748500154944663
1093,60,45,5519.630433869352,2019-05-08,5763.734064662558,-0.04235164704940242,0.0019275086330929891
1094,60,45,5499.846982643842,2019-05-09,5763.734064662558,-0.04578404885759857,-0.003584198518820192
1095,60,45,5458.575620847139,2019-05-10,5763.734064662558,-0.05294457384603224,-0.007504092736933421
1096,60,45,5360.991108753606,2019-05-13,5763.734064662558,-0.06987535361462438,-0.017877285004689436
1097,60,45,5385.27331886637,2019-05-14,5763.734064662558,-0.06566242327461469,0.0045294255521362015
1098,60,45,5393.589957378386,2019-05-15,5763.734064662558,-0.06421949783448966,0.0015443298825486007
1099,60,45,5424.497741074278,2019-05-16,5763.734064662558,-0.058857039513349085,0.005730465967960674
1100,60,45,5453.244962533856,2019-05-17,5763.734064662558,-0.05386943579376957,0.005299517638638562
1101,60,45,5458.998769477023,2019-05-20,5763.734064662558,-0.052871158135811,0.0010551161707752499
1102,60,45,5519.283561103588,2019-05-21,5763.734064662558,-0.04241182900121909,0.011043195679697915
1103,60,45,5531.460815951441,2019-05-22,5763.734064662558,-0.040299091891692895,0.0022063107852747788
1104,60,45,5518.024178076696,2019-05-23,5763.734064662558,-0.04263033023891727,-0.002429130083683617
1105,60,45,5514.845043911185,2019-05-24,5763.734064662558,-0.043181905681129784,-0.0005761363239658035
1106,60,45,5450.7936645605805,2019-05-28,5763.734064662558,-0.05429473264920648,-0.011614357038249312
1107,60,45,5406.265625744692,2019-05-29,5763.734064662558,-0.062020286659216994,-0.008169092714955584
1108,60,45,5446.609746557866,2019-05-30,5763.734064662558,-0.055020636716912485,0.0074624747665106295
1109,60,45,5343.967462368596,2019-05-31,5763.734064662558,-0.07282893304664251,-0.018845169557840546
1110,60,45,5357.705109032852,2019-06-03,5763.734064662558,-0.07044547008493474,0.002570683066653201
1111,60,45,5506.125513004429,2019-06-04,5763.734064662558,-0.044694732402302595,0.027702234623056654
1112,60,45,5551.698202964532,2019-06-05,5763.734064662558,-0.03678793284340043,0.008276725594516421
1113,60,45,5571.823019489011,2019-06-06,5763.734064662558,-0.03329630462136568,0.0036249838857833616
1114,60,45,5667.749548023152,2019-06-07,5763.734064662558,-0.016653182739274408,0.017216363154143766
1115,60,45,5703.152681734726,2019-06-10,5763.734064662558,-0.01051078732088917,0.006246418161494516
1116,60,45,5733.967399994121,2019-06-11,5763.734064662558,-0.005164475726063933,0.0054031024556091545
1117,60,45,5750.803193433576,2019-06-12,5763.734064662558,-0.002243488523917425,0.002936150882105304
1118,60,45,5759.384212488278,2019-06-13,5763.734064662558,-0.0007546934201820843,0.001492142708778399
1119,60,45,5734.690557223052,2019-06-14,5763.734064662558,-0.005039008933040878,-0.004287551299613224
1120,60,45,5688.514978426809,2019-06-17,5763.734064662558,-0.013050408882831266,-0.008051973918293265
1121,60,45,5803.150001216114,2019-06-18,5803.150001216114,0.0,0.020152012119867502
1122,60,45,5800.5200615824,2019-06-19,5803.150001216114,-0.00045319173779123645,-0.00045319173779123645
1123,60,45,5820.335283484398,2019-06-20,5820.335283484398,0.0,0.0034161112609949473
1124,60,45,5780.484165660835,2019-06-21,5820.335283484398,-0.006846876663040957,-0.006846876663040957
1125,60,45,5780.671706259889,2019-06-24,5820.335283484398,-0.006814655048663076,3.244375275146538e-05
1126,60,45,5686.18554587591,2019-06-25,5820.335283484398,-0.02304845529932742,-0.016345187062199007
1127,60,45,5748.204730611805,2019-06-26,5820.335283484398,-0.012392851847773945,0.010906992787260705
1128,60,45,5809.635380284455,2019-06-27,5820.335283484398,-0.0018383654340849986,0.010686927928211132
1129,60,45,5845.091289464786,2019-06-28,5845.091289464786,0.0,0.006102949128383273
1130,60,45,6002.073404400206,2019-07-01,6002.073404400206,0.0,0.02685708522950958
1131,60,45,5986.9735141015735,2019-07-02,6002.073404400206,-0.002515779011893149,-0.002515779011893149
1132,60,45,6024.648008440281,2019-07-03,6024.648008440281,0.0,0.006292744447585985
1133,60,45,6057.874463976235,2019-07-05,6057.874463976235,0.0,0.00551508660579092
1134,60,45,6004.641438951105,2019-07-08,6057.874463976235,-0.008787409732850415,-0.008787409732850415
1135,60,45,6051.540000013769,2019-07-09,6057.874463976235,-0.001045657845855863,0.007810384939630266
1136,60,45,6112.941873371962,2019-07-10,6112.941873371962,0.0,0.010146487234332646
1137,60,45,6142.943925383519,2019-07-11,6142.943925383519,0.0,0.004907956370769018
1138,60,45,6159.385619580387,2019-07-12,6159.385619580387,0.0,0.0026765170570626218
1139,60,45,6123.043866061003,2019-07-15,6159.385619580387,-0.005900223782686287,-0.005900223782686287
1140,60,45,6080.157234833232,2019-07-16,6159.385619580387,-0.012863033692076753,-0.007004135878477813
1141,60,45,5949.657735908239,2019-07-17,6159.385619580387,-0.03405013042298133,-0.021463178316731835
1142,60,45,6084.537415089297,2019-07-18,6159.385619580387,-0.012151894541746477,0.022670157707898264
1143,60,45,6083.091329460253,2019-07-19,6159.385619580387,-0.012386672118335662,-0.00023766566468264028
1144,60,45,6086.326018982726,2019-07-22,6159.385619580387,-0.01186150780451356,0.0005317509383440111
1145,60,45,6117.54545276895,2019-07-23,6159.385619580387,-0.006792912377239335,0.0051294382996989185
1146,60,45,6105.5349806017975,2019-07-24,6159.385619580387,-0.008742858834394296,-0.001963282865632965
1147,60,45,6028.98349688427,2019-07-25,6159.385619580387,-0.021171287324757815,-0.012538046864155827
1148,60,45,6061.057117855826,2019-07-26,6159.385619580387,-0.015964011315021454,0.005319905252374912
1149,60,45,5969.096644076542,2019-07-29,6159.385619580387,-0.03089414874414187,-0.015172348979911154
1150,60,45,6028.927557920039,2019-07-30,6159.385619580387,-0.02118036923124733,0.010023445323652291
1151,60,45,5912.219588740776,2019-07-31,6159.385619580387,-0.04012835794107161,-0.019357998260560838
1152,60,45,5766.838951837251,2019-08-01,6159.385619580387,-0.06373146479013247,-0.02458985745055675
1153,60,45,5648.00170078646,2019-08-02,6159.385619580387,-0.08302515062026039,-0.020607000133570752
1154,60,45,5672.628523607278,2019-08-05,6159.385619580387,-0.07902689099798077,0.004360271849314312
1155,60,45,5711.182252255032,2019-08-06,6159.385619580387,-0.07276754452595702,0.006796448681119838
1156,60,45,5671.906514987981,2019-08-07,6159.385619580387,-0.07914411188069381,-0.0068769889547025675
1157,60,45,5819.151130763603,2019-08-08,6159.385619580387,-0.05523838087603994,0.02596033897711969
1158,60,45,5770.177380279676,2019-08-09,6159.385619580387,-0.06318945806273879,-0.008415961260229476
1159,60,45,5719.9536462741735,2019-08-12,6159.385619580387,-0.0713434748928986,-0.008704019078711323
1160,60,45,5787.041603833532,2019-08-13,6159.385619580387,-0.06045148635656006,0.011728758956474739
1161,60,45,5593.1601800715725,2019-08-14,6159.385619580387,-0.09192888292442869,-0.03350268358767727
1162,60,45,5606.763982617202,2019-08-15,6159.385619580387,-0.08972025313797993,0.0024322211607847866
1163,60,45,5658.235680328888,2019-08-16,6159.385619580387,-0.08136362458917468,0.009180286145674232
1164,60,45,5698.053093406425,2019-08-19,6159.385619580387,-0.07489911407842498,0.007037072212450424
1165,60,45,5685.854205400699,2019-08-20,6159.385619580387,-0.07687965057332258,-0.002140887037335948
1166,60,45,5738.043931427996,2019-08-21,6159.385619580387,-0.068406447359452,0.009178871659727639
1167,60,45,5744.829969537826,2019-08-22,6159.385619580387,-0.06730470791189125,0.001182639622653081
1168,60,45,5652.285514721732,2019-08-23,6159.385619580387,-0.0823296569136065,-0.016109172126383964
1169,60,45,5693.401854558824,2019-08-26,6159.385619580387,-0.0756542606360322,0.007274285725659357
1170,60,45,5681.271581836894,2019-08-27,6159.385619580387,-0.0776236571750909,-0.0021305843205529085
1171,60,45,5690.375721252334,2019-08-28,6159.385619580387,-0.07614556504419756,0.001602482698511709
1172,60,45,5710.489533496628,2019-08-29,6159.385619580387,-0.07288001008684064,0.003534707237199175
1173,60,45,5716.260582029399,2019-08-30,6159.385619580387,-0.07194305810993795,0.0010106048700238013
1174,60,45,5641.924971851496,2019-09-03,6159.385619580387,-0.08401173098886838,-0.01300423749253099
1175,60,45,5694.006617828806,2019-09-04,6159.385619580387,-0.07555607498776562,0.00923118372490861
1176,60,45,5772.461212853342,2019-09-05,6159.385619580387,-0.06281866904014444,0.013778451675641179
1177,60,45,5806.395327459215,2019-09-06,6159.385619580387,-0.057309334716604377,0.005878621502092285
1178,60,45,5833.930583853164,2019-09-09,6159.385619580387,-0.05283887969160728,0.004742229014915722
1179,60,45,5832.464299931253,2019-09-10,6159.385619580387,-0.05307693653890866,-0.0002513372246781831
1180,60,45,5858.341591672656,2019-09-11,6159.385619580387,-0.04887565846676767,0.004436768132761504
1181,60,45,5901.427682212941,2019-09-12,6159.385619580387,-0.04188046556906755,0.007354656580887964
1182,60,45,5905.861971888826,2019-09-13,6159.385619580387,-0.041160541545835705,0.00075139269930391
1183,60,45,5874.598218565508,2019-09-16,6159.385619580387,-0.0462363324208106,-0.005293681679681805
1184,60,45,5883.408451176879,2019-09-17,6159.385619580387,-0.044805957192579515,0.0014997166246242255
1185,60,45,5894.037000453017,2019-09-18,6159.385619580387,-0.04308037124414488,0.001806529219301689
1186,60,45,5867.990743009439,2019-09-19,6159.385619580387,-0.04730908154940294,-0.004419086178382603
1187,60,45,5823.997864842897,2019-09-20,6159.385619580387,-0.05445149491392598,-0.0074970939957516025
1188,60,45,5834.771263417229,2019-09-23,6159.385619580387,-0.05270239212353012,0.001849828730083658
1189,60,45,5823.879081374964,2019-09-24,6159.385619580387,-0.05447077986785964,-0.001866771043889437
1190,60,45,5821.990328786733,2019-09-25,6159.385619580387,-0.05477742613177061,-0.00032431177945835277
1191,60,45,5816.173055330826,2019-09-26,6159.385619580387,-0.05572188290314295,-0.0009991898178091096
1192,60,45,5811.620526796731,2019-09-27,6159.385619580387,-0.056461003460820613,-0.0007827360862178168
1193,60,45,5835.085814340541,2019-09-30,6159.385619580387,-0.052651323568524866,0.004037649642748553
1194,60,45,5692.306696300785,2019-10-01,6159.385619580387,-0.07583206380110075,-0.024469069107579622
1195,60,45,5633.2068186392,2019-10-02,6159.385619580387,-0.0854271567716901,-0.010382412757202975
1196,60,45,5626.127164489282,2019-10-03,6159.385619580387,-0.08657656591525986,-0.001256771565086634
1197,60,45,5693.159571601264,2019-10-04,6159.385619580387,-0.07569359620820182,0.011914484893813748
1198,60,45,5668.060995042563,2019-10-07,6159.385619580387,-0.07976844686845508,-0.004408549636286008
1199,60,45,5589.507635140128,2019-10-08,6159.385619580387,-0.09252188767474556,-0.013858947525642429
1200,60,45,5606.640309489838,2019-10-09,6159.385619580387,-0.08974033194697195,0.0030651491093778294
1201,60,45,5628.092009065287,2019-10-10,6159.385619580387,-0.0862575658237964,0.003826123737443954
1202,60,45,5605.442932508416,2019-10-11,6159.385619580387,-0.0899347307158388,-0.004024290384803564
1203,60,45,5638.577505771127,2019-10-14,6159.385619580387,-0.08455520501162272,0.005911142734243091
1204,60,45,5806.292661585704,2019-10-15,6159.385619580387,-0.05732600291694967,0.029744231704347257
1205,60,45,5655.120209821776,2019-10-16,6159.385619580387,-0.08186943323625906,-0.026035968314873426
1206,60,45,5708.615026579045,2019-10-17,6159.385619580387,-0.07318434351120429,0.009459536627419274
1207,60,45,5614.186227171497,2019-10-18,6159.385619580387,-0.08851522312156068,-0.016541455145931416
1208,60,45,5668.535003612694,2019-10-21,6159.385619580387,-0.07969148974977358,0.00968061518482588
1209,60,45,5554.286743930069,2019-10-22,6159.385619580387,-0.09824013514054686,-0.02015481241799011
1210,60,45,5570.407585560684,2019-10-23,6159.385619580387,-0.09562285435537121,0.002902414364586603
1211,60,45,5647.264280851497,2019-10-24,6159.385619580387,-0.08314487358948297,0.013797319874767622
1212,60,45,5642.0021328161965,2019-10-25,6159.385619580387,-0.08399920360879076,-0.0009318048126670808
1213,60,45,5640.888475645233,2019-10-28,6159.385619580387,-0.0841800101436867,-0.00019738687521697607
1214,60,45,5669.733599592175,2019-10-29,6159.385619580387,-0.07949689307187269,0.005113578130729213
1215,60,45,5678.7083565514,2019-10-30,6159.385619580387,-0.07803980668151989,0.001582923924304147
1216,60,45,5703.450388018846,2019-10-31,6159.385619580387,-0.07402284249132662,0.004356982242079921
1217,60,45,5780.820150861019,2019-11-01,6159.385619580387,-0.061461563230580496,0.01356543102482366
1218,60,45,5863.112114298217,2019-11-04,6159.385619580387,-0.04810114572796531,0.014235343997847982
1219,60,45,5731.505833506764,2019-11-05,6159.385619580387,-0.06946793276157515,-0.022446488865615954
1220,60,45,5651.3978130209625,2019-11-06,6159.385619580387,-0.08247377870684969,-0.01397678425405846
1221,60,45,5744.961842879334,2019-11-07,6159.385619580387,-0.06728329776652087,0.016555909343843656
1222,60,45,5704.121056389223,2019-11-08,6159.385619580387,-0.07391395689594438,-0.007108974368686516
1223,60,45,5726.553553562733,2019-11-11,6159.385619580387,-0.07027195450171231,0.003932682520540798
1224,60,45,5755.270334383419,2019-11-12,6159.385619580387,-0.06560967443121357,0.0050146707879505925
1225,60,45,5724.761026839144,2019-11-13,6159.385619580387,-0.07056297812554446,-0.0053011076407663005
1226,60,45,5788.008873794338,2019-11-14,6159.385619580387,-0.06029444634956138,0.011048120027835617
1227,60,45,5830.358767184684,2019-11-15,6159.385619580387,-0.05341877789722116,0.007316832837297227
1228,60,45,5826.027593372769,2019-11-18,6159.385619580387,-0.05412196066242214,-0.0007428657454654486
1229,60,45,5814.542889019562,2019-11-19,6159.385619580387,-0.055986546688128636,-0.0019712753105171066
1230,60,45,5862.163749797947,2019-11-20,6159.385619580387,-0.048255116360564676,0.008189957781258306
1231,60,45,5869.383844050354,2019-11-21,6159.385619580387,-0.047082906224953924,0.0012316432226335827
1232,60,45,5900.103509686881,2019-11-22,6159.385619580387,-0.04209545008340787,0.005233882542486468
1233,60,45,5909.37743321081,2019-11-25,6159.385619580387,-0.04058979284797726,0.001571823868632638
1234,60,45,5886.769213367326,2019-11-26,6159.385619580387,-0.04426032449509687,-0.003825820925978496
1235,60,45,5923.223733407644,2019-11-27,6159.385619580387,-0.038341792633017735,0.006192619197222804
1236,60,45,5864.969803391697,2019-11-29,6159.385619580387,-0.047799542742178236,-0.009834835325802205
1237,60,45,5858.329585797705,2019-12-02,6159.385619580387,-0.04887760766684912,-0.0011321827420410768
1238,60,45,5837.804188167465,2019-12-03,6159.385619580387,-0.052209985098291334,-0.003503626303306473
1239,60,45,5947.159144653707,2019-12-04,6159.385619580387,-0.034455786345317096,0.018732207001374013
1240,60,45,5927.750033362115,2019-12-05,6159.385619580387,-0.03760693038635454,-0.003263593729291747
1241,60,45,6002.097561223107,2019-12-06,6159.385619580387,-0.025536322625631547,0.012542284583957564
1242,60,45,5980.015974479842,2019-12-09,6159.385619580387,-0.029121353358740554,-0.0036789783101701667
1243,60,45,5990.260547150974,2019-12-10,6159.385619580387,-0.027458107492372763,0.0017131346663372682
1244,60,45,6014.652520855794,2019-12-11,6159.385619580387,-0.023497976529427533,0.004071938693287924
1245,60,45,6003.754758171095,2019-12-12,6159.385619580387,-0.0252672703125697,-0.001811869039302083
1246,60,45,6085.830610791934,2019-12-13,6159.385619580387,-0.01194193923410558,0.01367075370777493
1247,60,45,6134.951793935975,2019-12-16,6159.385619580387,-0.003966925786678899,0.00807140163528941
1248,60,45,6125.727132588101,2019-12-17,6159.385619580387,-0.005464585117919474,-0.0015036240964422243
1249,60,45,6160.627258573477,2019-12-18,6160.627258573477,0.0,0.005697303394353259
1250,60,45,6194.845480985928,2019-12-19,6194.845480985928,0.0,0.005554340650106848
1251,60,45,6285.556597046862,2019-12-20,6285.556597046862,0.0,0.014642998980258337
1252,60,45,6249.986798892527,2019-12-23,6285.556597046862,-0.005658973490278774,-0.005658973490278774
1253,60,45,6234.873688785999,2019-12-24,6285.556597046862,-0.008063392235570066,-0.0024181027245059328
1254,60,45,6272.438356323288,2019-12-26,6285.556597046862,-0.0020870451997422323,0.0060249283966815614
1255,60,45,6246.165381166905,2019-12-27,6285.556597046862,-0.006266941562257933,-0.0041886382398476085
1256,60,45,6200.289868429386,2019-12-30,6285.556597046862,-0.01356550168644366,-0.007344588229418303
1257,60,45,6224.451850389305,2019-12-31,6285.556597046862,-0.009721453576007288,0.003896911672298886
1258,60,45,6256.206889889346,2020-01-02,6285.556597046862,-0.004669388733418711,0.005101660397301533
1259,60,45,6228.067495045585,2020-01-03,6285.556597046862,-0.009146222949975136,-0.004497836362994501
1260,60,45,6218.651326245237,2020-01-06,6285.556597046862,-0.01064428738626888,-0.0015118925425644525
1261,60,45,6167.69493081596,2020-01-07,6285.556597046862,-0.018751190035624976,-0.008194123252130314
1262,60,45,6255.595322067766,2020-01-08,6285.556597046862,-0.004766686055006408,0.014251741086061864
1263,60,45,6264.608958086775,2020-01-09,6285.556597046862,-0.0033326625314183955,0.001440891802449551
1264,60,45,6223.596271756036,2020-01-10,6285.556597046862,-0.00985757177334734,-0.0065467272746204674
1265,60,45,6261.247890745417,2020-01-13,6285.556597046862,-0.0038673912049199677,0.006049817074454511
1266,60,45,6230.43646792093,2020-01-14,6285.556597046862,-0.008769331446610296,-0.004920971563836085
1267,60,45,6203.888497778348,2020-01-15,6285.556597046862,-0.012992978109032438,-0.004261012896812466
1268,60,45,6233.800790715317,2020-01-16,6285.556597046862,-0.008234084847133838,0.004821539418008669
1269,60,45,6230.931237649375,2020-01-17,6285.556597046862,-0.008690616106002746,-0.0004603215858638432
1270,60,45,6211.936157808715,2020-01-21,6285.556597046862,-0.011712636439028645,-0.00304851379612181
1271,60,45,6218.066485915164,2020-01-22,6285.556597046862,-0.010737332500260544,0.000986862702821334
1272,60,45,6219.843386861985,2020-01-23,6285.556597046862,-0.010454636621321844,0.0002857642244331604
1273,60,45,6171.757692567468,2020-01-24,6285.556597046862,-0.018104825359914867,-0.007731013677303666
1274,60,45,6111.48264588588,2020-01-27,6285.556597046862,-0.027694277900984554,-0.009766269138235417
1275,60,45,6175.053840406037,2020-01-28,6285.556597046862,-0.01758042504823565,0.010401926701526731
1276,60,45,6108.307247392077,2020-01-29,6285.556597046862,-0.028199467607699535,-0.010809070615256489
1277,60,45,6109.21402245658,2020-01-30,6285.556597046862,-0.028055204319237692,0.00014844948490266852
1278,60,45,5998.873090904396,2020-01-31,6285.556597046862,-0.0456098838211334,-0.01806139564706466
1279,60,45,6012.5282858972605,2020-02-03,6285.556597046862,-0.04343741193546469,0.002276293361426207
1280,60,45,6028.139753817741,2020-02-04,6285.556597046862,-0.040953707003459905,0.0025964897258110575
1281,60,45,6107.711255194037,2020-02-05,6285.556597046862,-0.0282942869270133,0.013200009393594891
1282,60,45,6199.119965933873,2020-02-06,6285.556597046862,-0.013751627207302608,0.014966115279615
1283,60,45,6155.054169255953,2020-02-07,6285.556597046862,-0.020762270735454558,-0.0071083955335717874
1284,60,45,6127.239124718151,2020-02-10,6285.556597046862,-0.02518750247242918,-0.004519057635062884
1285,60,45,6183.574396413836,2020-02-11,6285.556597046862,-0.01622484803986013,0.009194234229968457
1286,60,45,6235.178157077713,2020-02-12,6285.556597046862,-0.008014952883061865,0.008345296321461637
1287,60,45,6242.414243322368,2020-02-13,6285.556597046862,-0.0068637284635642,0.0011605259805513857
1288,60,45,6278.359101310104,2020-02-14,6285.556597046862,-0.0011450848664921187,0.005758166085531258
1289,60,45,6279.193047432473,2020-02-18,6285.556597046862,-0.0010124082913165466,0.00013282867528152664
1290,60,45,6291.683702287469,2020-02-19,6291.683702287469,0.0,0.001989213384688604
1291,60,45,6346.158603102333,2020-02-20,6346.158603102333,0.0,0.008658238937704121
1292,60,45,6357.668520866255,2020-02-21,6357.668520866255,0.0,0.0018136826517849425
1293,60,45,6161.147555821809,2020-02-24,6357.668520866255,-0.030910854254110887,-0.030910854254110887
1294,60,45,6001.751735646532,2020-02-25,6357.668520866255,-0.05598228093389612,-0.025871125262153405
1295,60,45,5970.792791859061,2020-02-26,6357.668520866255,-0.060851824491548134,-0.005158317963003145
1296,60,45,5854.187399293162,2020-02-27,6357.668520866255,-0.07919272920892884,-0.019529298140254614
1297,60,45,5854.187399293162,2020-02-28,6357.668520866255,-0.07919272920892884,0.0
1298,60,45,5855.288778344153,2020-03-02,6357.668520866255,-0.07901949289637566,0.00018813525701677491
1299,60,45,5759.6724725970025,2020-03-03,6357.668520866255,-0.09405901649426873,-0.016329904359420833
1300,60,45,6066.282648551679,2020-03-04,6357.668520866255,-0.045832190111552595,0.053233960336016795
1301,60,45,5937.287719362684,2020-03-05,6357.668520866255,-0.06612184956228151,-0.0212642464359607
1302,60,45,5863.691580150705,2020-03-06,6357.668520866255,-0.07769781313610291,-0.012395582409113648
1303,60,45,5616.501211686702,2020-03-09,6357.668520866255,-0.11657847633090601,-0.04215609997305647
1304,60,45,5862.447891866321,2020-03-10,6357.668520866255,-0.07789343331987031,0.04379001640164493
1305,60,45,5703.801966771543,2020-03-11,6357.668520866255,-0.10284690872899105,-0.027061379140765784
1306,60,45,5423.6855071452665,2020-03-12,6357.668520866255,-0.14690652880935817,-0.04911048126462714
1307,60,45,5458.162337342226,2020-03-13,6357.668520866255,-0.14148365561554432,0.00635671632352941
1308,60,45,5458.162337342226,2020-03-16,6357.668520866255,-0.14148365561554432,0.0
1309,60,45,5644.714036596823,2020-03-17,6357.668520866255,-0.11214087081285729,0.03417848127716838
1310,60,45,5483.356933621393,2020-03-18,6357.668520866255,-0.13752078837946924,-0.02858552300954309
1311,60,45,5206.075304051557,2020-03-19,6357.668520866255,-0.18113451700652505,-0.0505678606967338
1312,60,45,5249.477085422498,2020-03-20,6357.668520866255,-0.17430783498803137,0.008336756354093477
1313,60,45,5172.569944563073,2020-03-23,6357.668520866255,-0.18640458721835163,-0.014650438435666713
1314,60,45,5377.027752917659,2020-03-24,6357.668520866255,-0.15424534398578238,0.039527316313913596
1315,60,45,5297.798972198404,2020-03-25,6357.668520866255,-0.16670726779625178,-0.014734679521835159
1316,60,45,5548.457703983221,2020-03-26,6357.668520866255,-0.12728106446996323,0.0473137491815403
1317,60,45,5516.371579107279,2020-03-27,6357.668520866255,-0.13232790275205253,-0.0057828907757389025
1318,60,45,5602.031438951158,2020-03-30,6357.668520866255,-0.1188544321609486,0.015528297652809941
1319,60,45,5551.227701817335,2020-03-31,6357.668520866255,-0.126845370500543,-0.009068806144246544
1320,60,45,5498.14779391402,2020-04-01,6357.668520866255,-0.13519432857048697,-0.009561832220634336
1321,60,45,5557.477357980945,2020-04-02,6357.668520866255,-0.12586235980360305,0.010790827436941042
1322,60,45,5583.414282051811,2020-04-03,6357.668520866255,-0.12178273155847841,0.0046670318923780485
1323,60,45,5778.467375644159,2020-04-06,6357.668520866255,-0.09110275934033407,0.03493437594615845
1324,60,45,5749.987088712322,2020-04-07,6357.668520866255,-0.09558243405730982,-0.004928692173962856
1325,60,45,5805.203083907698,2020-04-08,6357.668520866255,-0.08689749003826353,0.009602803335640564
1326,60,45,6037.685119931789,2020-04-09,6357.668520866255,-0.05033030581639497,0.04004718399405216
1327,60,45,5907.283901290989,2020-04-13,6357.668520866255,-0.07084116104780802,-0.02159788330304202
1328,60,45,6062.222829733648,2020-04-14,6357.668520866255,-0.04647076049387233,0.02622845474022295
1329,60,45,5904.503965733078,2020-04-15,6357.668520866255,-0.07127841812542801,-0.02601667217295267
1330,60,45,6000.328021649936,2020-04-16,6357.668520866255,-0.05620621742758458,0.016228976468298573
1331,60,45,6117.431640291226,2020-04-17,6357.668520866255,-0.03778694654912507,0.01951620281737365
1332,60,45,5989.800633431101,2020-04-20,6357.668520866255,-0.05786207415938538,-0.02086349539560184
1333,60,45,5804.417956412432,2020-04-21,6357.668520866255,-0.0870209830282942,-0.03094972409999519
1334,60,45,5895.769320079283,2020-04-22,6357.668520866255,-0.07265229372544202,0.015738247030596675
1335,60,45,5830.781930451883,2020-04-23,6357.668520866255,-0.08287418393788504,-0.011022715798270966
1336,60,45,5876.414110680835,2020-04-24,6357.668520866255,-0.07569668166968968,0.007826082465995254
1337,60,45,6001.0952671970135,2020-04-27,6357.668520866255,-0.056085537095705185,0.02121721753570105
1338,60,45,6026.213264984354,2020-04-28,6357.668520866255,-0.052134718064341334,0.00418556891183508
1339,60,45,6239.556114866327,2020-04-29,6357.668520866255,-0.01857794340995844,0.03540247258118345
1340,60,45,6145.581933354512,2020-04-30,6357.668520866255,-0.03335917668806754,-0.015061036359287239
1341,60,45,6080.302291508589,2020-05-01,6357.668520866255,-0.043627035358533184,-0.010622206741988771
1342,60,45,6088.141847038048,2020-05-04,6357.668520866255,-0.0423939488105749,0.00128933647598517
1343,60,45,6160.789113273538,2020-05-05,6357.668520866255,-0.030967233813236295,0.011932584368222976
1344,60,45,6156.8313722756,2020-05-06,6357.668520866255,-0.031589748338010204,-0.0006424081274605253
1345,60,45,6267.4091867863945,2020-05-07,6357.668520866255,-0.014196923570900855,0.017960182409531233
1346,60,45,6350.252091178452,2020-05-08,6357.668520866255,-0.0011665329300295513,0.013218046232997827
1347,60,45,6406.304595247568,2020-05-11,6406.304595247568,0.0,0.008826815575870173
1348,60,45,6371.114511234397,2020-05-12,6406.304595247568,-0.0054930394722843,-0.0054930394722843
1349,60,45,6321.0668614683655,2020-05-13,6406.304595247568,-0.013305288955888006,-0.007855399503145066
1350,60,45,6454.788030853223,2020-05-14,6454.788030853223,0.0,0.021154841787861534
1351,60,45,6407.339503710012,2020-05-15,6454.788030853223,-0.007350903998150193,-0.007350903998150193
1352,60,45,6531.924157887546,2020-05-18,6531.924157887546,0.0,0.019444053823805874
1353,60,45,6526.029782371511,2020-05-19,6531.924157887546,-0.0009023949717661406,-0.0009023949717661406
1354,60,45,6542.786073342703,2020-05-20,6542.786073342703,0.0,0.0025676087192332275
1355,60,45,6501.996864037754,2020-05-21,6542.786073342703,-0.006234226344513538,-0.006234226344513538
1356,60,45,6437.344129282574,2020-05-22,6542.786073342703,-0.01611575602169424,-0.00994351983046493
1357,60,45,6692.827096641629,2020-05-26,6692.827096641629,0.0,0.03968763549503285
1358,60,45,6753.357299955043,2020-05-27,6753.357299955043,0.0,0.009044041096442967
1359,60,45,6631.046161232539,2020-05-28,6753.357299955043,-0.01811116061093332,-0.01811116061093332
1360,60,45,6614.97047669404,2020-05-29,6753.357299955043,-0.020491559548007965,-0.0024243059311640502
1361,60,45,6609.745154926901,2020-06-01,6753.357299955043,-0.021265296451751237,-0.0007899236717003877
1362,60,45,6727.150375892883,2020-06-02,6753.357299955043,-0.003880577155651932,0.017762442910294052
1363,60,45,6878.179352980063,2020-06-03,6878.179352980063,0.0,0.02245066166922638
1364,60,45,6875.241984781196,2020-06-04,6878.179352980063,-0.0004270560635489806,-0.0004270560635489806
1365,60,45,7292.637538893887,2020-06-05,7292.637538893887,0.0,0.060709943742579986
1366,60,45,7299.130837327745,2020-06-08,7299.130837327745,0.0,0.0008903909455566517
1367,60,45,7280.07090582285,2020-06-09,7299.130837327745,-0.002611260426710338,-0.002611260426710338
1368,60,45,7284.788700672283,2020-06-10,7299.130837327745,-0.001964910203022585,0.0006480424312431676
1369,60,45,7241.762434681569,2020-06-11,7299.130837327745,-0.007859621087046964,-0.005906316265115952
1370,60,45,7255.160954776876,2020-06-12,7299.130837327745,-0.006023988818779302,0.0018501739343366186
1371,60,45,7259.312637280484,2020-06-15,7299.130837327745,-0.005455197465927264,0.0005722385112454376
1372,60,45,7273.843526043111,2020-06-16,7299.130837327745,-0.00346442773094513,0.002001689345628055
1373,60,45,7253.462617739403,2020-06-17,7299.130837327745,-0.0062566654312860015,-0.0028019448357303745
1374,60,45,7245.536756946518,2020-06-18,7299.130837327745,-0.007342529073070869,-0.0010927003019911563
1375,60,45,7180.808605853283,2020-06-19,7299.130837327745,-0.016210454931066987,-0.008933520491932967
1376,60,45,7180.431101638951,2020-06-22,7299.130837327745,-0.016262173994986306,-5.2571268091439194e-05
1377,60,45,7157.682964613015,2020-06-23,7299.130837327745,-0.019378728216702945,-0.0031680739922068657
1378,60,45,7157.682964613015,2020-06-24,7299.130837327745,-0.019378728216702945,0.0
1379,60,45,7157.682964613015,2020-06-25,7299.130837327745,-0.019378728216702945,0.0
1380,60,45,7157.682964613015,2020-06-26,7299.130837327745,-0.019378728216702945,0.0
1381,60,45,7157.682964613015,2020-06-29,7299.130837327745,-0.019378728216702945,0.0
1382,60,45,7146.239586329415,2020-06-30,7299.130837327745,-0.020946500947269575,-0.0015987545606833686
1383,60,45,7173.5695350262895,2020-07-01,7299.130837327745,-0.017202226552692435,0.003824381811821098
1384,60,45,7133.655876413407,2020-07-02,7299.130837327745,-0.022670502091577727,-0.00556398853011697
1385,60,45,7191.493684354737,2020-07-06,7299.130837327745,-0.01474657125236778,0.008107737314966945
1386,60,45,7227.988373103011,2020-07-07,7299.130837327745,-0.009746703519946665,0.00507470218984829
1387,60,45,7125.120332759517,2020-07-08,7299.130837327745,-0.023839893878643603,-0.014231904512504445
1388,60,45,7031.002530821772,2020-07-09,7299.130837327745,-0.036734278708194346,-0.013209292972220399
1389,60,45,7010.247576083732,2020-07-10,7299.130837327745,-0.03957776174755823,-0.0029519196795985136
1390,60,45,6967.383781532915,2020-07-13,7299.130837327745,-0.04545021361971979,-0.006114448039902576
1391,60,45,6951.474246365938,2020-07-14,7299.130837327745,-0.047629861515002925,-0.0022834302897374315
1392,60,45,7132.1235590578335,2020-07-15,7299.130837327745,-0.022880433573794434,0.0259871944122263
1393,60,45,7063.872990039963,2020-07-16,7299.130837327745,-0.03223093989282588,-0.009569459706175731
1394,60,45,7041.696762667066,2020-07-17,7299.130837327745,-0.03526914099746803,-0.003139386481632034
1395,60,45,6967.170745951098,2020-07-20,7299.130837327745,-0.04547940005116824,-0.010583531104474964
1396,60,45,7078.488853099771,2020-07-21,7299.130837327745,-0.030228528457061032,0.015977519599812418
1397,60,45,6998.561724477206,2020-07-22,7299.130837327745,-0.04117875395703685,-0.011291552516546566
1398,60,45,7075.856135284892,2020-07-23,7299.130837327745,-0.030589217677949643,0.011044327942032917
1399,60,45,6957.065207046859,2020-07-24,7299.130837327745,-0.04686388529050112,-0.016788205690851044
1400,60,45,6778.9968823859845,2020-07-27,7299.130837327745,-0.07125971112639828,-0.025595322073524218
1401,60,45,6873.096597755011,2020-07-28,7299.130837327745,-0.05836780420402865,0.01388106780422449
1402,60,45,7025.566750020036,2020-07-29,7299.130837327745,-0.03747899488370621,0.022183618416599327
1403,60,45,6958.223969837197,2020-07-30,7299.130837327745,-0.04670513175995572,-0.009585387567863757
1404,60,45,6911.237218724765,2020-07-31,7299.130837327745,-0.05314243945584496,-0.006752693117685227
1405,60,45,7075.178713912505,2020-08-03,7299.130837327745,-0.030682026176315214,0.02372100537130617
1406,60,45,7127.331138943997,2020-08-04,7299.130837327745,-0.02353700765372846,0.007371181300189544
1407,60,45,7139.836013015969,2020-08-05,7299.130837327745,-0.021823807226079905,0.001754496013752549
1408,60,45,7247.362242208343,2020-08-06,7299.130837327745,-0.007092432821543371,0.015060041854792372
1409,60,45,7278.070119400087,2020-08-07,7299.130837327745,-0.002885373395412283,0.004237110850193515
1410,60,45,7559.475497505824,2020-08-10,7559.475497505824,0.0,0.0386648347005667
1411,60,45,7764.700390040763,2020-08-11,7764.700390040763,0.0,0.027148033299750907
1412,60,45,7765.239489046538,2020-08-12,7765.239489046538,0.0,6.942946652088722e-05
1413,60,45,7773.646162316609,2020-08-13,7773.646162316609,0.0,0.0010826032193764767
1414,60,45,7842.797975706941,2020-08-14,7842.797975706941,0.0,0.00889567288585269
1415,60,45,7829.750277021054,2020-08-17,7842.797975706941,-0.0016636535489377158,-0.0016636535489377158
1416,60,45,7833.2268563588195,2020-08-18,7842.797975706941,-0.0012203705077916682,0.00044402173948876467
1417,60,45,7836.249682074973,2020-08-19,7842.797975706941,-0.0008349435561455509,0.0003858978900501686
1418,60,45,7865.413361750068,2020-08-20,7865.413361750068,0.0,0.003721637372250397
1419,60,45,7832.663154450052,2020-08-21,7865.413361750068,-0.0041638253189949515,-0.0041638253189949515
1420,60,45,7835.133281397917,2020-08-24,7865.413361750068,-0.0038497760968806416,0.0003153623357927682
1421,60,45,7826.630697198404,2020-08-25,7865.413361750068,-0.00493078529607438,-0.0010851869258816649
1422,60,45,7839.668596103697,2020-08-26,7865.413361750068,-0.0032731611756819934,0.0016658380099574543
1423,60,45,7823.96188577922,2020-08-27,7865.413361750068,-0.005270095043247047,-0.0020034916185466267
1424,60,45,7897.123118995279,2020-08-28,7897.123118995279,0.0,0.009350918918589857
1425,60,45,7760.813678708789,2020-08-31,7897.123118995279,-0.01726064520364623,-0.01726064520364623
1426,60,45,7750.323695824806,2020-09-01,7897.123118995279,-0.018588974865716534,-0.0013516601890289914
1427,60,45,7849.865067002909,2020-09-02,7897.123118995279,-0.005984211120971139,0.012843511456396062
1428,60,45,7706.949850824158,2020-09-03,7897.123118995279,-0.02408133510210686,-0.018206072965444853
1429,60,45,7839.497945532166,2020-09-04,7897.123118995279,-0.007296983039874916,0.01719851527174976
1430,60,45,7707.1369697490145,2020-09-08,7897.123118995279,-0.0240576405335865,-0.016883858724471734
1431,60,45,7758.620369621874,2020-09-09,7897.123118995279,-0.017538380405930143,0.006679964307749309
1432,60,45,7701.080301810659,2020-09-10,7897.123118995279,-0.024824586653976577,-0.0074162757126907675
1433,60,45,7682.012773982206,2020-09-11,7897.123118995279,-0.02723907703751738,-0.0024759549415384052
1434,60,45,7785.186096568002,2020-09-14,7897.123118995279,-0.014174405127106438,0.013430506511942664
1435,60,45,7875.328242754239,2020-09-15,7897.123118995279,-0.002759850126765273,0.011578675842569108
1436,60,45,7892.417314221298,2020-09-16,7897.123118995279,-0.0005958884904126993,0.002169950374167673
1437,60,45,7882.384843436358,2020-09-17,7897.123118995279,-0.0018662841311755107,-0.0012711531062684633
1438,60,45,7873.926029161751,2020-09-18,7897.123118995279,-0.00293741017887017,-0.0010731288109652182
1439,60,45,7875.327517026066,2020-09-21,7897.123118995279,-0.0027599420245566497,0.00017799098685000736
1440,60,45,7835.251638074467,2020-09-22,7897.123118995279,-0.007834686124113865,-0.005088788861790983
1441,60,45,7672.38437707114,2020-09-23,7897.123118995279,-0.028458305453484045,-0.020786474835331803
1442,60,45,7603.5601183291,2020-09-24,7897.123118995279,-0.03717341065128632,-0.008970387217267284
1443,60,45,7716.073767820941,2020-09-25,7897.123118995279,-0.022925988166355493,0.014797495875729982
1444,60,45,7841.244028524597,2020-09-28,7897.123118995279,-0.00707587935868359,0.016222014520605788
1445,60,45,7795.74819053756,2020-09-29,7897.123118995279,-0.012836944154242413,-0.005802119895967239
1446,60,45,7860.429507896111,2020-09-30,7897.123118995279,-0.0046464529609404615,0.008296999310093423
1447,60,45,7883.8151647721825,2020-10-01,7897.123118995279,-0.0016851648407362196,0.0029751118374103935
1448,60,45,7801.491329914574,2020-10-02,7897.123118995279,-0.012109699651342343,-0.010442131523511922
1449,60,45,8016.897428945753,2020-10-05,8016.897428945753,0.0,0.027610887447277133
1450,60,45,7992.1193068486045,2020-10-06,8016.897428945753,-0.003090737073382588,-0.003090737073382588
1451,60,45,8116.219772377949,2020-10-07,8116.219772377949,0.0,0.015527854473218472
1452,60,45,8149.651294050719,2020-10-08,8149.651294050719,0.0,0.004119100099599038
1453,60,45,8154.802377907607,2020-10-09,8154.802377907607,0.0,0.000632061872469114
1454,60,45,8262.540330955484,2020-10-12,8262.540330955484,0.0,0.01321159582478093
1455,60,45,8123.879510166256,2020-10-13,8262.540330955484,-0.016781863111728135,-0.016781863111728135
1456,60,45,8018.268854562082,2020-10-14,8262.540330955484,-0.029563725756138526,-0.013000027323400443
1457,60,45,8124.224073528182,2020-10-15,8262.540330955484,-0.016740161244248597,0.013214226273519758
1458,60,45,8130.931998974915,2020-10-16,8262.540330955484,-0.015928313413188566,0.0008256696745465586
1459,60,45,8060.430382045053,2020-10-19,8262.540330955484,-0.024460993933455133,-0.008670791606515738
1460,60,45,8158.941167381656,2020-10-20,8262.540330955484,-0.012538415478069775,0.012221529207179671
1461,60,45,8231.553148788427,2020-10-21,8262.540330955484,-0.0037503214418166397,0.008899681946116234
1462,60,45,8364.777469506933,2020-10-22,8364.777469506933,0.0,0.016184590964843037
1463,60,45,8397.480487426168,2020-10-23,8397.480487426168,0.0,0.003909610033076438
1464,60,45,8256.425921869613,2020-10-26,8397.480487426168,-0.016797248385126973,-0.016797248385126973
1465,60,45,8100.745808611335,2020-10-27,8397.480487426168,-0.03533615579805682,-0.018855630115436894
1466,60,45,7861.936720461844,2020-10-28,8397.480487426168,-0.06377433895395312,-0.029479889110411217
1467,60,45,7960.756988768155,2020-10-29,8397.480487426168,-0.05200649162709392,0.012569456079329244
1468,60,45,8001.940179057656,2020-10-30,8397.480487426168,-0.04710225989340111,0.005173275650494746
1469,60,45,8137.231775004036,2020-11-02,8397.480487426168,-0.0309912851612828,0.01690734908272118
1470,60,45,8149.810016676969,2020-11-03,8397.480487426168,-0.029493426167532588,0.001545764213275902
1471,60,45,8068.848193697557,2020-11-04,8397.480487426168,-0.039134630228755296,-0.009934197584206217
1472,60,45,8124.946779666519,2020-11-05,8397.480487426168,-0.0324542234028079,0.0069524899492818815
1473,60,45,8042.2493896123215,2020-11-06,8397.480487426168,-0.04230210458312422,-0.010178206983602167
1474,60,45,8529.919451973785,2020-11-09,8529.919451973785,0.0,0.060638515263075066
1475,60,45,8674.414920675554,2020-11-10,8674.414920675554,0.0,0.016939839762300846
1476,60,45,8664.035048386913,2020-11-11,8674.414920675554,-0.0011966077693493782,-0.0011966077693493782
1477,60,45,8601.960267940167,2020-11-12,8674.414920675554,-0.008352684693775814,-0.007164650200521039
1478,60,45,8721.76634763658,2020-11-13,8721.76634763658,0.0,0.013927764830876432
1479,60,45,8881.906640237577,2020-11-16,8881.906640237577,0.0,0.01836099320000617
1480,60,45,8878.058703036068,2020-11-17,8881.906640237577,-0.000433233241168951,-0.000433233241168951
1481,60,45,8818.125509105645,2020-11-18,8881.906640237577,-0.007181017963303726,-0.006750709353828377
1482,60,45,8827.559271595766,2020-11-19,8881.906640237577,-0.006118885374858829,0.0010698149488097553
1483,60,45,8844.949016541861,2020-11-20,8881.906640237577,-0.004161001144538878,0.0019699380554769608
1484,60,45,8892.672038529772,2020-11-23,8892.672038529772,0.0,0.005395511257177299
1485,60,45,8973.514971232473,2020-11-24,8973.514971232473,0.0,0.009090960776741541
1486,60,45,8991.543752882819,2020-11-25,8991.543752882819,0.0,0.0020091103328119253
1487,60,45,8986.786969864352,2020-11-27,8991.543752882819,-0.0005290285127003136,-0.0005290285127003136
1488,60,45,8989.930024950429,2020-11-30,8991.543752882819,-0.0001794717321897954,0.000349741803896908
1489,60,45,8995.97448935917,2020-12-01,8995.97448935917,0.0,0.0006723594501811814
1490,60,45,8983.764737659982,2020-12-02,8995.97448935917,-0.0013572461453321694,-0.0013572461453321694
1491,60,45,8971.433978616671,2020-12-03,8995.97448935917,-0.0027279435675954256,-0.0013725603244728601
1492,60,45,8973.005598390917,2020-12-04,8995.97448935917,-0.0025532410074553535,0.0001751804425014214
1493,60,45,8975.499102450296,2020-12-07,8995.97448935917,-0.0022760610240829537,0.0002778895022450545
1494,60,45,8999.226311948638,2020-12-08,8999.226311948638,0.0,0.0026435532138668894
1495,60,45,8997.52372385169,2020-12-09,8999.226311948638,-0.00018919271923278913,-0.00018919271923278913
1496,60,45,8989.362142183274,2020-12-10,8999.226311948638,-0.001096113090551687,-0.0009070919865183935
1497,60,45,9007.794216367476,2020-12-11,9007.794216367476,0.0,0.0020504318207081873
1498,60,45,9025.188417843989,2020-12-14,9025.188417843989,0.0,0.0019310167460204752
1499,60,45,9022.837075401229,2020-12-15,9025.188417843989,-0.00026053111956214625,-0.00026053111956214625
1500,60,45,9064.021631126703,2020-12-16,9064.021631126703,0.0,0.004564479595642323
1501,60,45,9146.755669123631,2020-12-17,9146.755669123631,0.0,0.009127740572993703
1502,60,45,9180.807864626244,2020-12-18,9180.807864626244,0.0,0.003722871445835274
1503,60,45,9119.41909815982,2020-12-21,9180.807864626244,-0.006686641020225981,-0.006686641020225981
1504,60,45,9123.210756476565,2020-12-22,9180.807864626244,-0.006273642690160397,0.0004157784915828078
1505,60,45,9106.652961418607,2020-12-23,9180.807864626244,-0.00807716535419023,-0.0018149087530618946
1506,60,45,9126.806203890215,2020-12-24,9180.807864626244,-0.005882016216034458,0.0022130240997422224
1507,60,45,9190.890567661663,2020-12-28,9190.890567661663,0.0,0.007021554127459417
1508,60,45,9152.286927270796,2020-12-29,9190.890567661663,-0.004200206727158262,-0.004200206727158262
1509,60,45,9178.814615496083,2020-12-30,9190.890567661663,-0.0013139044662406896,0.0028984764612485225
1510,60,45,9224.554342777968,2020-12-31,9224.554342777968,0.0,0.0049831845611811865
1511,60,45,9131.229648713035,2021-01-04,9224.554342777968,-0.010116986750476342,-0.010116986750476342
1512,60,45,9077.305638903412,2021-01-05,9224.554342777968,-0.015962690272385838,-0.0059054488698817575
1513,60,45,9137.210340806112,2021-01-06,9224.554342777968,-0.009468641923090715,0.006599392406262172
1514,60,45,9134.10867191867,2021-01-07,9224.554342777968,-0.009804882436419304,-0.0003394546882203864
1515,60,45,9066.019539826577,2021-01-08,9224.554342777968,-0.017186174752768513,-0.007454381652084119
1516,60,45,9068.237295019791,2021-01-11,9224.554342777968,-0.016945756071192752,0.00024462281197079605
1517,60,45,9192.69214950865,2021-01-12,9224.554342777968,-0.003454063154201492,0.013724260894364626
1518,60,45,9188.886438661186,2021-01-13,9224.554342777968,-0.003866626266309292,-0.0004139930703180861
1519,60,45,9189.773969136268,2021-01-14,9224.554342777968,-0.0037704123526499655,9.658738096351982e-05
1520,60,45,9231.944518837108,2021-01-15,9231.944518837108,0.0,0.0045888560308957604
1521,60,45,9214.15738273339,2021-01-19,9231.944518837108,-0.0019266944322969826,-0.0019266944322969826
1522,60,45,9210.526688546232,2021-01-20,9231.944518837108,-0.0023199695629859685,-0.00039403431440865333
1523,60,45,9166.158111967045,2021-01-21,9231.944518837108,-0.00712595344738387,-0.004817159547929162
1524,60,45,9233.073837155414,2021-01-22,9233.073837155414,0.0,0.007300302304517947
1525,60,45,9257.089187653766,2021-01-25,9257.089187653766,0.0,0.0026010135867982065
1526,60,45,9359.449459343885,2021-01-26,9359.449459343885,0.0,0.0110575008639473
1527,60,45,9353.896256446747,2021-01-27,9359.449459343885,-0.0005933258063158808,-0.0005933258063158808
1528,60,45,9318.320075561383,2021-01-28,9359.449459343885,-0.0043944234071845445,-0.0038033542290834
1529,60,45,9283.377355668346,2021-01-29,9359.449459343885,-0.008127839570691076,-0.003749894788941499
1530,60,45,9280.167766368406,2021-02-01,9359.449459343885,-0.008470764580744583,-0.0003457350893940614
1531,60,45,9334.546739353307,2021-02-02,9359.449459343885,-0.0026607035059862394,0.005859697190170765
1532,60,45,9160.952790506932,2021-02-03,9359.449459343885,-0.02120815649458807,-0.01859693391587236
1533,60,45,9200.57589093844,2021-02-04,9359.449459343885,-0.016974670261917457,0.0043252160924318606
1534,60,45,9223.801938564862,2021-02-05,9359.449459343885,-0.01449310895563416,0.002524412373935858
1535,60,45,9150.3875245716,2021-02-08,9359.449459343885,-0.02233699061899097,-0.007959235734053882
1536,60,45,9183.190682532128,2021-02-09,9359.449459343885,-0.018832173577879807,0.0035848927569941402
1537,60,45,9236.05871902674,2021-02-10,9359.449459343885,-0.013183546837144289,0.005757044400175104
1538,60,45,9156.092649402935,2021-02-11,9359.449459343885,-0.02172743288206236,-0.008658029583448856
1539,60,45,9136.650308267586,2021-02-12,9359.449459343885,-0.023804728263570052,-0.00212343211016075
1540,60,45,9073.607437006554,2021-02-16,9359.449459343885,-0.030540473943364677,-0.0068999982634757595
1541,60,45,9065.554014280986,2021-02-17,9359.449459343885,-0.03140093296507862,-0.0008875656988115432
1542,60,45,9098.319302039436,2021-02-18,9359.449459343885,-0.02790016212371904,0.0036142620414409965
1543,60,45,8988.660853901696,2021-02-19,9359.449459343885,-0.039616497428918374,-0.012052604936953482
1544,60,45,8966.718341686723,2021-02-22,9359.449459343885,-0.04196092081731195,-0.0024411325081253876
1545,60,45,9013.617422445228,2021-02-23,9359.449459343885,-0.03695004053399742,0.005230350611155954
1546,60,45,9124.923577245863,2021-02-24,9359.449459343885,-0.02505765783732994,0.012348666421482024
1547,60,45,9045.9986273354,2021-02-25,9359.449459343885,-0.03349030660083907,-0.00864938201863652
1548,60,45,8915.327316722782,2021-02-26,9359.449459343885,-0.04745173789872004,-0.01444520566449714
1549,60,45,8985.344428326363,2021-03-01,9359.449459343885,-0.03997083724235928,0.0078535660123491
1550,60,45,9006.101847888676,2021-03-02,9359.449459343885,-0.03775303376444317,0.002310141778970154
1551,60,45,9026.89717027139,2021-03-03,9359.449459343885,-0.0355311806017069,0.002309025895325556
1552,60,45,8993.934453297452,2021-03-04,9359.449459343885,-0.03905304554869149,-0.003651610996799115
1553,60,45,9125.019919737677,2021-03-05,9359.449459343885,-0.025047364230613822,0.014574874558060058
1554,60,45,9177.002739039292,2021-03-08,9359.449459343885,-0.019493317539361232,0.005696734884838461
1555,60,45,9099.474621799276,2021-03-09,9359.449459343885,-0.02777672326496361,-0.008448086967459245
1556,60,45,9171.99865151472,2021-03-10,9359.449459343885,-0.020027973722538395,0.007970133741754815
1557,60,45,9175.7737384204,2021-03-11,9359.449459343885,-0.019624628747806905,0.00041158825345632977
1558,60,45,9198.78649162642,2021-03-12,9359.449459343885,-0.017165856647376687,0.002507990482553346
1559,60,45,9295.13913379517,2021-03-15,9359.449459343885,-0.006871165427845938,0.01047449489739316
1560,60,45,9266.100121825772,2021-03-16,9359.449459343885,-0.009973806464109836,-0.0031241072942973513
1561,60,45,9218.904832219232,2021-03-17,9359.449459343885,-0.015016334853364843,-0.0050933282595742035
1562,60,45,9293.443294725754,2021-03-18,9359.449459343885,-0.007052355472920935,0.008085392339230557
1563,60,45,9296.488980059194,2021-03-19,9359.449459343885,-0.006726942600436381,0.00032772409933023994
1564,60,45,9300.075119573165,2021-03-22,9359.449459343885,-0.006343785500272592,0.0003857520319405783
1565,60,45,9353.615124876262,2021-03-23,9359.449459343885,-0.0006233629972539623,0.0057569433165560735
1566,60,45,9286.095524716497,2021-03-24,9359.449459343885,-0.007837419812567803,-0.0072185565963895915
1567,60,45,9296.767200090126,2021-03-25,9359.449459343885,-0.006697216489713664,0.0011492101653729492
1568,60,45,9468.61752897695,2021-03-26,9468.61752897695,0.0,0.018484955596732577
1569,60,45,9451.387826882234,2021-03-29,9468.61752897695,-0.0018196639627684474,-0.0018196639627684474
1570,60,45,9397.964702501666,2021-03-30,9468.61752897695,-0.0074617890372131734,-0.005652410562247634
1571,60,45,9405.136618555469,2021-03-31,9468.61752897695,-0.006704348362071899,0.0007631350277250704
1572,60,45,9460.821540692552,2021-04-01,9468.61752897695,-0.000823350215650831,0.005920692531698135
1573,60,45,9586.693699246862,2021-04-05,9586.693699246862,0.0,0.013304569588688864
1574,60,45,9550.134930496824,2021-04-06,9586.693699246862,-0.0038134908548198565,-0.0038134908548198565
1575,60,45,9546.752071301118,2021-04-07,9586.693699246862,-0.00416636112499158,-0.0003542210890553621
1576,60,45,9616.693188723251,2021-04-08,9616.693188723251,0.0,0.007326168826818691
1577,60,45,9666.445304128843,2021-04-09,9666.445304128843,0.0,0.005173515929980166
1578,60,45,9775.328013412847,2021-04-12,9775.328013412847,0.0,0.011263986487100475
1579,60,45,9735.428105266164,2021-04-13,9775.328013412847,-0.004081695068639646,-0.004081695068639646
1580,60,45,9701.25241298716,2021-04-14,9775.328013412847,-0.007577812255920913,-0.0035104457564139047
1581,60,45,9903.365509549116,2021-04-15,9903.365509549116,0.0,0.020833711768120322
1582,60,45,9967.70819008082,2021-04-16,9967.70819008082,0.0,0.006497051983960889
1583,60,45,9931.71491346605,2021-04-19,9967.70819008082,-0.0036109881959213164,-0.0036109881959213164
1584,60,45,9915.557023791758,2021-04-20,9967.70819008082,-0.005232011741772236,-0.0016268982562501755
1585,60,45,9978.450843159231,2021-04-21,9978.450843159231,0.0,0.00634294364064103
1586,60,45,10053.551398067775,2021-04-22,10053.551398067775,0.0,0.007526273976689479
1587,60,45,10072.231981894409,2021-04-23,10072.231981894409,0.0,0.0018581079547894674
1588,60,45,10071.718119107012,2021-04-26,10072.231981894409,-5.101776729532492e-05,-5.101776729532492e-05
1589,60,45,10181.137013831809,2021-04-27,10181.137013831809,0.0,0.010863975086556454
1590,60,45,10153.101429966246,2021-04-28,10181.137013831809,-0.0027536790662452404,-0.0027536790662452404
1591,60,45,10150.510076087508,2021-04-29,10181.137013831809,-0.003008204064309461,-0.00025522781355158397
1592,60,45,10096.559335748174,2021-04-30,10181.137013831809,-0.008307292001741073,-0.005315076772982152
1593,60,45,10013.111141612368,2021-05-03,10181.137013831809,-0.01650364512246183,-0.008265012997085819
1594,60,45,10015.52150194933,2021-05-04,10181.137013831809,-0.016266897465133656,0.0002407204217422798
1595,60,45,10255.566813092171,2021-05-05,10255.566813092171,0.0,0.023967330218014338
1596,60,45,10264.01976266387,2021-05-06,10264.01976266387,0.0,0.0008242303644208082
1597,60,45,10318.793984726288,2021-05-07,10318.793984726288,0.0,0.0053365273381160705
1598,60,45,10095.46635792456,2021-05-10,10318.793984726288,-0.021642803134968358,-0.021642803134968358
1599,60,45,9927.96882530228,2021-05-11,10318.793984726288,-0.037875081138600275,-0.016591361575961416
1600,60,45,9918.289905357564,2021-05-12,10318.793984726288,-0.03881307059347672,-0.0009749144175441593
1601,60,45,9844.407199019846,2021-05-13,10318.793984726288,-0.04597308429731428,-0.007449137607664413
1602,60,45,9967.041777499886,2021-05-14,10318.793984726288,-0.03408849985250795,0.012457284222482157
1603,60,45,10103.343358397118,2021-05-17,10318.793984726288,-0.020879438687125274,0.013675229214442197
1604,60,45,10039.300746129062,2021-05-18,10318.793984726288,-0.02708584346299847,-0.006338754409928038
1605,60,45,9922.253946156296,2021-05-19,10318.793984726288,-0.03842891321960151,-0.011658859808328481
1606,60,45,9934.74585232536,2021-05-20,10318.793984726288,-0.037218315722688966,0.001258978679325562
1607,60,45,9920.081605522397,2021-05-21,10318.793984726288,-0.038639435945136524,-0.0014760565615810073
1608,60,45,9992.826010985757,2021-05-24,10318.793984726288,-0.031589735605054625,0.00733304506515986
1609,60,45,9877.96375490365,2021-05-25,10318.793984726288,-0.04272110001179852,-0.01149447172960183
1610,60,45,9926.257985301922,2021-05-26,10318.793984726288,-0.03804087958393121,0.004889087629451616
1611,60,45,9968.632563103356,2021-05-27,10318.793984726288,-0.03393433594480466,0.004268937787450078
1612,60,45,10023.20400560917,2021-05-28,10318.793984726288,-0.028645787439369852,0.005474315776047067
1613,60,45,10207.407565151954,2021-06-01,10318.793984726288,-0.010794519179199269,0.018377712300348348
1614,60,45,10230.51827755702,2021-06-02,10318.793984726288,-0.008554847330020654,0.0022641118479451716
1615,60,45,10099.824852188482,2021-06-03,10318.793984726288,-0.021220419058847417,-0.012774858694621916
1616,60,45,10124.265923233992,2021-06-04,10318.793984726288,-0.018851821422177117,0.0024199499895500853
1617,60,45,10018.235978871491,2021-06-07,10318.793984726288,-0.029127241642742163,-0.01047285256693764
1618,60,45,10083.90917774086,2021-06-08,10318.793984726288,-0.022762815822575888,0.006555365536195623
1619,60,45,10021.886650463108,2021-06-09,10318.793984726288,-0.028773453051069486,-0.006150643186539129
1620,60,45,9995.430407259237,2021-06-10,10318.793984726288,-0.03133734212987371,-0.0026398465804488014
1621,60,45,10016.965623425063,2021-06-11,10318.793984726288,-0.029250352487702136,0.002154506138143608
1622,60,45,9982.262222816596,2021-06-14,10318.793984726288,-0.03261347812620552,-0.003464462384428213
1623,60,45,9955.996554428806,2021-06-15,10318.793984726288,-0.03515889849477449,-0.0026312340631319264
1624,60,45,9897.893430039512,2021-06-16,10318.793984726288,-0.04078970423382677,-0.005835992818162161
1625,60,45,9972.189260701329,2021-06-17,10318.793984726288,-0.03358965442453821,0.007506226571033059
1626,60,45,9825.024642055325,2021-06-18,10318.793984726288,-0.04785145855240758,-0.014757503573057384
1627,60,45,9785.949045009416,2021-06-21,10318.793984726288,-0.0516382961522035,-0.003977150029593646
1628,60,45,9843.34461573346,2021-06-22,10318.793984726288,-0.04607605982797802,0.005865100100159948
1629,60,45,9793.029632774134,2021-06-23,10318.793984726288,-0.05095211249787346,-0.005111573852540241
1630,60,45,9977.04571491328,2021-06-24,10318.793984726288,-0.03311901277599483,0.018790516218117226
1631,60,45,10008.859942327215,2021-06-25,10318.793984726288,-0.03003587850070777,0.003188742271309941
1632,60,45,9977.749047084286,2021-06-28,10318.793984726288,-0.03305085246849693,-0.003108335556916142
1633,60,45,10053.19786094553,2021-06-29,10318.793984726288,-0.025739066423255408,0.007561706904553933
1634,60,45,10005.907726207335,2021-06-30,10318.793984726288,-0.030321979388490683,-0.0047039892571800745
1635,60,45,9845.743319757812,2021-07-01,10318.793984726288,-0.04584360010178301,-0.016006984156971882
1636,60,45,9847.779924547003,2021-07-02,10318.793984726288,-0.04564623161160808,0.00020685129837838545
1637,60,45,9737.533637456338,2021-07-06,10318.793984726288,-0.05633025992478602,-0.011195039687662112
1638,60,45,9659.797347469816,2021-07-07,10318.793984726288,-0.06386372653935224,-0.007983160097902231
1639,60,45,9552.799566196743,2021-07-08,10318.793984726288,-0.07423294036719374,-0.011076607243846404
1640,60,45,9639.187226723046,2021-07-09,10318.793984726288,-0.06586106467569608,0.009043177335363861
1641,60,45,9678.907893573269,2021-07-12,10318.793984726288,-0.062011713006400626,0.004120748556486475
1642,60,45,9677.175495717967,2021-07-13,10318.793984726288,-0.06217960063531003,-0.00017898691405582312
1643,60,45,9682.945060016606,2021-07-14,10318.793984726288,-0.061620468986090415,0.0005962033344535378
1644,60,45,9652.883490117363,2021-07-15,10318.793984726288,-0.06453375225773428,-0.0031045895347867614
1645,60,45,9542.04408161166,2021-07-16,10318.793984726288,-0.07527526029343734,-0.011482518008135045
1646,60,45,9363.398453020094,2021-07-19,10318.793984726288,-0.09258790640847703,-0.018721945430521747
1647,60,45,9369.139970441334,2021-07-20,10318.793984726288,-0.09203149279757072,0.0006131873432544399
1648,60,45,9334.261237381446,2021-07-21,10318.793984726288,-0.09541161000036735,-0.003722725156196538
1649,60,45,9290.628705878316,2021-07-22,10318.793984726288,-0.09964006262455138,-0.004674449363854527
1650,60,45,9351.77399993432,2021-07-23,10318.793984726288,-0.09371443855002204,0.0065813946495694164
1651,60,45,9372.26201589858,2021-07-26,10318.793984726288,-0.0917289336553041,0.0021908159846895092
1652,60,45,9448.637695529102,2021-07-27,10318.793984726288,-0.08432732453862124,0.008149119124173376
1653,60,45,9343.044759485394,2021-07-28,10318.793984726288,-0.09456039404267413,-0.011175466712378235
1654,60,45,9354.417423413412,2021-07-29,10318.793984726288,-0.09345826292688186,0.0012172331633615308
1655,60,45,9336.02466214406,2021-07-30,10318.793984726288,-0.09524071553680657,-0.0019662113028349193
1656,60,45,9370.300750238432,2021-08-02,10318.793984726288,-0.0919190009890497,0.0036713793434324238
1657,60,45,9420.653152773071,2021-08-03,10318.793984726288,-0.08703932196753128,0.005373616480064181
1658,60,45,9363.120244747388,2021-08-04,10318.793984726288,-0.0926148677251889,-0.006107103944140824
1659,60,45,9420.207974193094,2021-08-05,10318.793984726288,-0.08708246446854806,0.006097083873052966
1660,60,45,9413.498844589025,2021-08-06,10318.793984726288,-0.08773264990824181,-0.0007122061022908355
1661,60,45,9398.81499361555,2021-08-09,10318.793984726288,-0.08915566998163504,-0.001559871756070308
1662,60,45,9492.402401887064,2021-08-10,10318.793984726288,-0.08008606277656427,0.009957362532945657
1663,60,45,9572.78454259764,2021-08-11,10318.793984726288,-0.07229618531321391,0.008468050268770178
1664,60,45,9552.945299069412,2021-08-12,10318.793984726288,-0.07421881731435598,-0.0020724631835121743
1665,60,45,9556.74111206145,2021-08-13,10318.793984726288,-0.07385096298974625,0.00039734478458797184
1666,60,45,9588.15097743892,2021-08-16,10318.793984726288,-0.0708070156617967,0.003286671157998411
1667,60,45,9528.797299172573,2021-08-17,10318.793984726288,-0.07655901326483072,-0.00619031535965664
1668,60,45,9449.802995065798,2021-08-18,10318.793984726288,-0.08421439471964998,-0.008290060290571444
1669,60,45,9451.162207742227,2021-08-19,10318.793984726288,-0.08408267267166247,0.0001438350277924716
1670,60,45,9614.5888139954,2021-08-20,10318.793984726288,-0.06824491038131397,0.01729169414945564
1671,60,45,9668.48069511788,2021-08-23,10318.793984726288,-0.06302221854327072,0.005605219543453721
1672,60,45,9666.965829385335,2021-08-24,10318.793984726288,-0.06316902501452959,-0.0001566808457619251
1673,60,45,9703.127240390724,2021-08-25,10318.793984726288,-0.0596646027866109,0.0037407198539449737
1674,60,45,9673.416615633168,2021-08-26,10318.793984726288,-0.0625438757715675,-0.003061963841294424
1675,60,45,9758.742295961714,2021-08-27,10318.793984726288,-0.054274917165082814,0.00882063532657651
1676,60,45,9712.396608237528,2021-08-30,10318.793984726288,-0.05876630325078103,-0.004749145568006652
1677,60,45,9725.263962316933,2021-08-31,10318.793984726288,-0.057519320890395575,0.001324838204042278
1678,60,45,9607.854938567776,2021-09-01,10318.793984726288,-0.06889749395237776,-0.01207257964453079
1679,60,45,9726.620882773892,2021-09-02,10318.793984726288,-0.0573878209826576,0.012361338193124238
1680,60,45,9788.10492474058,2021-09-03,10318.793984726288,-0.05142936866180525,0.006321212958508404
1681,60,45,9925.57751383562,2021-09-07,10318.793984726288,-0.03810682444796365,0.014044862631944266
1682,60,45,9899.634440302776,2021-09-08,10318.793984726288,-0.040620981971725034,-0.0026137596020665566
1683,60,45,9869.843414539191,2021-09-09,10318.793984726288,-0.043508046662393496,-0.0030093056408528884
1684,60,45,9786.270846993191,2021-09-10,10318.793984726288,-0.0516071101449771,-0.008467466406092083
1685,60,45,9896.457770930092,2021-09-13,10318.793984726288,-0.040928834747677945,0.011259337255187019
1686,60,45,9776.413616375616,2021-09-14,10318.793984726288,-0.05256237978522438,-0.01213001230673616
1687,60,45,9869.288188089044,2021-09-15,10318.793984726288,-0.04356185396303047,0.009499861130861209
1688,60,45,9772.278534468149,2021-09-16,10318.793984726288,-0.05296311284701316,-0.00982944785602402
1689,60,45,9653.139319275411,2021-09-17,10318.793984726288,-0.06450895971333159,-0.012191549265866408
1690,60,45,9515.650188708085,2021-09-20,10318.793984726288,-0.07783310697034973,-0.014242944809963243
1691,60,45,9450.621847631512,2021-09-21,10318.793984726288,-0.08413503926716925,-0.006833830561966292
1692,60,45,9486.28600735202,2021-09-22,10318.793984726288,-0.08067880593473731,0.0037737368286985262
1693,60,45,9614.73837453913,2021-09-23,10318.793984726288,-0.06823041638676852,0.013540849083356399
1694,60,45,9631.669395706283,2021-09-24,10318.793984726288,-0.0665896218140487,0.0017609445527906331
1695,60,45,9882.05361411544,2021-09-27,10318.793984726288,-0.04232474950631859,0.025995931558944196
1696,60,45,9753.177640808695,2021-09-28,10318.793984726288,-0.05481419095630835,-0.013041416120497473
1697,60,45,9733.784206705615,2021-09-29,10318.793984726288,-0.05669361932088135,-0.0019884221140333835
1698,60,45,9536.088102656096,2021-09-30,10318.793984726288,-0.0758524574895807,-0.02031030274056478
1699,60,45,9605.013192075388,2021-10-01,10318.793984726288,-0.0691728891678065,0.00722781592171895
1700,60,45,9548.70240809981,2021-10-04,10318.793984726288,-0.07462999821164706,-0.0058626451468111185
1701,60,45,9649.765285756745,2021-10-05,10318.793984726288,-0.06483593915721442,0.010583938354933542
1702,60,45,9754.243953048745,2021-10-06,10318.793984726288,-0.054710854050694424,0.010827068244469329
1703,60,45,9845.312792992096,2021-10-07,10318.793984726288,-0.04588532268742174,0.00933632994845146
1704,60,45,9818.11157412468,2021-10-08,10318.793984726288,-0.048521407767488145,-0.0027628597932183308
1705,60,45,9770.472414746717,2021-10-11,10318.793984726288,-0.05313814490251356,-0.004852171318109111
1706,60,45,9769.47926693536,2021-10-12,10318.793984726288,-0.053234391403105374,-0.00010164788038891093
1707,60,45,9731.257368262164,2021-10-13,10318.793984726288,-0.05693849662410022,-0.003912378298662866
1708,60,45,9960.135215091694,2021-10-14,10318.793984726288,-0.03475781861382976,0.02351986368955772
1709,60,45,9950.651877976728,2021-10-15,10318.793984726288,-0.035676854029112026,-0.0009521293546894682
1710,60,45,10023.312586069836,2021-10-18,10318.793984726288,-0.028635264847211572,0.00730210532778508
1711,60,45,10045.235121570408,2021-10-19,10318.793984726288,-0.026510739875299172,0.002187154726775553
1712,60,45,10118.475361017892,2021-10-20,10318.793984726288,-0.01941298799112612,0.0072910428238970315
1713,60,45,10066.40652944273,2021-10-21,10318.793984726288,-0.02445900709493165,-0.0051459167233595116
1714,60,45,10045.567377776904,2021-10-22,10318.793984726288,-0.026478540743599455,-0.002070167900022013
1715,60,45,10025.10528647823,2021-10-25,10318.793984726288,-0.028461533264717787,-0.002036927385897669
1716,60,45,9874.85737003779,2021-10-26,10318.793984726288,-0.043022141477541465,-0.014987165934615576
1717,60,45,9742.879144186154,2021-10-27,10318.793984726288,-0.05581222392777618,-0.013365076669571208
1718,60,45,9851.339911009156,2021-10-28,10318.793984726288,-0.045301231365705075,0.011132311631692815
1719,60,45,9893.022509622531,2021-10-29,10318.793984726288,-0.04126174781025538,0.004231160328433514
1720,60,45,10214.983785334438,2021-11-01,10318.793984726288,-0.010060303514684787,0.032544278090820944
1721,60,45,10193.494105763795,2021-11-02,10318.793984726288,-0.012142880180373683,-0.002103740938041887
1722,60,45,10273.55206887014,2021-11-03,10318.793984726288,-0.004384418946934532,0.00785382934209733
1723,60,45,10098.793103786518,2021-11-04,10318.793984726288,-0.021320406363903754,-0.01701056887745367
1724,60,45,10143.991646360344,2021-11-05,10318.793984726288,-0.016940190745612704,0.004475638040042584
1725,60,45,10048.919554539656,2021-11-08,10318.793984726288,-0.026153679449952727,-0.009372256517462763
1726,60,45,10111.118516048513,2021-11-09,10318.793984726288,-0.020125943883090636,0.006189616821119737
1727,60,45,10188.349174086638,2021-11-10,10318.793984726288,-0.012641478338721868,0.0076381913549468106
1728,60,45,10177.9169540661,2021-11-11,10318.793984726288,-0.013652470518232152,-0.0010239362474021574
1729,60,45,10352.993166783082,2021-11-12,10352.993166783082,0.0,0.01720157606975148
1730,60,45,10443.161439304038,2021-11-15,10443.161439304038,0.0,0.008709391677206524
1731,60,45,10410.766389026418,2021-11-16,10443.161439304038,-0.0031020348067873904,-0.0031020348067873904
1732,60,45,10396.147961577512,2021-11-17,10443.161439304038,-0.004501843431203301,-0.0014041643912320323
1733,60,45,10320.281569544148,2021-11-18,10443.161439304038,-0.011766539325669845,-0.007297548314409652
1734,60,45,10364.870204296054,2021-11-19,10443.161439304038,-0.007496890234151343,0.004320486263038603
1735,60,45,10253.417208611469,2021-11-22,10443.161439304038,-0.018169232736213847,-0.010752956234646338
1736,60,45,10242.342154873582,2021-11-23,10443.161439304038,-0.019229740495502523,-0.0010801329461738174
1737,60,45,10231.555066192272,2021-11-24,10443.161439304038,-0.020262673745075066,-0.0010531857380079446
1738,60,45,10075.93524004321,2021-11-26,10443.161439304038,-0.03516427486017115,-0.015209792171599568
1739,60,45,10111.297258509,2021-11-29,10443.161439304038,-0.03177813373123106,0.0035095519793790775
1740,60,45,9790.89249247557,2021-11-30,10443.161439304038,-0.062458954658459964,-0.03168780007568239
1741,60,45,9735.258954372795,2021-12-01,10443.161439304038,-0.06778622441543136,-0.005682172298953292
1742,60,45,9745.290266829852,2021-12-02,10443.161439304038,-0.0668256616092966,0.0010304104394214253
1743,60,45,9768.833057060116,2021-12-03,10443.161439304038,-0.06457128774300191,0.0024158121087882733
1744,60,45,9771.446986765864,2021-12-06,10443.161439304038,-0.06432098713040091,0.00026757850098180214
1745,60,45,9841.815333674906,2021-12-07,10443.161439304038,-0.05758276448412425,0.007201425439276932
1746,60,45,9792.479212599595,2021-12-08,10443.161439304038,-0.06230701598229871,-0.005012908635513735
1747,60,45,9753.781757318757,2021-12-09,10443.161439304038,-0.06601254667870227,-0.003951752609395176
1748,60,45,9785.306647910907,2021-12-10,10443.161439304038,-0.06299383526881219,0.003232068481386241
1749,60,45,9823.220774509571,2021-12-13,10443.161439304038,-0.05936331334123102,0.003874597696614579
1750,60,45,9769.385471067566,2021-12-14,10443.161439304038,-0.0645183905422202,-0.005480412654646161
1751,60,45,9926.53700429629,2021-12-15,10443.161439304038,-0.049470118604446056,0.01608612268336973
1752,60,45,9956.909026799787,2021-12-16,10443.161439304038,-0.046561801742735165,0.003059679573083063
1753,60,45,9836.230845338914,2021-12-17,10443.161439304038,-0.058117515226842276,-0.012120044597782154
1754,60,45,9771.228332238814,2021-12-20,10443.161439304038,-0.06434192471030153,-0.006608477792172107
1755,60,45,9901.072808419352,2021-12-21,10443.161439304038,-0.051908479442295374,0.013288449697990812
1756,60,45,9903.745140809153,2021-12-22,10443.161439304038,-0.05165258639636938,0.0002699033166919662
1757,60,45,9958.26157574952,2021-12-23,10443.161439304038,-0.04643228646543196,0.005504628215414087
1758,60,45,10060.494479454996,2021-12-27,10443.161439304038,-0.03664282718151146,0.010266139619633297
1759,60,45,10092.840446871063,2021-12-28,10443.161439304038,-0.03354549237499116,0.003215146877931563
1760,60,45,10065.022179928665,2021-12-29,10443.161439304038,-0.03620927068619306,-0.0027562376606302674
1761,60,45,10016.356509380224,2021-12-30,10443.161439304038,-0.04086932222626416,-0.004835127998573885
1762,60,45,9953.423372334022,2021-12-31,10443.161439304038,-0.04689557561820601,-0.006283036849503709
1763,60,45,10161.34662753452,2022-01-03,10443.161439304038,-0.026985584145896246,0.020889622336213387
1764,60,45,10299.140386157009,2022-01-04,10443.161439304038,-0.013790943861596294,0.013560580469630379
1765,60,45,10132.75338576947,2022-01-05,10443.161439304038,-0.02972357129004166,-0.016155426001492112
1766,60,45,10234.628266110443,2022-01-06,10443.161439304038,-0.019968395050253274,0.01005401754710089
1767,60,45,10302.778738250205,2022-01-07,10443.161439304038,-0.013442548204367188,0.006658812647394985
1768,60,45,10238.57044166274,2022-01-10,10443.161439304038,-0.019590906339080116,-0.006232133895012648
1769,60,45,10384.44143677108,2022-01-11,10443.161439304038,-0.00562281861429037,0.014247203351237747
1770,60,45,10401.672774750776,2022-01-12,10443.161439304038,-0.003972806969842924,0.0016593418225345768
1771,60,45,10366.173455112454,2022-01-13,10443.161439304038,-0.007372095570775228,-0.0034128471840119134
1772,60,45,10348.253679225032,2022-01-14,10443.161439304038,-0.009088029580947565,-0.0017286779895221427
1773,60,45,10169.034717005474,2022-01-18,10443.161439304038,-0.02624940003961418,-0.017318763897270384
1774,60,45,9918.724177565437,2022-01-19,10443.161439304038,-0.05021824710712808,-0.024614975403855044
1775,60,45,9736.782566495136,2022-01-20,10443.161439304038,-0.06764032873707804,-0.018343247358548753
1776,60,45,9549.16710276467,2022-01-21,10443.161439304038,-0.08560571831961894,-0.019268733018241835
1777,60,45,9472.055492500522,2022-01-24,10443.161439304038,-0.09298965188344666,-0.008075218438875487
1778,60,45,9382.83574345279,2022-01-25,10443.161439304038,-0.10153301775653789,-0.009419259538583913
1779,60,45,9264.929424135378,2022-01-26,10443.161439304038,-0.11282330757947001,-0.01256617109594882
1780,60,45,9201.028076072447,2022-01-27,10443.161439304038,-0.11894227341508667,-0.00689712194638703
1781,60,45,9202.667207991222,2022-01-28,10443.161439304038,-0.11878531597185438,0.0001781466054904257
1782,60,45,9288.18980235222,2022-01-31,10443.161439304038,-0.1105959764832275,0.009293239930129538
1783,60,45,9365.149872887054,2022-02-01,10443.161439304038,-0.10322655382495227,0.008285798651029186
1784,60,45,9408.487951994388,2022-02-02,10443.161439304038,-0.09907665349455752,0.004627590556004035
1785,60,45,9252.631828176973,2022-02-03,10443.161439304038,-0.11400088163402033,-0.016565480512134467
1786,60,45,9204.695139110583,2022-02-04,10443.161439304038,-0.11859112849987596,-0.005180870692423789
1787,60,45,9171.47496693686,2022-02-07,10443.161439304038,-0.12177217404502061,-0.0036090464346365536
1788,60,45,9127.63416413681,2022-02-08,10443.161439304038,-0.12597021340837355,-0.004780125656788536
1789,60,45,9305.123499036672,2022-02-09,10443.161439304038,-0.10897446591069915,0.019445272642195865
1790,60,45,9117.85227891054,2022-02-10,10443.161439304038,-0.12690689194993632,-0.020125602862285596
1791,60,45,8826.454681668074,2022-02-11,10443.161439304038,-0.15481008955308329,-0.03195901713789151
1792,60,45,8828.36273003143,2022-02-14,10443.161439304038,-0.15462738162747613,0.00021617381294869453
1793,60,45,8990.654282762067,2022-02-15,10443.161439304038,-0.13908691970185327,0.01838297289015678
1794,60,45,9017.31450891653,2022-02-16,10443.161439304038,-0.1365340312581178,0.00296532658424864
1795,60,45,8807.149014233717,2022-02-17,10443.161439304038,-0.15665873160908916,-0.023306883049825533
1796,60,45,8723.999705858287,2022-02-18,10443.161439304038,-0.16462081367194892,-0.009441115194150584
1797,60,45,8637.174853416209,2022-02-22,10443.161439304038,-0.17293485276314802,-0.009952413499483947
1798,60,45,8277.588650950049,2022-02-23,10443.161439304038,-0.2073675487006844,-0.041632386581120895
1799,60,45,8444.428156918806,2022-02-24,10443.161439304038,-0.19139159094704494,0.020155568608692498
1800,60,45,8515.67314149801,2022-02-25,10443.161439304038,-0.18456942459509484,0.008436922341606978
1801,60,45,8467.299383579722,2022-02-28,10443.161439304038,-0.18920152361984288,-0.005680555971853241
1802,60,45,8441.193998276534,2022-03-01,10443.161439304038,-0.1917012824768627,-0.0030830828249457376
1803,60,45,8610.501021439526,2022-03-02,10443.161439304038,-0.17548904405203236,0.02005723635750578
1804,60,45,8557.813723927056,2022-03-03,10443.161439304038,-0.180534192287908,-0.006118958395252783
1805,60,45,8529.484518715355,2022-03-04,10443.161439304038,-0.18324689623070844,-0.0033103320691001414
1806,60,45,8386.59306786318,2022-03-07,10443.161439304038,-0.19692967339379885,-0.016752647893157446
1807,60,45,8317.985045159254,2022-03-08,10443.161439304038,-0.20349933365450412,-0.008180678631806604
1808,60,45,8362.176062477174,2022-03-09,10443.161439304038,-0.19926775899440152,0.005312706993100269
1809,60,45,8379.906147893855,2022-03-10,10443.161439304038,-0.1975699890691036,0.0021202717192525533
1810,60,45,8340.272020538841,2022-03-11,10443.161439304038,-0.20136521215220615,-0.004729662439593607
1811,60,45,8326.157819288426,2022-03-14,10443.161439304038,-0.2027167378690542,-0.0016922950733090358
1812,60,45,8342.855952390793,2022-03-15,10443.161439304038,-0.2011177840274022,0.002005502833934303
1813,60,45,8355.842513745425,2022-03-16,10443.161439304038,-0.19987423709670415,0.0015566086036653548
1814,60,45,8449.366081606302,2022-03-17,10443.161439304038,-0.1909187528399071,0.01119259580431664
1815,60,45,8491.555341976959,2022-03-18,10443.161439304038,-0.18687885930614712,0.004993186466674571
1816,60,45,8428.25325966166,2022-03-21,10443.161439304038,-0.19294044158496293,-0.007454709975494356
1817,60,45,8464.094458096173,2022-03-22,10443.161439304038,-0.18950841588634448,0.00425250610420691
1818,60,45,8359.473888645634,2022-03-23,10443.161439304038,-0.1995265095506621,-0.012360515347328849
1819,60,45,8379.20999601525,2022-03-24,10443.161439304038,-0.1976366500972464,0.002360926971304078
1820,60,45,8374.063491653313,2022-03-25,10443.161439304038,-0.19812946105222862,-0.0006141992341025526
1821,60,45,8481.343151482484,2022-03-28,10443.161439304038,-0.18785674234988126,0.012810944165410287
1822,60,45,8652.641063339817,2022-03-29,10443.161439304038,-0.17145386350395697,0.020197026437656973
1823,60,45,8523.760002279945,2022-03-30,10443.161439304038,-0.18379505556623932,-0.01489499681269868
1824,60,45,8333.103797100415,2022-03-31,10443.161439304038,-0.20205161573603359,-0.022367617709617926
1825,60,45,8365.275896992465,2022-04-01,10443.161439304038,-0.1989709298652812,0.003860758329116809
1826,60,45,8303.578550927165,2022-04-04,10443.161439304038,-0.20487884830778424,-0.007375410784416836
1827,60,45,8090.149218409819,2022-04-05,10443.161439304038,-0.225316082162475,-0.025703295417554006
1828,60,45,7978.042849289753,2022-04-06,10443.161439304038,-0.23605098938110147,-0.013857144793443243
1829,60,45,8058.452849669019,2022-04-07,10443.161439304038,-0.2283512137100452,0.0100789130740786
1830,60,45,7895.120676819941,2022-04-08,10443.161439304038,-0.24399132171741145,-0.020268428182934284
1831,60,45,7823.482895951842,2022-04-11,10443.161439304038,-0.25085110084506934,-0.009073677756240905
1832,60,45,7769.619444997133,2022-04-12,10443.161439304038,-0.2560088733517729,-0.006884842936459967
1833,60,45,7837.693170425235,2022-04-13,10443.161439304038,-0.24949037549805797,0.008761526341156234
1834,60,45,7789.611658391602,2022-04-14,10443.161439304038,-0.2540944900962171,-0.006134650972949962
1835,60,45,7837.405098930779,2022-04-18,10443.161439304038,-0.24951796019988692,0.006135535715402485
1836,60,45,7904.28133520345,2022-04-19,10443.161439304038,-0.24311412964901813,0.008532956435006067
1837,60,45,7919.488142105603,2022-04-20,10443.161439304038,-0.2416579799006362,0.0019238696419403567
1838,60,45,7703.971982177347,2022-04-21,10443.161439304038,-0.26229504092672906,-0.02721339511608334
1839,60,45,7674.341275924934,2022-04-22,10443.161439304038,-0.26513237198060835,-0.00384615965906443
1840,60,45,7663.060145934956,2022-04-25,10443.161439304038,-0.2662126128689203,-0.0014699802347033497
1841,60,45,7602.404210830499,2022-04-26,10443.161439304038,-0.2720208095014238,-0.007915367222666725
1842,60,45,7596.120820578701,2022-04-27,10443.161439304038,-0.272622484606067,-0.0008265004171769119
1843,60,45,7675.71000806954,2022-04-28,10443.161439304038,-0.2650013070581172,0.010477609476039929
1844,60,45,7441.92746379394,2022-04-29,10443.161439304038,-0.287387492087847,-0.030457448761068706
1845,60,45,7598.181347984151,2022-05-02,10443.161439304038,-0.2724251758296561,0.020996426658336675
1846,60,45,7695.719068705936,2022-05-03,10443.161439304038,-0.26308531057058904,0.012836982463923619
1847,60,45,7939.425447491589,2022-05-04,10443.161439304038,-0.23974885444070138,0.03166778524656211
1848,60,45,7693.5330438822975,2022-05-05,10443.161439304038,-0.2632946365334542,-0.030971057696244197
1849,60,45,7648.911502411085,2022-05-06,10443.161439304038,-0.26756743665538596,-0.005799876495844014
1850,60,45,7390.283458531346,2022-05-09,10443.161439304038,-0.2923327383681761,-0.033812398509018515
1851,60,45,7462.5036137350835,2022-05-10,10443.161439304038,-0.2854171931452584,0.009772311929438393
1852,60,45,7283.698480695672,2022-05-11,10443.161439304038,-0.3025389367933512,-0.023960475236529555
1853,60,45,7323.331744811716,2022-05-12,10443.161439304038,-0.2987437963709423,0.005441365292795375
1854,60,45,7478.049533305285,2022-05-13,10443.161439304038,-0.283928571173784,0.021126693953633868
1855,60,45,7508.77478757896,2022-05-16,10443.161439304038,-0.28098643009397295,0.004108725696029714
1856,60,45,7745.357270799717,2022-05-17,10443.161439304038,-0.2583321328683884,0.03150746825062756
1857,60,45,7165.368317986613,2022-05-18,10443.161439304038,-0.3138698123521364,-0.0748821432679011
1858,60,45,7095.534011660657,2022-05-19,10443.161439304038,-0.32055689717140645,-0.009746087462197517
1859,60,45,6961.149161860421,2022-05-20,10443.161439304038,-0.3334251124701245,-0.018939356724862466
1860,60,45,7066.163768517686,2022-05-23,10443.161439304038,-0.32336928720422087,0.015085814743437842
1861,60,45,6886.5800393982245,2022-05-24,10443.161439304038,-0.34056558644398727,-0.025414600482311478
1862,60,45,6957.380837696453,2022-05-25,10443.161439304038,-0.3337859537906259,0.010280980964887831
1863,60,45,7165.324894508609,2022-05-26,10443.161439304038,-0.31387397042996146,0.02988826710268233
1864,60,45,7275.915765555852,2022-05-27,10443.161439304038,-0.3032841819171629,0.015434173980303223
1865,60,45,7197.05238896704,2022-05-31,10443.161439304038,-0.31083585839436456,-0.01083896228735226
1866,60,45,7126.135299249677,2022-06-01,10443.161439304038,-0.3176266267004504,-0.009853629775722905
1867,60,45,7371.008654639472,2022-06-02,10443.161439304038,-0.294178425041115,0.03436271486672138
1868,60,45,7395.43815650649,2022-06-03,10443.161439304038,-0.29183914282193246,0.0033142685094584845
1869,60,45,7395.457097335018,2022-06-06,10443.161439304038,-0.2918373291155525,2.5611502831868194e-06
1870,60,45,7471.080930108244,2022-06-07,10443.161439304038,-0.28459585983321367,0.010225714486326476
1871,60,45,7388.03872919166,2022-06-08,10443.161439304038,-0.2925476856667246,-0.011115152103616688
1872,60,45,7230.542322619283,2022-06-09,10443.161439304038,-0.3076289814494003,-0.021317755949231354
1873,60,45,6969.1476603028095,2022-06-10,10443.161439304038,-0.3326592047046576,-0.036151460105385724
1874,60,45,6738.931410188686,2022-06-13,10443.161439304038,-0.3547038940884374,-0.03303363070142218
1875,60,45,6738.640645074194,2022-06-14,10443.161439304038,-0.35473173672174163,-4.314706543118163e-05
1876,60,45,6747.015572759736,2022-06-15,10443.161439304038,-0.3539297834306604,0.001242821531322269
1877,60,45,6703.708217369632,2022-06-16,10443.161439304038,-0.3580767417671573,-0.006418742468144334
1878,60,45,6703.708217369632,2022-06-17,10443.161439304038,-0.3580767417671573,0.0
1879,60,45,6721.642936843374,2022-06-21,10443.161439304038,-0.35635937681230345,0.002675343092539695
1880,60,45,6718.871455650032,2022-06-22,10443.161439304038,-0.3566247639950497,-0.0004123219902311126
1881,60,45,6827.689608589468,2022-06-23,10443.161439304038,-0.3462047246638673,0.0161958974297578
1882,60,45,6879.790310013844,2022-06-24,10443.161439304038,-0.3412157467832526,0.007630795248634525
1883,60,45,6832.682223094349,2022-06-27,10443.161439304038,-0.3457266496543121,-0.006847314350689859
1884,60,45,6659.108678158858,2022-06-28,10443.161439304038,-0.36234743503087696,-0.02540342712687782
1885,60,45,6665.450382685443,2022-06-29,10443.161439304038,-0.3617401759586657,0.0009523353399210066
1886,60,45,6572.007804461473,2022-06-30,10443.161439304038,-0.3706879049358591,-0.014018944386219201
1887,60,45,6737.697603745817,2022-07-01,10443.161439304038,-0.35482203900557185,0.025211442867104417
1888,60,45,6889.636366289094,2022-07-05,10443.161439304038,-0.3402729234502536,0.022550546414966233
1889,60,45,6896.296457204448,2022-07-06,10443.161439304038,-0.33963517682974387,0.000966682501262639
1890,60,45,7005.2771064749095,2022-07-07,10443.161439304038,-0.3291995774277946,0.015802779063624817
1891,60,45,7000.125262676012,2022-07-08,10443.161439304038,-0.3296928996682713,-0.0007354232702850849
1892,60,45,6905.137350883892,2022-07-11,10443.161439304038,-0.3387886042922199,-0.01356945886362726
1893,60,45,6875.883077005509,2022-07-12,10443.161439304038,-0.3415898895206836,-0.004236595507349117
1894,60,45,6883.378632956745,2022-07-13,10443.161439304038,-0.34087214173953506,0.0010901226602153535
1895,60,45,6856.245341688224,2022-07-14,10443.161439304038,-0.34347032921621257,-0.003941856567152957
1896,60,45,6775.396425758288,2022-07-15,10443.161439304038,-0.35121213387946826,-0.011792010335211822
1897,60,45,6808.830208048507,2022-07-18,10443.161439304038,-0.34801063378923813,0.004934586877177072
1898,60,45,6975.626424235144,2022-07-19,10443.161439304038,-0.33203882131118145,0.024497044439362403
1899,60,45,7042.595474463547,2022-07-20,10443.161439304038,-0.3256261032259896,0.009600435309398803
1900,60,45,7092.31640037323,2022-07-21,10443.161439304038,-0.3208650041853722,0.007060028662724038
1901,60,45,7087.334373057684,2022-07-22,10443.161439304038,-0.3213420654033282,-0.0007024541820050967
1902,60,45,7096.372696352187,2022-07-25,10443.161439304038,-0.32047658770799303,0.0012752782384390926
1903,60,45,7088.931290514003,2022-07-26,10443.161439304038,-0.32118915026689177,-0.001048621057066046
1904,60,45,7093.179640710487,2022-07-27,10443.161439304038,-0.32078234336065226,0.0005992934650345116
1905,60,45,7115.215151705406,2022-07-28,10443.161439304038,-0.3186723011935374,0.0031065773194929314
1906,60,45,7159.127863020421,2022-07-29,10443.161439304038,-0.3144673761265223,0.006171663172334085
1907,60,45,7156.341392160752,2022-08-01,10443.161439304038,-0.31473419866640784,-0.0003892193173503644
1908,60,45,7646.782371692891,2022-08-02,10443.161439304038,-0.26777131464104864,0.06853236209068791
1909,60,45,7384.534966537469,2022-08-03,10443.161439304038,-0.29288319351792047,-0.034295131260204004
1910,60,45,7370.972071414745,2022-08-04,10443.161439304038,-0.2941819281206125,-0.0018366620490231078
1911,60,45,7425.42366143205,2022-08-05,10443.161439304038,-0.288967837508897,0.007387301089970544
1912,60,45,7504.341037196158,2022-08-08,10443.161439304038,-0.2814109902627083,0.01062799637601941
1913,60,45,7447.927999969473,2022-08-09,10443.161439304038,-0.286812902083622,-0.007517387195900005
1914,60,45,7492.563265003525,2022-08-10,10443.161439304038,-0.28253878784211817,0.005992977514583275
1915,60,45,7528.5044105885745,2022-08-11,10443.161439304038,-0.2790971915598103,0.004796909190333265
1916,60,45,7639.677328329889,2022-08-12,10443.161439304038,-0.2684516683255431,0.014766932670578381
1917,60,45,7608.053207055381,2022-08-15,10443.161439304038,-0.2714798817126777,-0.004139457717309281
1918,60,45,7677.706745094311,2022-08-16,10443.161439304038,-0.2648101066216998,0.009155238027822588
1919,60,45,7628.195303827677,2022-08-17,10443.161439304038,-0.26955114615789744,-0.006448727844192481
1920,60,45,7638.122051333146,2022-08-18,10443.161439304038,-0.26860059611965814,0.0013013231977017092
1921,60,45,7626.309695770919,2022-08-19,10443.161439304038,-0.26973170527955015,-0.001546499975103921
1922,60,45,7515.347553702983,2022-08-22,10443.161439304038,-0.28035704538492445,-0.014549912932262488
1923,60,45,7529.384721925504,2022-08-23,10443.161439304038,-0.27901289607687196,0.001867800274333975
1924,60,45,7548.343596090603,2022-08-24,10443.161439304038,-0.27719746171101556,0.0025179845186937833
1925,60,45,7593.554482657488,2022-08-25,10443.161439304038,-0.2728682279986333,0.0059895109425465165
1926,60,45,7485.885077803052,2022-08-26,10443.161439304038,-0.28317826729853446,-0.014179052129057124
1927,60,45,7441.865168416322,2022-08-29,10443.161439304038,-0.2873934572716641,-0.00588038808093061
1928,60,45,7412.696343315622,2022-08-30,10443.161439304038,-0.29018656022906175,-0.0039195583957224445
1929,60,45,7398.759130525624,2022-08-31,10443.161439304038,-0.2915211381603713,-0.0018801812652916583
1930,60,45,7395.851218131103,2022-09-01,10443.161439304038,-0.2917995895097468,-0.0003930270391588886
1931,60,45,7377.579660341501,2022-09-02,10443.161439304038,-0.293549208903816,-0.002470514515598876
1932,60,45,7373.40416589825,2022-09-06,10443.161439304038,-0.29394903940222583,-0.000565970770291635
1933,60,45,7427.735579564809,2022-09-07,10443.161439304038,-0.2887464564504698,0.007368565786457282
1934,60,45,7414.251252159068,2022-09-08,10443.161439304038,-0.2900376676879971,-0.0018154021856727764
1935,60,45,7442.312800857614,2022-09-09,10443.161439304038,-0.287350593581019,0.0037848122142305485
1936,60,45,7518.560173994095,2022-09-12,10443.161439304038,-0.2800494162910161,0.010245118040146606
1937,60,45,7283.9761218489375,2022-09-13,10443.161439304038,-0.3025123508639006,-0.031200661658140172
1938,60,45,7348.096470959967,2022-09-14,10443.161439304038,-0.2963724142667602,0.008802932359799343
1939,60,45,7326.816920695979,2022-09-15,10443.161439304038,-0.298410068322734,-0.002895926904074475
1940,60,45,7206.803637237154,2022-09-16,10443.161439304038,-0.30990211353876795,-0.01638000304331677
1941,60,45,7294.609509225729,2022-09-19,10443.161439304038,-0.3014941355046348,0.01218374697138791
1942,60,45,7216.020876065981,2022-09-20,10443.161439304038,-0.30901950352815033,-0.010773521606654235
1943,60,45,7108.357883838651,2022-09-21,10443.161439304038,-0.31932892877768515,-0.014919994561604533
1944,60,45,6889.754907403719,2022-09-22,10443.161439304038,-0.3402615723746897,-0.03075295026041691
1945,60,45,6884.789493794791,2022-09-23,10443.161439304038,-0.34073704272318395,-0.0007206952461533689
1946,60,45,6878.582963547585,2022-09-26,10443.161439304038,-0.34133135798712755,-0.0009014843885641888
1947,60,45,6866.583450756631,2022-09-27,10443.161439304038,-0.34248038865764785,-0.0017444745312434895
1948,60,45,6889.754907403719,2022-09-28,10443.161439304038,-0.3402615723746897,0.0033745248729970534
1949,60,45,6900.631994230804,2022-09-29,10443.161439304038,-0.33922002122274175,0.0015787334924493024
1950,60,45,6872.851760124446,2022-09-30,10443.161439304038,-0.34188015764482216,-0.004025752152785889
1951,60,45,6925.642998986119,2022-10-03,10443.161439304038,-0.3368250563549975,0.007681125783617571
1952,60,45,7102.65014933054,2022-10-04,10443.161439304038,-0.31987548113554,0.025558226199406286
1953,60,45,7108.203572874738,2022-10-05,10443.161439304038,-0.3193437050468073,0.0007818804850920902
1954,60,45,7341.090082371161,2022-10-06,10443.161439304038,-0.2970433211209276,0.03276306131483486
1955,60,45,7168.448449755897,2022-10-07,10443.161439304038,-0.31357486988790406,-0.02351716579937413
1956,60,45,7125.964353448563,2022-10-10,10443.161439304038,-0.3176429958624237,-0.0059265399765524585
1957,60,45,7100.155362280716,2022-10-11,10443.161439304038,-0.32011437307112145,-0.0036218243437264874
1958,60,45,7064.769781091713,2022-10-12,10443.161439304038,-0.3235027704826394,-0.004983775619472608
1959,60,45,7164.444801436108,2022-10-13,10443.161439304038,-0.31395824501267433,0.014108742879515468
1960,60,45,6956.2256195872005,2022-10-14,10443.161439304038,-0.33389657336842027,-0.02906284961636807
1961,60,45,7150.943650154584,2022-10-17,10443.161439304038,-0.3152510672447152,0.027991908430787582
1962,60,45,7276.328562350423,2022-10-18,10443.161439304038,-0.3032446539641602,0.017534037230614752
1963,60,45,7117.290413031492,2022-10-19,10443.161439304038,-0.3184735815492853,-0.021856922478986962
1964,60,45,7161.824792689051,2022-10-20,10443.161439304038,-0.31420912773265186,0.006257209847165823
1965,60,45,7293.145232968485,2022-10-21,10443.161439304038,-0.30163434939156497,0.018336170470616642
1966,60,45,7432.942926639529,2022-10-24,10443.161439304038,-0.2882478194136888,0.019168368269850466
1967,60,45,7652.481600752681,2022-10-25,10443.161439304038,-0.2672255767346766,0.02953590203502432
1968,60,45,7592.399760228714,2022-10-26,10443.161439304038,-0.27297880011182774,-0.007851288465438144
1969,60,45,7557.771903098706,2022-10-27,10443.161439304038,-0.27629464056218045,-0.004560857992672918
1970,60,45,7738.985780214026,2022-10-28,10443.161439304038,-0.2589422441476904,0.023977156156435697
1971,60,45,7691.154855933455,2022-10-31,10443.161439304038,-0.26352236335379153,-0.006180515850391921
1972,60,45,7843.340282474031,2022-11-01,10443.161439304038,-0.24894962813131294,0.019787070913436233
1973,60,45,7694.035652243689,2022-11-02,10443.161439304038,-0.2632465085442133,-0.019035847592123956
1974,60,45,7670.626287352886,2022-11-03,10443.161439304038,-0.265488106074507,-0.003042533976818307
1975,60,45,7823.436767293334,2022-11-04,10443.161439304038,-0.25085551796135885,0.019921512822544507
1976,60,45,7837.344224093609,2022-11-07,10443.161439304038,-0.24952378935780273,0.0017776659048893695
1977,60,45,7859.177737573809,2022-11-08,10443.161439304038,-0.24743308975432565,0.00278583061505433
1978,60,45,7811.742641912969,2022-11-09,10443.161439304038,-0.25197530581950234,-0.006035630856655483
1979,60,45,8296.853595026094,2022-11-10,10443.161439304038,-0.20552280616864427,0.062100222107973835
1980,60,45,8701.031341062506,2022-11-11,10443.161439304038,-0.16682018260148934,0.04871458094412007
1981,60,45,8518.73755730632,2022-11-14,10443.161439304038,-0.18427598703539405,-0.020950824863242623
1982,60,45,8506.038414645272,2022-11-15,10443.161439304038,-0.1854920117741531,-0.0014907305895526246
1983,60,45,8379.098385360983,2022-11-16,10443.161439304038,-0.1976473375365736,-0.014923519398375884
1984,60,45,8234.928077163442,2022-11-17,10443.161439304038,-0.21145257353100533,-0.017205945266070555
1985,60,45,8318.987677981497,2022-11-18,10443.161439304038,-0.2034033251011489,0.010207690951322679
1986,60,45,8306.432107865268,2022-11-21,10443.161439304038,-0.20460560184360876,-0.0015092665841374142
1987,60,45,8349.829742059834,2022-11-22,10443.161439304038,-0.2004499987298588,0.005224581821775542
1988,60,45,8460.442757706793,2022-11-23,10443.161439304038,-0.18985808972894513,0.013247337857654529
1989,60,45,8459.75778319306,2022-11-25,10443.161439304038,-0.18992368045237829,-8.096201739671294e-05
1990,60,45,8284.365985899909,2022-11-28,10443.161439304038,-0.20671857520838988,-0.020732484521199912
1991,60,45,8222.365026380668,2022-11-29,10443.161439304038,-0.21265556659548968,-0.007484092279936294
1992,60,45,8517.857605393183,2022-11-30,10443.161439304038,-0.18436024810118834,0.03593766246870023
1993,60,45,8558.46749905448,2022-12-01,10443.161439304038,-0.1804715891067522,0.004767618284154507
1994,60,45,8481.806640208903,2022-12-02,10443.161439304038,-0.18781236031776272,-0.008957311440868088
1995,60,45,8231.067976436456,2022-12-05,10443.161439304038,-0.21182220304879273,-0.029561940563911593
1996,60,45,8154.966417631177,2022-12-06,10443.161439304038,-0.21910941767700498,-0.00924564819816076
1997,60,45,8199.117887303915,2022-12-07,10443.161439304038,-0.21488162995876015,0.005414059042264441
1998,60,45,8324.437838163252,2022-12-08,10443.161439304038,-0.20288143714476403,0.015284565069297429
1999,60,45,8279.182317516013,2022-12-09,10443.161439304038,-0.207214944857947,-0.005436465684176994
2000,60,45,8456.366562094501,2022-12-12,10443.161439304038,-0.19024841172444262,0.02140117680506015
2001,60,45,8525.009633069227,2022-12-13,10443.161439304038,-0.183675395365969,0.008117324440784834
2002,60,45,8366.192261343765,2022-12-14,10443.161439304038,-0.19888318207390343,-0.018629582670428357
2003,60,45,8198.112850714786,2022-12-15,10443.161439304038,-0.21497786868828384,-0.02009031174260667
2004,60,45,8160.578689864862,2022-12-16,10443.161439304038,-0.21857200644705288,-0.0045783903604902365
2005,60,45,8099.843699543458,2022-12-19,10443.161439304038,-0.22438777312598412,-0.007442485714503899
2006,60,45,8115.832784550745,2022-12-20,10443.161439304038,-0.2228567152083013,0.001973999202995458
2007,60,45,8144.195244228208,2022-12-21,10443.161439304038,-0.22014082693612358,0.0034947072506783528
2008,60,45,8137.84788998695,2022-12-22,10443.161439304038,-0.22074862700491982,-0.0007793715709059068
2009,60,45,8139.294076042033,2022-12-23,10443.161439304038,-0.22061014537141366,0.0001777111190370828
2010,60,45,8146.685979722875,2022-12-27,10443.161439304038,-0.21990232296305534,0.0009081750348105544
2011,60,45,8122.501595204044,2022-12-28,10443.161439304038,-0.22221813361669618,-0.0029686162666667792
2012,60,45,8189.17125298953,2022-12-29,10443.161439304038,-0.21583408428709694,0.00820802027602574
2013,60,45,8189.713185679359,2022-12-30,10443.161439304038,-0.21578219074001548,6.617674403019969e-05
2014,60,45,8163.004033002311,2023-01-03,10443.161439304038,-0.2183397642135544,-0.003261305014167326
2015,60,45,8295.326905920205,2023-01-04,10443.161439304038,-0.2056689964879994,0.016210070751272898
2016,60,45,8242.532327435825,2023-01-05,10443.161439304038,-0.2107244175682177,-0.006364375880919315
2017,60,45,8552.938128564043,2023-01-06,10443.161439304038,-0.18100106196059773,0.03765903351024913
2018,60,45,8672.589563706844,2023-01-09,10443.161439304038,-0.16954366605245064,0.013989512532915915
2019,60,45,8696.453759425653,2023-01-10,10443.161439304038,-0.16725851553959992,0.0027516805152034696
2020,60,45,8740.514170201528,2023-01-11,10443.161439304038,-0.16303944729748232,0.005066480199255929
2021,60,45,8763.657429100847,2023-01-12,10443.161439304038,-0.1608233311305698,0.002647814356073086
2022,60,45,8662.202945215333,2023-01-13,10443.161439304038,-0.17053825170085601,-0.011576728632570865
2023,60,45,8753.912019336534,2023-01-17,10443.161439304038,-0.16175651691161452,0.010587269162500634
2024,60,45,8599.646556476231,2023-01-18,10443.161439304038,-0.17652842901475474,-0.017622459823624648
2025,60,45,8479.943132272661,2023-01-19,10443.161439304038,-0.18799080321047024,-0.013919574882228503
2026,60,45,8720.760696869449,2023-01-20,10443.161439304038,-0.16493096965370424,0.02839848815498458
2027,60,45,8889.652277390378,2023-01-23,10443.161439304038,-0.14875851253882277,0.019366611055106286
2028,60,45,8818.667121768294,2023-01-24,10443.161439304038,-0.15555579859387914,-0.007985144233664254
2029,60,45,8802.063006562377,2023-01-25,10443.161439304038,-0.1571457496161266,-0.0018828372787687009
2030,60,45,8846.544228655175,2023-01-26,10443.161439304038,-0.1528863859788484,0.005053499623853597
2031,60,45,9145.029849945891,2023-01-27,10443.161439304038,-0.124304464400261,0.03374036387269497
2032,60,45,9130.13106386526,2023-01-30,10443.161439304038,-0.12573111917020052,-0.001629167572451351
2033,60,45,9231.770398029088,2023-01-31,10443.161439304038,-0.11599849799465334,0.011132297384655487
2034,60,45,9158.363222040718,2023-02-01,10443.161439304038,-0.12302770810645847,-0.007951581638560024
2035,60,45,9250.582618280248,2023-02-02,10443.161439304038,-0.11419710668604455,0.010069418956609288
2036,60,45,9204.133431329985,2023-02-03,10443.161439304038,-0.11864491563932245,-0.0050212174591548475
2037,60,45,9147.418764671853,2023-02-06,10443.161439304038,-0.12407571042189469,-0.00616186923856199
2038,60,45,9183.150155400652,2023-02-07,10443.161439304038,-0.12065419951866196,0.0039061719647948134
2039,60,45,9208.643488594476,2023-02-08,10443.161439304038,-0.11821304859496973,0.002776098916212444
2040,60,45,9081.83689697295,2023-02-09,10443.161439304038,-0.13035559684135356,-0.013770387764341585
2041,60,45,9227.829478681942,2023-02-10,10443.161439304038,-0.11637586641608877,0.016075226120571662
2042,60,45,9275.85020719411,2023-02-13,10443.161439304038,-0.11177757223177831,0.00520390289212691
2043,60,45,9224.500071862967,2023-02-14,10443.161439304038,-0.11669467857257276,-0.005535895274733527
2044,60,45,9219.138340488906,2023-02-15,10443.161439304038,-0.11720809890081574,-0.0005812489926056985
2045,60,45,9129.721446583251,2023-02-16,10443.161439304038,-0.12577034266438747,-0.009699051104694933
2046,60,45,9081.19050353951,2023-02-17,10443.161439304038,-0.13041749317774531,-0.005315709063818508
2047,60,45,8970.314307820669,2023-02-21,10443.161439304038,-0.14103460336638485,-0.012209433958645266
2048,60,45,8921.428705677637,2023-02-22,10443.161439304038,-0.14571571477380252,-0.005449708947256271
2049,60,45,8993.573645749779,2023-02-23,10443.161439304038,-0.13880737188439596,0.008086702528511847
2050,60,45,9025.278607403172,2023-02-24,10443.161439304038,-0.13577141751007515,0.0035252907133724865
2051,60,45,9029.375704928172,2023-02-27,10443.161439304038,-0.13537909402175097,0.00045395801096259625
2052,60,45,8904.678983521373,2023-02-28,10443.161439304038,-0.14731960859978754,-0.013810115503194775
2053,60,45,8982.144000087888,2023-03-01,10443.161439304038,-0.139901834105278,0.008699360943821732
2054,60,45,8869.547692200107,2023-03-02,10443.161439304038,-0.15068365611791223,-0.012535571450054683
2055,60,45,8866.39779369822,2023-03-03,10443.161439304038,-0.15098527919634452,-0.00035513631711547866
2056,60,45,8788.5404778337,2023-03-06,10443.161439304038,-0.15844061887648142,-0.008781166565733911
2057,60,45,8662.326643377386,2023-03-07,10443.161439304038,-0.17052640680477038,-0.014361182584827104
2058,60,45,8619.597203250183,2023-03-08,10443.161439304038,-0.17461802603095467,-0.004932790217495486
2059,60,45,8651.12738382599,2023-03-09,10443.161439304038,-0.17159880807104277,0.0036579645002341454
2060,60,45,8652.505782544911,2023-03-10,10443.161439304038,-0.17146681751177273,0.00015933168681558918
2061,60,45,8566.6244489606,2023-03-13,10443.161439304038,-0.1796905085926256,-0.00992560256446906
2062,60,45,8583.343508964896,2023-03-14,10443.161439304038,-0.178089550865268,0.001951650863640353
2063,60,45,8633.738198303938,2023-03-15,10443.161439304038,-0.17326393463478673,0.0058712189820211425
2064,60,45,8757.39984383495,2023-03-16,10443.161439304038,-0.16142253524153427,0.014323071037213753
2065,60,45,8668.805199434542,2023-03-17,10443.161439304038,-0.16990604331668202,-0.010116546689686312
2066,60,45,8685.967134573593,2023-03-20,10443.161439304038,-0.16826267744143475,0.001979734778233322
2067,60,45,8575.4400508416,2023-03-21,10443.161439304038,-0.17884635790777437,-0.012724787236651158
2068,60,45,8402.485173344117,2023-03-22,10443.161439304038,-0.19540790189066704,-0.020168630002901033
2069,60,45,8374.487293713019,2023-03-23,10443.161439304038,-0.19808887927417518,-0.003332095094903398
2070,60,45,8514.77994060437,2023-03-24,10443.161439304038,-0.1846549543361441,0.016752386381513107
2071,60,45,8492.001337839934,2023-03-27,10443.161439304038,-0.1868361523284212,-0.0026751839652146003
2072,60,45,8522.733617826198,2023-03-28,10443.161439304038,-0.18389333849135858,0.0036189678691314064
2073,60,45,8566.686138578332,2023-03-29,10443.161439304038,-0.1796846014142207,0.005157091928838842
2074,60,45,8574.05961419355,2023-03-30,10443.161439304038,-0.17897854361189025,0.0008607150414920994
2075,60,45,8645.494120696289,2023-03-31,10443.161439304038,-0.1721382293145467,0.008331468372868134
2076,60,45,8638.587096203564,2023-04-03,10443.161439304038,-0.17279962141624572,-0.0007989161054646754
2077,60,45,8543.619191264246,2023-04-04,10443.161439304038,-0.1818934102551213,-0.010993453429560707
2078,60,45,8585.130375209783,2023-04-05,10443.161439304038,-0.17791844690836067,0.00485873527555869
2079,60,45,8551.171159710031,2023-04-06,10443.161439304038,-0.18117026061411678,-0.003955585298717312
2080,60,45,8644.393528285776,2023-04-10,10443.161439304038,-0.17224361812969702,0.010901707711684638
2081,60,45,8806.529119374527,2023-04-11,10443.161439304038,-0.15671809053624863,0.018756155716212808
2082,60,45,8716.300548598276,2023-04-12,10443.161439304038,-0.16535805759035027,-0.01024564497013325
2083,60,45,8772.964911915138,2023-04-13,10443.161439304038,-0.1599320796768422,0.006500964830311595
2084,60,45,8709.672694134046,2023-04-14,10443.161439304038,-0.1659927173629442,-0.007214461520885673
2085,60,45,8757.904408411021,2023-04-17,10443.161439304038,-0.16137421993213263,0.005537718347264464
2086,60,45,8794.010014599426,2023-04-18,10443.161439304038,-0.15791687548732525,0.004122630769265889
2087,60,45,8790.432651904082,2023-04-19,10443.161439304038,-0.15825943101671502,-0.00040679538565502327
2088,60,45,8784.049572334141,2023-04-20,10443.161439304038,-0.15887065201593442,-0.0007261394089127515
2089,60,45,8772.567245558685,2023-04-21,10443.161439304038,-0.15997015879289966,-0.0013071791866499094
2090,60,45,8842.443496001739,2023-04-24,10443.161439304038,-0.15327905755414384,0.007965313743069968
2091,60,45,8735.860173479297,2023-04-25,10443.161439304038,-0.16348509747241058,-0.0120536051568364
2092,60,45,8533.035192072304,2023-04-26,10443.161439304038,-0.18290689637744695,-0.023217516922115822
2093,60,45,8633.50859183979,2023-04-27,10443.161439304038,-0.17328592093323492,0.011774637922603803
2094,60,45,8772.774144238896,2023-04-28,10443.161439304038,-0.15995034691108456,0.016130817606498482
2095,60,45,8755.98795375682,2023-05-01,10443.161439304038,-0.16155773281425556,-0.0019134415415333894
2096,60,45,8589.456362248786,2023-05-02,10443.161439304038,-0.17750420577418446,-0.01901916635650258
2097,60,45,8569.258601424124,2023-05-03,10443.161439304038,-0.17943827152065894,-0.0023514597400403625
2098,60,45,8715.511893406157,2023-05-04,10443.161439304038,-0.16543357640682188,0.01706720485220603
2099,60,45,8702.925941809284,2023-05-05,10443.161439304038,-0.1666387623718214,-0.001444086331451766
2100,60,45,8723.682531268289,2023-05-08,10443.161439304038,-0.1646511851827066,0.0023850127644184926
2101,60,45,8716.43994338,2023-05-09,10443.161439304038,-0.1653447096417875,-0.000830221395875852
2102,60,45,8841.739700185006,2023-05-10,10443.161439304038,-0.15334645053861728,0.014375106995393017
2103,60,45,8771.306360799152,2023-05-11,10443.161439304038,-0.1600908966333382,-0.007966004629652246
2104,60,45,8633.109110941612,2023-05-12,10443.161439304038,-0.17332417380335485,-0.015755606311412484
2105,60,45,8748.283558237406,2023-05-15,10443.161439304038,-0.16229547832974833,0.013341016059883026
2106,60,45,8593.439566135557,2023-05-16,10443.161439304038,-0.17712278833561257,-0.017699928342634452
2107,60,45,8736.627897016482,2023-05-17,10443.161439304038,-0.16341158299677538,0.01666251676979158
2108,60,45,8713.358419654938,2023-05-18,10443.161439304038,-0.16563978539475488,-0.002663439216575858
2109,60,45,8578.659564482074,2023-05-19,10443.161439304038,-0.17853806873124622,-0.015458890669414083
2110,60,45,8709.83311001098,2023-05-22,10443.161439304038,-0.1659773565090622,0.01529068085088725
2111,60,45,8547.554869489839,2023-05-23,10443.161439304038,-0.1815165437048465,-0.018631613082760623
2112,60,45,8468.223394057813,2023-05-24,10443.161439304038,-0.18911304366255588,-0.009281189374425236
2113,60,45,8460.463764652754,2023-05-25,10443.161439304038,-0.1898560781785077,-0.0009163231818500872
2114,60,45,8457.896841377933,2023-05-26,10443.161439304038,-0.19010187762245379,-0.0003034021947525556
2115,60,45,8564.630324098973,2023-05-30,10443.161439304038,-0.17988145889758989,0.012619388096444473
2116,60,45,8527.456284128346,2023-05-31,10443.161439304038,-0.18344111276166963,-0.004340413837364054
2117,60,45,8589.14294520544,2023-06-01,10443.161439304038,-0.1775342174756378,0.0072338876942597
2118,60,45,8711.021697612821,2023-06-02,10443.161439304038,-0.16586354158733096,0.014189861920439473
2119,60,45,8501.552635556835,2023-06-05,10443.161439304038,-0.1859215540267084,-0.024046440168251415
2120,60,45,8363.672738431158,2023-06-06,10443.161439304038,-0.19912444262773588,-0.016218201902204132
2121,60,45,8447.272943378815,2023-06-07,10443.161439304038,-0.19111918431266106,0.009995633205913679
2122,60,45,8499.177112518923,2023-06-08,10443.161439304038,-0.1861490256646524,0.0061444882257286615
2123,60,45,8447.29589275458,2023-06-09,10443.161439304038,-0.19111698676205346,-0.0061042638690189666
2124,60,45,8431.762963890029,2023-06-12,10443.161439304038,-0.19260436478975418,-0.0018388048745723307
2125,60,45,8471.81318375546,2023-06-13,10443.161439304038,-0.18876929816762034,0.004749922410882457
2126,60,45,8360.907017060197,2023-06-14,10443.161439304038,-0.19938927827037478,-0.01309119598009112
2127,60,45,8442.333264769388,2023-06-15,10443.161439304038,-0.19159219036912556,0.009738925160038603
2128,60,45,8437.691625210626,2023-06-16,10443.161439304038,-0.19203665726602637,-0.0005498052982736423
2129,60,45,8338.177248173462,2023-06-20,10443.161439304038,-0.20156580010419312,-0.011794028681947566
2130,60,45,8386.398924771807,2023-06-21,10443.161439304038,-0.1969482638457899,0.005783239569404408
2131,60,45,8443.817743483647,2023-06-22,10443.161439304038,-0.1914500419667584,0.006846659600491467
2132,60,45,8421.152558144355,2023-06-23,10443.161439304038,-0.19362037950975464,-0.0026842343153111736
2133,60,45,8465.235819844676,2023-06-26,10443.161439304038,-0.18939912314437768,0.005234825209013305
2134,60,45,8568.890215587635,2023-06-27,10443.161439304038,-0.17947354683825611,0.012244714494540787
2135,60,45,8529.621289051272,2023-06-28,10443.161439304038,-0.18323379958974273,-0.004582731899742232
2136,60,45,8564.17389725499,2023-06-29,10443.161439304038,-0.17992516470896092,0.004050895934626153
2137,60,45,8623.654018131412,2023-06-30,10443.161439304038,-0.17422955986533928,0.006945225726381787
2138,60,45,8650.523726551106,2023-07-03,10443.161439304038,-0.17165661214487538,0.0031158147536067826
2139,60,45,8608.98509839236,2023-07-05,10443.161439304038,-0.17563420345189185,-0.004801862808751167
2140,60,45,8603.332530929589,2023-07-06,10443.161439304038,-0.17617547320967786,-0.0006565892957379749
2141,60,45,8613.381163234179,2023-07-07,10443.161439304038,-0.17521325191653858,0.00116799301531878
2142,60,45,8707.319045370907,2023-07-10,10443.161439304038,-0.1662180943981283,0.010906040305948439
2143,60,45,8749.419205410279,2023-07-11,10443.161439304038,-0.162186732795221,0.004835031290343572
2144,60,45,8748.639743970603,2023-07-12,10443.161439304038,-0.16226137125065476,-8.908722069156383e-05
2145,60,45,8559.541991474254,2023-07-13,10443.161439304038,-0.18036869953389456,-0.021614531862129915
2146,60,45,8533.652180184643,2023-07-14,10443.161439304038,-0.18284781579002862,-0.003024672501799608
2147,60,45,8504.559059359142,2023-07-17,10443.161439304038,-0.18563366957526317,-0.0034092227115906093
2148,60,45,8439.36742974988,2023-07-18,10443.161439304038,-0.19187618818307728,-0.00766549202072031
2149,60,45,8458.1219480768,2023-07-19,10443.161439304038,-0.19008032220552618,0.0022222658846215992
2150,60,45,8555.147052988294,2023-07-20,10443.161439304038,-0.18078954321341667,0.011471235045689587
2151,60,45,8610.157973780522,2023-07-21,10443.161439304038,-0.17552189307586463,0.006430154905755048
2152,60,45,8661.561982542413,2023-07-24,10443.161439304038,-0.17059962800693385,0.005970158610146825
2153,60,45,8636.44072296393,2023-07-25,10443.161439304038,-0.1730051504844412,-0.002900315165915379
2154,60,45,8780.146229311276,2023-07-26,10443.161439304038,-0.15924442226219093,0.01663943642491983
2155,60,45,8635.08489759996,2023-07-27,10443.161439304038,-0.17313497949951961,-0.016521516603795305
2156,60,45,8623.266378773284,2023-07-28,10443.161439304038,-0.17426667883169655,-0.0013686627250140138
2157,60,45,8614.638841677832,2023-07-31,10443.161439304038,-0.1750928211015058,-0.00100049525510304
2158,60,45,8649.760273183696,2023-08-01,10443.161439304038,-0.17172971772423917,0.0040769476412576555
2159,60,45,8563.744080392027,2023-08-02,10443.161439304038,-0.17996632244318356,-0.009944344129205418
2160,60,45,8639.960270244328,2023-08-03,10443.161439304038,-0.17266813115357527,0.008899867760739033
2161,60,45,8553.567441509678,2023-08-04,10443.161439304038,-0.18094080119097422,-0.009999215972344544
2162,60,45,8585.896733091118,2023-08-07,10443.161439304038,-0.1778450632030728,0.003779626664840219
2163,60,45,8527.671367530442,2023-08-08,10443.161439304038,-0.18342051713999452,-0.006781512446599636
2164,60,45,8514.13404676896,2023-08-09,10443.161439304038,-0.18471680283280512,-0.0015874580736102706
2165,60,45,8532.827820558728,2023-08-10,10443.161439304038,-0.18292675353610355,0.0021956165697041286
2166,60,45,8524.986030232778,2023-08-11,10443.161439304038,-0.18367765548964765,-0.0009190142460224759
2167,60,45,8459.605499845095,2023-08-14,10443.161439304038,-0.1899382625642081,-0.007669282994226534
2168,60,45,8390.2857460312,2023-08-15,10443.161439304038,-0.19657607566484647,-0.00819420643375901
2169,60,45,8539.836707765793,2023-08-16,10443.161439304038,-0.1822556074231375,0.017824298988307286
2170,60,45,8483.769386265483,2023-08-17,10443.161439304038,-0.1876244147355759,-0.006565385664731083
2171,60,45,8488.634993424132,2023-08-18,10443.161439304038,-0.18715850149781477,0.0005735194978926383
2172,60,45,8484.307023662035,2023-08-21,10443.161439304038,-0.18757293249050322,-0.0005098546191996123
2173,60,45,8429.307855950743,2023-08-22,10443.161439304038,-0.19283945719482276,-0.006482458444502792
2174,60,45,8488.61294492515,2023-08-23,10443.161439304038,-0.18716061278366536,0.007035582278862806
2175,60,45,8389.099414556767,2023-08-24,10443.161439304038,-0.1966896745478407,-0.011723179159426222
2176,60,45,8436.792561039989,2023-08-25,10443.161439304038,-0.1921227484536291,0.00568513306690166
2177,60,45,8482.921833530625,2023-08-28,10443.161439304038,-0.1877055733712807,0.005467631467396261
2178,60,45,8552.79127702748,2023-08-29,10443.161439304038,-0.1810151239414851,0.008236483238673875
2179,60,45,8525.994633422606,2023-08-30,10443.161439304038,-0.18358107523512512,-0.0031330875192580043
2180,60,45,8521.647733627266,2023-08-31,10443.161439304038,-0.18399731890047544,-0.000509840784827631
2181,60,45,8531.632295144937,2023-09-01,10443.161439304038,-0.18304123279803397,0.0011716702954371883
2182,60,45,8437.363952290882,2023-09-05,10443.161439304038,-0.1920680340595049,-0.011049273995047848
2183,60,45,8407.502297494417,2023-09-06,10443.161439304038,-0.19492747992463133,-0.0035392161539217204
2184,60,45,8359.01167045478,2023-09-07,10443.161439304038,-0.19957076992081357,-0.0057675425261659585
2185,60,45,8265.849373692941,2023-09-08,10443.161439304038,-0.2084916601419693,-0.011145132993548024
2186,60,45,8335.932283019913,2023-09-11,10443.161439304038,-0.20178076998343875,0.008478609536488602
2187,60,45,8276.968911466838,2023-09-12,10443.161439304038,-0.20742689274959258,-0.007073398577526979
2188,60,45,8321.686921293158,2023-09-13,10443.161439304038,-0.20314485516104985,0.005402703611024462
2189,60,45,8360.11136149916,2023-09-14,10443.161439304038,-0.19946546741727855,0.004617385942228047
2190,60,45,8288.95241542235,2023-09-15,10443.161439304038,-0.20627939502822146,-0.008511722272566469
2191,60,45,8241.700682526975,2023-09-18,10443.161439304038,-0.2108040529270775,-0.005700567517731181
2192,60,45,8256.837131263786,2023-09-19,10443.161439304038,-0.2093546404263913,0.0018365686063923636
2193,60,45,8230.200435914556,2023-09-20,10443.161439304038,-0.21190527564390127,-0.003226016805923604
2194,60,45,8044.248316945815,2023-09-21,10443.161439304038,-0.22971138924747814,-0.02259387489000786
2195,60,45,7955.289908829623,2023-09-22,10443.161439304038,-0.23822973004238213,-0.011058635264751149
2196,60,45,7975.92130189886,2023-09-25,10443.161439304038,-0.23625414121431043,0.002593418128777225
2197,60,45,7952.836456851489,2023-09-26,10443.161439304038,-0.23846466387849996,-0.0028943170542411467
2198,60,45,7920.269957983635,2023-09-27,10443.161439304038,-0.24158311599255866,-0.004094953925501299
2199,60,45,7946.328780728998,2023-09-28,10443.161439304038,-0.23908781580048388,0.0032901432506218242
2200,60,45,7895.705696632749,2023-09-29,10443.161439304038,-0.24393530230066607,-0.006370625416232123
2201,60,45,7824.241874187513,2023-10-02,10443.161439304038,-0.25077842378840576,-0.00905097342669614
2202,60,45,7719.472206324389,2023-10-03,10443.161439304038,-0.26081079458646805,-0.013390392263915474
2203,60,45,7719.359570839553,2023-10-04,10443.161439304038,-0.26082158015992585,-1.4591086258897157e-05
2204,60,45,7620.510397776648,2023-10-05,10443.161439304038,-0.27028702543120886,-0.01280535932492588
2205,60,45,7529.753648039396,2023-10-06,10443.161439304038,-0.2789775690242322,-0.01190953689450136
2206,60,45,7547.326335813402,2023-10-09,10443.161439304038,-0.27729487093743743,0.0023337666270903945
2207,60,45,7643.377462442835,2023-10-10,10443.161439304038,-0.26809735664182055,0.012726510336998897
2208,60,45,7598.739886908014,2023-10-11,10443.161439304038,-0.27237169212866097,-0.005840032859054212
2209,60,45,7356.128177039994,2023-10-12,10443.161439304038,-0.2956033266560105,-0.03192788718640316
2210,60,45,7320.28754093988,2023-10-13,10443.161439304038,-0.2990352985074868,-0.004872214735460956
2211,60,45,7362.582800158583,2023-10-16,10443.161439304038,-0.2949852549010057,0.005777813915390562
2212,60,45,7347.459822356736,2023-10-17,10443.161439304038,-0.2964333774728669,-0.00205403160987494
2213,60,45,7256.906508251362,2023-10-18,10443.161439304038,-0.3051044407932678,-0.01232443814525408
2214,60,45,7226.197200652085,2023-10-19,10443.161439304038,-0.30804505487625033,-0.004231735321980401
2215,60,45,7108.884153754017,2023-10-20,10443.161439304038,-0.3192785350421843,-0.016234409834190777
2216,60,45,7127.452802341159,2023-10-23,10443.161439304038,-0.3175004672898982,0.0026120342075537373
2217,60,45,7084.75686668651,2023-10-24,10443.161439304038,-0.32158887824694415,-0.005990349826045183
2218,60,45,7118.336948561711,2023-10-25,10443.161439304038,-0.31837336902874713,0.004739764893429088
2219,60,45,7103.312276361719,2023-10-26,10443.161439304038,-0.31981207820578283,-0.0021106997756025203
2220,60,45,6985.994545212002,2023-10-27,10443.161439304038,-0.331046006918996,-0.016515919135376533
2221,60,45,7036.601359764402,2023-10-30,10443.161439304038,-0.3262000783324728,0.007244038658330343
2222,60,45,7114.658664635834,2023-10-31,10443.161439304038,-0.31872558841626275,0.011093040642854435
2223,60,45,7099.222670070707,2023-11-01,10443.161439304038,-0.32020368436018176,-0.0021696043749579452
2224,60,45,7240.635483396587,2023-11-02,10443.161439304038,-0.3066624962680723,0.01991947849756226
2225,60,45,7219.223780967935,2023-11-03,10443.161439304038,-0.30871280474535645,-0.002957157901091745
2226,60,45,7135.724302450866,2023-11-06,10443.161439304038,-0.3167084178556555,-0.011566268209776132
2227,60,45,7159.209498128144,2023-11-07,10443.161439304038,-0.31445955903892886,0.003291213993400932
2228,60,45,7114.549421071708,2023-11-08,10443.161439304038,-0.31873604919145615,-0.006238129652179292
2229,60,45,7012.529164211824,2023-11-09,10443.161439304038,-0.3285051461696873,-0.014339665215863606
2230,60,45,7108.849766920062,2023-11-10,10443.161439304038,-0.31928182780311243,0.013735501194035216
2231,60,45,7050.793537420894,2023-11-13,10443.161439304038,-0.32484108587228944,-0.008166754313661873
2232,60,45,7225.709241734912,2023-11-14,10443.161439304038,-0.30809178008681115,0.024807945855410907
2233,60,45,7280.727431815883,2023-11-15,10443.161439304038,-0.30282343386802113,0.007614226955492853
2234,60,45,7239.714356605661,2023-11-16,10443.161439304038,-0.30675070009373173,-0.00563310130674588
2235,60,45,7250.797245213613,2023-11-17,10443.161439304038,-0.30568944209514903,0.0015308461165790543
2236,60,45,7288.033609509333,2023-11-20,10443.161439304038,-0.3021238202753449,0.005135485524753847
2237,60,45,7336.955139322391,2023-11-21,10443.161439304038,-0.2974392685620164,0.006712582904286668
2238,60,45,7407.015732920572,2023-11-22,10443.161439304038,-0.2907305152783124,0.009549001222958431
2239,60,45,7408.404151466875,2023-11-24,10443.161439304038,-0.2905975652560062,0.00018744641517809413
2240,60,45,7384.21349141839,2023-11-27,10443.161439304038,-0.2929139768320488,-0.0032652997263513672
2241,60,45,7396.963574025262,2023-11-28,10443.161439304038,-0.2916930742652374,0.00172666765684526
2242,60,45,7268.267383482651,2023-11-29,10443.161439304038,-0.3040165637842491,-0.017398516195825553
2243,60,45,7313.453635761055,2023-11-30,10443.161439304038,-0.29968968896372394,0.006216922121094592
2244,60,45,7464.642266761541,2023-12-01,10443.161439304038,-0.2852124033372211,0.020672672383018842
2245,60,45,7447.160391862358,2023-12-04,10443.161439304038,-0.28688640550608424,-0.0023419574943364108
2246,60,45,7362.319864252626,2023-12-05,10443.161439304038,-0.29501043270827076,-0.011392332532872307
2247,60,45,7316.147848993192,2023-12-06,10443.161439304038,-0.29943170068615144,-0.006271394901438576
2248,60,45,7349.506637784752,2023-12-07,10443.161439304038,-0.2962373817066507,0.004559611079504089
2249,60,45,7408.3158255717535,2023-12-08,10443.161439304038,-0.29060602302960614,0.008001787151896256
2250,60,45,7465.636287329194,2023-12-11,10443.161439304038,-0.28511721946273727,0.0077373134605822624
2251,60,45,7354.736669999087,2023-12-12,10443.161439304038,-0.29573657242157625,-0.014854677225346169
2252,60,45,7457.250509265111,2023-12-13,10443.161439304038,-0.28592021174747984,0.013938478543248367
2253,60,45,7497.107269963333,2023-12-14,10443.161439304038,-0.2821036700871914,0.005344699182185497
2254,60,45,7466.550047499457,2023-12-15,10443.161439304038,-0.28502972103847424,-0.004075868380101988
2255,60,45,7509.10454250217,2023-12-18,10443.161439304038,-0.2809548539352468,0.005699351739691938
2256,60,45,7560.237294038064,2023-12-19,10443.161439304038,-0.2760585634935948,0.006809433967323031
2257,60,45,7461.4970411063905,2023-12-20,10443.161439304038,-0.2855135789604679,-0.01306047007407285
2258,60,45,7526.654031050805,2023-12-21,10443.161439304038,-0.27927437732376925,0.008732428571030182
2259,60,45,7533.43951762869,2023-12-22,10443.161439304038,-0.27862462326056514,0.0009015276309887188
2260,60,45,7566.954693828993,2023-12-26,10443.161439304038,-0.2754153291789697,0.004448854486967857
2261,60,45,7552.204092723328,2023-12-27,10443.161439304038,-0.27682779428270254,-0.0019493444460152443
2262,60,45,7560.337274693794,2023-12-28,10443.161439304038,-0.2760489897015672,0.0010769282544020875
2263,60,45,7565.097502783378,2023-12-29,10443.161439304038,-0.27559316718869586,0.0006296317104155236
2264,60,45,7607.228278827871,2024-01-02,10443.161439304038,-0.2715588739060192,0.005569098881936574
2265,60,45,7572.469708898981,2024-01-03,10443.161439304038,-0.2748872309491338,-0.004569150373156083
2266,60,45,7536.539222681013,2024-01-04,10443.161439304038,-0.2783278065283582,-0.004744883452718618
2267,60,45,7599.291166434988,2024-01-05,10443.161439304038,-0.2723189035616952,0.008326360667655575
2268,60,45,7653.592145167187,2024-01-08,10443.161439304038,-0.2671192349510165,0.007145532069101179
2269,60,45,7597.71513660741,2024-01-09,10443.161439304038,-0.27246981857308683,-0.007300755971829442
2270,60,45,7592.418689608519,2024-01-10,10443.161439304038,-0.2729769875017368,-0.0006971105001517541
2271,60,45,7604.70205239636,2024-01-11,10443.161439304038,-0.2718007763649818,0.001617845813041363
2272,60,45,7608.293071548544,2024-01-12,10443.161439304038,-0.27145691314185205,0.0004722103676699785
2273,60,45,7585.114202232899,2024-01-16,10443.161439304038,-0.27367643923558915,-0.003046526875038924
2274,60,45,7569.142883216784,2024-01-17,10443.161439304038,-0.2752057959451393,-0.0021056135201514836
2275,60,45,7567.152526045806,2024-01-18,10443.161439304038,-0.27539638546944634,-0.000262956744467302
2276,60,45,7625.494631423126,2024-01-19,10443.161439304038,-0.26980975294284926,0.007709915344841889
2277,60,45,7631.54110326411,2024-01-22,10443.161439304038,-0.26923076430266335,0.0007929284765433309
2278,60,45,7600.083148231213,2024-01-23,10443.161439304038,-0.2722430662014448,-0.004122097307376227
2279,60,45,7561.490258791202,2024-01-24,10443.161439304038,-0.2759385840448023,-0.00507795621275442
2280,60,45,7459.5667388864285,2024-01-25,10443.161439304038,-0.2856984178362414,-0.013479289983383103
2281,60,45,7400.126088117831,2024-01-26,10443.161439304038,-0.2913902431627068,-0.007968378439291324
2282,60,45,7466.857660166057,2024-01-29,10443.161439304038,-0.28500026514349575,0.009017626355769082
2283,60,45,7423.151547555261,2024-01-30,10443.161439304038,-0.28918540705332996,-0.005853347499036765
2284,60,45,7346.406230071212,2024-01-31,10443.161439304038,-0.29653426572319685,-0.010338643498302824
2285,60,45,7307.700502013593,2024-02-01,10443.161439304038,-0.300240588591284,-0.005268661553071263
2286,60,45,7362.007863306577,2024-02-02,10443.161439304038,-0.2950403088092831,0.00743152531744018
2287,60,45,7317.009508821638,2024-02-05,10443.161439304038,-0.29934919120533443,-0.0061122393945296505
2288,60,45,7316.430165372563,2024-02-06,10443.161439304038,-0.29940466707367586,-7.917762692200014e-05
2289,60,45,7343.49620726298,2024-02-07,10443.161439304038,-0.296812919158284,0.0036993508143514653
2290,60,45,7425.947485226963,2024-02-08,10443.161439304038,-0.2889176780051914,0.01122779608470914
2291,60,45,7513.58029166488,2024-02-09,10443.161439304038,-0.2805262721127094,0.011800892291825571
2292,60,45,7610.17438062214,2024-02-12,10443.161439304038,-0.27127676567553816,0.012855933550669052
2293,60,45,7470.868980150521,2024-02-13,10443.161439304038,-0.28461615540739926,-0.018305152221785415
2294,60,45,7520.230405378923,2024-02-14,10443.161439304038,-0.27988948087351484,0.006607186574888679
2295,60,45,7535.77953620707,2024-02-15,10443.161439304038,-0.2784005514033999,0.0020676402171169173
2296,60,45,7511.009226554201,2024-02-16,10443.161439304038,-0.2807724681641276,-0.0032870268475684306
2297,60,45,7452.108700212028,2024-02-20,10443.161439304038,-0.28641257309638435,-0.007841892422916663
2298,60,45,7569.403104574585,2024-02-21,10443.161439304038,-0.2751808780733518,0.01573976025862578
2299,60,45,7575.756612460519,2024-02-22,10443.161439304038,-0.2745724887534259,0.0008393670938324771
2300,60,45,7602.035922724373,2024-02-23,10443.161439304038,-0.27205607546070887,0.0034688693959135097
2301,60,45,7530.651591483786,2024-02-26,10443.161439304038,-0.2788915851533891,-0.009390159684355304
2302,60,45,7582.260766388733,2024-02-27,10443.161439304038,-0.27394967410423976,0.00685321506087333
2303,60,45,7648.622450871536,2024-02-28,10443.161439304038,-0.26759511520284784,0.00875222925291319
2304,60,45,7634.112474730269,2024-02-29,10443.161439304038,-0.26898453891573393,-0.0018970705162225654
2305,60,45,7586.39330401101,2024-03-01,10443.161439304038,-0.2735539569982375,-0.0062507817218065975
2306,60,45,7536.829882192995,2024-03-04,10443.161439304038,-0.27829997400717477,-0.006533199615660568
2307,60,45,7477.550888172577,2024-03-05,10443.161439304038,-0.2839763196583407,-0.007865242409208939
2308,60,45,7543.288320688452,2024-03-06,10443.161439304038,-0.2776815369052499,0.008791305268126326
2309,60,45,7594.081878950099,2024-03-07,10443.161439304038,-0.27281772640525315,0.0067336095482839475
2310,60,45,7629.6205407526995,2024-03-08,10443.161439304038,-0.2694146705385837,0.004679783859206088
2311,60,45,7638.607576712563,2024-03-11,10443.161439304038,-0.2685541039360183,0.001177913883378734
2312,60,45,7613.420089438891,2024-03-12,10443.161439304038,-0.2709659681420886,-0.0032973924921159137
2313,60,45,7735.230686056053,2024-03-13,10443.161439304038,-0.2593018186098681,0.015999458218013407
2314,60,45,7683.263507045418,2024-03-14,10443.161439304038,-0.26427801085899405,-0.0067182455339456215
2315,60,45,7614.041759074002,2024-03-15,10443.161439304038,-0.27090643926869884,-0.00900942000856031
2316,60,45,7639.87796114246,2024-03-18,10443.161439304038,-0.2684324564409297,0.003393230939095826
2317,60,45,7634.316397287602,2024-03-19,10443.161439304038,-0.2689650120168616,-0.0007279650124183412
2318,60,45,7711.507837484863,2024-03-20,10443.161439304038,-0.2615734342225414,0.010111113579820419
2319,60,45,7774.694712907575,2024-03-21,10443.161439304038,-0.2555228837460447,0.008193841821124481
2320,60,45,7746.01086602499,2024-03-22,10443.161439304038,-0.2582695469140228,-0.003689385621143959
2321,60,45,7680.473166297965,2024-03-25,10443.161439304038,-0.264545203965571,-0.008460832402712226
2322,60,45,7686.553029598961,2024-03-26,10443.161439304038,-0.26396301787792575,0.0007916000966807779
2323,60,45,7868.696787853562,2024-03-27,10443.161439304038,-0.2465215793525113,0.023696416007696897
2324,60,45,7897.883550060666,2024-03-28,10443.161439304038,-0.243726758801595,0.0037092244108525296
2325,60,45,7839.613245279804,2024-04-01,10443.161439304038,-0.24930651595842246,-0.007377964540945192
2326,60,45,7818.650083029932,2024-04-02,10443.161439304038,-0.2513138738233478,-0.002674004647167161
2327,60,45,7736.400622981468,2024-04-03,10443.161439304038,-0.25918978961058337,-0.01051964970615371
2328,60,45,7601.974743356543,2024-04-04,10443.161439304038,-0.2720619337793978,-0.01737576505870242
2329,60,45,7690.23540137908,2024-04-05,10443.161439304038,-0.2636104070520259,0.011610227737163914
2330,60,45,7718.080540592049,2024-04-08,10443.161439304038,-0.260944055547761,0.003620843545046215
2331,60,45,7701.381757503195,2024-04-09,10443.161439304038,-0.2625430716298074,-0.0021635927483562023
2332,60,45,7658.74680149177,2024-04-10,10443.161439304038,-0.26662564339308237,-0.005536013841917042
2333,60,45,7719.907119701549,2024-04-11,10443.161439304038,-0.2607691488281708,0.00798568222647944
2334,60,45,7619.372939639903,2024-04-12,10443.161439304038,-0.27039594437719616,-0.013022718862132243
2335,60,45,7514.515233768132,2024-04-15,10443.161439304038,-0.28043674538187346,-0.01376198628186942
2336,60,45,7451.5716571245375,2024-04-16,10443.161439304038,-0.2864639984325349,-0.008376265758401003
2337,60,45,7445.796719905109,2024-04-17,10443.161439304038,-0.28701698588302993,-0.0007749958646519062
2338,60,45,7496.117385830644,2024-04-18,10443.161439304038,-0.28219845787137365,0.006758264806103309
2339,60,45,7413.981533043023,2024-04-19,10443.161439304038,-0.2900634950313369,-0.010957119340590404
2340,60,45,7421.16277367057,2024-04-22,10443.161439304038,-0.2893758449677728,0.0009686078385198194
2341,60,45,7411.237349013588,2024-04-23,10443.161439304038,-0.2903262683347454,-0.0013374487205961572
2342,60,45,7422.506742900935,2024-04-24,10443.161439304038,-0.2892471512538839,0.0015205819698713707
2343,60,45,7416.118194774811,2024-04-25,10443.161439304038,-0.2898588959025954,-0.0008606995382299809
2344,60,45,7417.26188434576,2024-04-26,10443.161439304038,-0.28974938025662966,0.0001542167399322114
2345,60,45,7533.771489654961,2024-04-29,10443.161439304038,-0.2785928347999346,0.015707899643545797
2346,60,45,7455.256613194888,2024-04-30,10443.161439304038,-0.28611114014419303,-0.010421722581828607
2347,60,45,7468.983028850436,2024-05-01,10443.161439304038,-0.28479674739681216,0.0018411727949450007
2348,60,45,7525.877317502627,2024-05-02,10443.161439304038,-0.27934875265088566,0.007617407675506227
2349,60,45,7594.476892264533,2024-05-03,10443.161439304038,-0.27277990133506447,0.009115159850183296
2350,60,45,7623.423816572098,2024-05-06,10443.161439304038,-0.2700080468084629,0.0038115757962275953
2351,60,45,7631.981457382144,2024-05-07,10443.161439304038,-0.2691885975583692,0.0011225455931549444
2352,60,45,7693.716085477127,2024-05-08,10443.161439304038,-0.2632771091212913,0.008088938428338244
2353,60,45,7713.155360345676,2024-05-09,10443.161439304038,-0.26141567329254056,0.002526643127011452
2354,60,45,7669.013681627904,2024-05-10,10443.161439304038,-0.26564252346375783,-0.005722908026034368
2355,60,45,7683.436305257266,2024-05-13,10443.161439304038,-0.26426146431675657,0.001880636054140128
2356,60,45,7730.585062469919,2024-05-14,10443.161439304038,-0.2597466670030616,0.006136415444791599
2357,60,45,7684.437107939544,2024-05-15,10443.161439304038,-0.2641656310110957,-0.005969529363878512
2358,60,45,7729.944198130617,2024-05-16,10443.161439304038,-0.25980803389306195,0.005921980953433215
2359,60,45,7778.013029650792,2024-05-17,10443.161439304038,-0.25520513353577523,0.006218522448299124
2360,60,45,7810.848772843824,2024-05-20,10443.161439304038,-0.25206089954266175,0.004221610720868796
2361,60,45,7777.214227331311,2024-05-21,10443.161439304038,-0.2552816240050765,-0.004306131957060977
2362,60,45,7757.1624370058435,2024-05-22,10443.161439304038,-0.2572017121356689,-0.002578274140244252
2363,60,45,7622.643465632422,2024-05-23,10443.161439304038,-0.27008277043925344,-0.017341260089087984
2364,60,45,7708.419324606188,2024-05-24,10443.161439304038,-0.2618691792320029,0.011252770690443059
2365,60,45,7756.160658776953,2024-05-28,10443.161439304038,-0.25729763885620394,0.006193401287650335
2366,60,45,7668.172855626219,2024-05-29,10443.161439304038,-0.2657230379714165,-0.011344247111638395
2367,60,45,7707.404287387952,2024-05-30,10443.161439304038,-0.26196637558620417,0.005116138159685368
2368,60,45,7678.964351706012,2024-05-31,10443.161439304038,-0.26468968268503945,-0.003689949900315681
2369,60,45,7671.122549996764,2024-06-03,10443.161439304038,-0.26544058572860774,-0.0010212056405114467
2370,60,45,7722.50448418963,2024-06-04,10443.161439304038,-0.2605204344419022,0.006698098467073477
2371,60,45,7872.113855224765,2024-06-05,10443.161439304038,-0.24619437313329662,0.019373167259589374
2372,60,45,7883.656205653655,2024-06-06,10443.161439304038,-0.24508911870474315,0.0014662326588721353
2373,60,45,7897.541246310073,2024-06-07,10443.161439304038,-0.24375953659140337,0.0017612438054388502
2374,60,45,8031.266498025185,2024-06-10,10443.161439304038,-0.23095448205956193,0.016932517038463324
2375,60,45,7994.878410935311,2024-06-11,10443.161439304038,-0.23443887587089607,-0.004530803092989255
2376,60,45,8008.368629582091,2024-06-12,10443.161439304038,-0.23314710050907805,0.001687357574860382
2377,60,45,7976.812981475003,2024-06-13,10443.161439304038,-0.23616875714921437,-0.003940334113807453
2378,60,45,7965.547375986046,2024-06-14,10443.161439304038,-0.2372475114665188,-0.001412294047148821
2379,60,45,8007.538043526579,2024-06-17,10443.161439304038,-0.23322663447590797,0.005271535722343845
2380,60,45,7974.319345964696,2024-06-18,10443.161439304038,-0.2364075388174668,-0.004148428316083641
2381,60,45,7970.896439089624,2024-06-20,10443.161439304038,-0.23673530420680466,-0.0004292412589175232
2382,60,45,7948.737574534769,2024-06-21,10443.161439304038,-0.23885715827213183,-0.0027799714529205266
2383,60,45,8049.14269251248,2024-06-24,10443.161439304038,-0.22924272124927547,0.012631580428491773
2384,60,45,7940.348585545509,2024-06-25,10443.161439304038,-0.23966045802365032,-0.013516235346178407
2385,60,45,7927.526658223557,2024-06-26,10443.161439304038,-0.24088824018487354,-0.001614781414671529
2386,60,45,7943.138865414928,2024-06-27,10443.161439304038,-0.23939327074653738,0.001969366722365473
2387,60,45,7942.506464248294,2024-06-28,10443.161439304038,-0.23945382723322095,-7.961602803996382e-05
2388,60,45,7940.1084012345245,2024-07-01,10443.161439304038,-0.23968345721909323,-0.00030192773837378617
2389,60,45,8021.2800049317775,2024-07-02,10443.161439304038,-0.2319107531228265,0.010222984321553108
2390,60,45,7991.182850910033,2024-07-03,10443.161439304038,-0.2347927495562504,-0.0037521634955068883
2391,60,45,8026.568577669504,2024-07-05,10443.161439304038,-0.23140433820542217,0.004428096243028756
2392,60,45,7962.56559411123,2024-07-08,10443.161439304038,-0.23753303629462252,-0.007973891076734185
2393,60,45,7973.9101440694785,2024-07-09,10443.161439304038,-0.236446722535692,0.0014247355107050996
2394,60,45,8017.820305717583,2024-07-10,10443.161439304038,-0.2322420416157127,0.005506728926555793
2395,60,45,8165.274616751297,2024-07-11,10443.161439304038,-0.2181223411887182,0.018390822619030578
2396,60,45,8304.8770797626,2024-07-12,10443.161439304038,-0.20475450580451227,0.017097093430869403
2397,60,45,8060.25657547119,2024-07-15,10443.161439304038,-0.2281784953418906,-0.029455042132712994
2398,60,45,8259.428142028164,2024-07-16,10443.161439304038,-0.2091065344501084,0.024710325867676186
2399,60,45,8159.454514888303,2024-07-17,10443.161439304038,-0.2186796534448603,-0.012104182689252396
2400,60,45,8035.105458189071,2024-07-18,10443.161439304038,-0.23058687688691393,-0.015239873752875943
2401,60,45,8011.825974109916,2024-07-19,10443.161439304038,-0.2328160374925845,-0.002897221971794983
2402,60,45,7975.672939391013,2024-07-22,10443.161439304038,-0.23627792352480048,-0.004512458812227282
2403,60,45,7916.142309698385,2024-07-23,10443.161439304038,-0.24197836491303537,-0.0074640259380009955
2404,60,45,8138.66914972511,2024-07-24,10443.161439304038,-0.22066998609307198,0.028110515364800692
2405,60,45,8086.975774743054,2024-07-25,10443.161439304038,-0.22561995984216132,-0.006351575918748686
2406,60,45,8168.040428465768,2024-07-26,10443.161439304038,-0.21785749689510603,0.010024099982578472
2407,60,45,8126.610109316252,2024-07-29,10443.161439304038,-0.22182471691658223,-0.005072247072275715
2408,60,45,8104.030798313666,2024-07-30,10443.161439304038,-0.22398683143849374,-0.0027784415271382423
2409,60,45,8261.595092877036,2024-07-31,10443.161439304038,-0.20889903494323336,0.019442706781933383
2410,60,45,7958.908230323735,2024-08-01,10443.161439304038,-0.2378832524440857,-0.03663782346514066
2411,60,45,7690.802114524042,2024-08-02,10443.161439304038,-0.26355614061668875,-0.03368629314988192
2412,60,45,7508.817914230455,2024-08-05,10443.161439304038,-0.2809823004391988,-0.023662577398774864
2413,60,45,7514.486022113692,2024-08-06,10443.161439304038,-0.2804395425860161,0.0007548602120841519
2414,60,45,7561.335867521793,2024-08-07,10443.161439304038,-0.2759533680036931,0.00623460410602017
2415,60,45,7740.902938962722,2024-08-08,10443.161439304038,-0.2587586638439827,0.023748061795829445
2416,60,45,7701.254806406188,2024-08-09,10443.161439304038,-0.26255522801537556,-0.005121900231686238
2417,60,45,7690.804660450462,2024-08-12,10443.161439304038,-0.263555896827829,-0.0013569406828396469
2418,60,45,8142.170898597556,2024-08-13,10443.161439304038,-0.2203346710744546,0.05868907846121996
2419,60,45,8128.338512711383,2024-08-14,10443.161439304038,-0.2216592111542538,-0.0016988572284272196
2420,60,45,8365.167099810069,2024-08-15,10443.161439304038,-0.19898134789654776,0.029136161926367254
2421,60,45,8389.279676827784,2024-08-16,10443.161439304038,-0.196672413273842,0.002882497950132068
2422,60,45,8512.25270359923,2024-08-19,10443.161439304038,-0.18489695356404345,0.01465835345925015
2423,60,45,8432.465784686607,2024-08-20,10443.161439304038,-0.19253706516974323,-0.009373184947726765
2424,60,45,8743.245589931113,2024-08-21,10443.161439304038,-0.16277789625803307,0.036855151646020934
2425,60,45,8598.718848010814,2024-08-22,10443.161439304038,-0.17661726307815684,-0.016530102058066265
2426,60,45,8802.775869880337,2024-08-23,10443.161439304038,-0.1570774883599828,0.02373109593142808
2427,60,45,8744.787520268863,2024-08-26,10443.161439304038,-0.162630246492518,-0.006587507221430866
2428,60,45,8735.042143128952,2024-08-27,10443.161439304038,-0.163563429149566,-0.0011144212615026294
2429,60,45,8640.752098637167,2024-08-28,10443.161439304038,-0.17259230848268758,-0.01079445787974298
2430,60,45,8753.475075784037,2024-08-29,10443.161439304038,-0.16179835707228196,0.013045505282422099
2431,60,45,8819.172006485778,2024-08-30,10443.161439304038,-0.15550745262887433,0.007505239934193275
2432,60,45,8501.17901496461,2024-09-03,10443.161439304038,-0.18595733060589825,-0.03605701207407119
2433,60,45,8489.670721727281,2024-09-04,10443.161439304038,-0.18705932383890667,-0.00135372907888065
2434,60,45,8467.300425602767,2024-09-05,10443.161439304038,-0.18920142383942196,-0.0026350016222964623
2435,60,45,8374.84977466518,2024-09-06,10443.161439304038,-0.1980541693873017,-0.010918550930122062
2436,60,45,8415.707844897057,2024-09-09,10443.161439304038,-0.194141745887067,0.004878663060378541
2437,60,45,8412.193920180911,2024-09-10,10443.161439304038,-0.19447822682117577,-0.0004175435721995857
2438,60,45,8463.66655717687,2024-09-11,10443.161439304038,-0.18954939015661598,0.006118812462522438
2439,60,45,8527.291868166258,2024-09-12,10443.161439304038,-0.1834568566494802,0.007517464276216801
2440,60,45,8637.51369269221,2024-09-13,10443.161439304038,-0.17290240671910573,0.01292577130348116
2441,60,45,8750.272376722476,2024-09-16,10443.161439304038,-0.16210503614453187,0.01305453027827519
2442,60,45,8767.843699603181,2024-09-17,10443.161439304038,-0.1604224687550655,0.002008088677039277
2443,60,45,8652.384798815507,2024-09-18,10443.161439304038,-0.17147840248344126,-0.013168448793504428
2444,60,45,8880.010215385311,2024-09-19,10443.161439304038,-0.1496818021059818,0.02630782401182219
2445,60,45,8762.170589355992,2024-09-20,10443.161439304038,-0.1609657056168302,-0.013270212890651112
2446,60,45,8846.164842772178,2024-09-23,10443.161439304038,-0.1529227146217792,0.009586009831652698
2447,60,45,8914.683849542791,2024-09-24,10443.161439304038,-0.14636157821027707,0.00774561722378464
2448,60,45,8786.262473179811,2024-09-25,10443.161439304038,-0.15865875250077976,-0.014405600751569714
2449,60,45,8993.465445439188,2024-09-26,10443.161439304038,-0.13881773276134113,0.023582606699022124
2450,60,45,9068.34881707531,2024-09-27,10443.161439304038,-0.13164716740416016,0.008326420120299494
2451,60,45,8973.567246556162,2024-09-30,10443.161439304038,-0.14072311352162858,-0.010451910533114672
2452,60,45,8757.12056935873,2024-10-01,10443.161439304038,-0.1614492775721822,-0.024120471965092594
2453,60,45,8741.17045738316,2024-10-02,10443.161439304038,-0.16297660357094934,-0.0018213877323307592
2454,60,45,8682.29230131433,2024-10-03,10443.161439304038,-0.16861456640538708,-0.0067357290829511696
2455,60,45,8842.115558564634,2024-10-04,10443.161439304038,-0.15331045967686419,0.018407956298143624
2456,60,45,8866.006382918327,2024-10-07,10443.161439304038,-0.15102275930063735,0.0027019353225430365
2457,60,45,8996.928015739588,2024-10-08,10443.161439304038,-0.13848616934345037,0.014766697334382739
2458,60,45,9038.801403628026,2024-10-09,10443.161439304038,-0.1344765226352378,0.004654187275388022
2459,60,45,8915.348204812915,2024-10-10,10443.161439304038,-0.14629796191228284,-0.013658138209072468
2460,60,45,9108.832388652108,2024-10-11,10443.161439304038,-0.12777060456329148,0.021702369822722334
2461,60,45,9386.6299277887,2024-10-14,10443.161439304038,-0.10116970015793891,0.030497601370146343
2462,60,45,9345.427131720657,2024-10-15,10443.161439304038,-0.1051151333782826,-0.0043895196023509
2463,60,45,9421.394672604463,2024-10-16,10443.161439304038,-0.09784075182961727,0.008128846313075755
2464,60,45,9385.528828580633,2024-10-17,10443.161439304038,-0.10127513750222072,-0.003806850818819929
2465,60,45,9378.999379297697,2024-10-18,10443.161439304038,-0.10190037434461607,-0.0006956932744218713
2466,60,45,9269.447149462188,2024-10-21,10443.161439304038,-0.1123907062687397,-0.011680588238157208
2467,60,45,9225.650513842256,2024-10-22,10443.161439304038,-0.11658451633999833,-0.004724837944890092
2468,60,45,9229.37714119792,2024-10-23,10443.161439304038,-0.1162276677575721,0.0004039419605232908
2469,60,45,9220.59021991096,2024-10-24,10443.161439304038,-0.11706907209073592,-0.0009520600526482514
2470,60,45,9103.743309236805,2024-10-25,10443.161439304038,-0.12825791670960662,-0.012672389498650127
2471,60,45,9184.585597538333,2024-10-28,10443.161439304038,-0.1205167466844772,0.008880115086230989
2472,60,45,9091.817486280785,2024-10-29,10443.161439304038,-0.12939989110359962,-0.010100413379827589
2473,60,45,9117.514546010929,2024-10-30,10443.161439304038,-0.1269392320513102,0.0028263941471460274
2474,60,45,9031.153230977105,2024-10-31,10443.161439304038,-0.13520888444879142,-0.009472023828205334
2475,60,45,9087.815237526023,2024-11-01,10443.161439304038,-0.12978313221100013,0.006274061030718148
2476,60,45,9023.055738808069,2024-11-04,10443.161439304038,-0.13598427150146686,-0.0071259699966770285
2477,60,45,9122.95170887559,2024-11-05,10443.161439304038,-0.12641858867178746,0.01107119062091888
2478,60,45,9339.640540752383,2024-11-06,10443.161439304038,-0.10566923675032225,0.023752052931068413
2479,60,45,9402.847033403716,2024-11-07,10443.161439304038,-0.09961680779777848,0.006767550889730467
2480,60,45,9426.494359372256,2024-11-08,10443.161439304038,-0.097352423960951,0.00251491126937764
2481,60,45,9443.914255456417,2024-11-11,10443.161439304038,-0.09568435666299668,0.0018479718355572938
2482,60,45,9351.589307776248,2024-11-12,10443.161439304038,-0.10452506531398931,-0.009776131504669827
2483,60,45,9415.202666193516,2024-11-13,10443.161439304038,-0.09843367634265243,0.006802411475060222
2484,60,45,9396.430691682572,2024-11-14,10443.161439304038,-0.1002312138623056,-0.001993793992172588
2485,60,45,9389.202922042445,2024-11-15,10443.161439304038,-0.10092331937864141,-0.0007692037410039765
2486,60,45,9475.784587788943,2024-11-18,10443.161439304038,-0.09263256698055644,0.009221407446976748
2487,60,45,9486.277014688763,2024-11-19,10443.161439304038,-0.09162784949526204,0.0011072884575005215
2488,60,45,9551.210129201148,2024-11-20,10443.161439304038,-0.0854100853737575,0.006844952388786574
2489,60,45,9799.873249227618,2024-11-21,10443.161439304038,-0.061598989330504006,0.026034724046770208
2490,60,45,9890.946946675676,2024-11-22,10443.161439304038,-0.05287809595186754,0.009293354631422002
2491,60,45,9971.47676841092,2024-11-25,10443.161439304038,-0.04516684661388837,0.008141770668612214
2492,60,45,9964.326962200235,2024-11-26,10443.161439304038,-0.045851486629485017,-0.0007170258103929017
2493,60,45,9958.646501643849,2024-11-27,10443.161439304038,-0.04639542733071822,-0.000570079703118509
2494,60,45,9935.108526067806,2024-11-29,10443.161439304038,-0.04864934016284728,-0.002363571753667193
2495,60,45,9849.972193390156,2024-12-02,10443.161439304038,-0.05680169260635437,-0.008569240331322892
2496,60,45,9759.00302405726,2024-12-03,10443.161439304038,-0.06551257674442046,-0.009235474735039495
2497,60,45,9701.549850325828,2024-12-04,10443.161439304038,-0.07101408833795009,-0.005887197041521741
2498,60,45,9602.938096389573,2024-12-05,10443.161439304038,-0.08045679919800797,-0.010164536126456403
2499,60,45,9503.843346314596,2024-12-06,10443.161439304038,-0.08994576005061172,-0.010319211587153099
2500,60,45,9579.196588955114,2024-12-09,10443.161439304038,-0.08273020151707067,0.007928712616011246
2501,60,45,9518.45104651309,2024-12-10,10443.161439304038,-0.08854697862954553,-0.006341402629951642
2502,60,45,9450.596420897213,2024-12-11,10443.161439304038,-0.09504449626443512,-0.007128746608486725
2503,60,45,9356.265828858996,2024-12-12,10443.161439304038,-0.10407725828640224,-0.009981443269509782
2504,60,45,9313.597102311043,2024-12-13,10443.161439304038,-0.10816306379615559,-0.004560444019914733
2505,60,45,9206.834793850196,2024-12-16,10443.161439304038,-0.11838624277134935,-0.011463058503395684
2506,60,45,9207.638862071644,2024-12-17,10443.161439304038,-0.11830924805800302,8.733383833336994e-05
2507,60,45,9047.020735951734,2024-12-18,10443.161439304038,-0.13368946860265596,-0.01744400801616286
2508,60,45,8737.24766414867,2024-12-19,10443.161439304038,-0.16335223630029938,-0.034240340642976985
2509,60,45,8815.723166089274,2024-12-20,10443.161439304038,-0.1558377013199962,0.008981718838371844
2510,60,45,8817.623951186342,2024-12-23,10443.161439304038,-0.1556556888989381,0.00021561306557127402
2511,60,45,8855.244013888117,2024-12-24,10443.161439304038,-0.15205332548433192,0.004266462587884989
2512,60,45,8841.676211178241,2024-12-26,10443.161439304038,-0.15335253002011662,-0.0015321771696632513
2513,60,45,8822.49533877423,2024-12-27,10443.161439304038,-0.15518922214783015,-0.002169370597371767
2514,60,45,8767.617877306238,2024-12-30,10443.161439304038,-0.16044409269511994,-0.006220174606022089
2515,60,45,8741.452717492659,2024-12-31,10443.161439304038,-0.16294957534667642,-0.00298429518481913
2516,60,45,8745.484163764788,2025-01-02,10443.161439304038,-0.16256353838884907,0.00046118721938070983
2517,60,45,8744.986990672978,2025-01-03,10443.161439304038,-0.16261114591600445,-5.6849121500834876e-05
2518,60,45,8880.839184181023,2025-01-06,10443.161439304038,-0.14960242300219895,0.015534865135069742
2519,60,45,8890.128763251618,2025-01-07,10443.161439304038,-0.14871288594729593,0.0010460249170081148
2520,60,45,8879.221639853462,2025-01-08,10443.161439304038,-0.14975731329446929,-0.0012268802498386355
2521,60,45,8693.628850378667,2025-01-10,10443.161439304038,-0.1675290187836036,-0.020901921024448877
2522,60,45,8726.800492542801,2025-01-13,10443.161439304038,-0.16435262029958808,0.0038156266773097247
2523,60,45,8810.038251028756,2025-01-14,10443.161439304038,-0.1563820685687033,0.009538175939404425
2524,60,45,8900.38869890015,2025-01-15,10443.161439304038,-0.14773043099740724,0.010255397910541753
2525,60,45,9149.904991837551,2025-01-16,10443.161439304038,-0.1238376381503754,0.028034314160710228
2526,60,45,9086.203208260004,2025-01-17,10443.161439304038,-0.12993749440059088,-0.006962015849823033
2527,60,45,9090.264487252629,2025-01-21,10443.161439304038,-0.12954860076754404,0.00044697206297716896
2528,60,45,9095.223963645609,2025-01-22,10443.161439304038,-0.12907369894573417,0.0005455810884198442
2529,60,45,9252.012265799436,2025-01-23,10443.161439304038,-0.11406020872391909,0.01723853120940433
2530,60,45,9352.538739873977,2025-01-24,10443.161439304038,-0.10443415107281384,0.010865363251423954
2531,60,45,9456.752622920596,2025-01-27,10443.161439304038,-0.09445500025222053,0.011142844306253341
2532,60,45,9381.15789808468,2025-01-28,10443.161439304038,-0.10169368226200015,-0.007993729755888301
2533,60,45,9352.847768445808,2025-01-29,10443.161439304038,-0.10440455959578565,-0.0030177649653090333
2534,60,45,9330.518542015136,2025-01-30,10443.161439304038,-0.10654272690847655,-0.0023874254113283033
2535,60,45,9242.695459697432,2025-01-31,10443.161439304038,-0.11495235294252126,-0.009412454615704169
2536,60,45,9248.550932783402,2025-02-03,10443.161439304038,-0.11439165366385906,0.0006335243989703532
2537,60,45,9183.768761095233,2025-02-04,10443.161439304038,-0.12059496403732073,-0.007004575328502072
2538,60,45,9213.135839565568,2025-02-05,10443.161439304038,-0.11778287704230328,0.003197715364387399
2539,60,45,9246.85169068662,2025-02-06,10443.161439304038,-0.11455436704396504,0.003659541301481939
2540,60,45,9231.47081284352,2025-02-07,10443.161439304038,-0.11602718520659672,-0.0016633637434233517
2541,60,45,9276.970814965942,2025-02-10,10443.161439304038,-0.11167026681680936,0.004928792285094907
2542,60,45,9245.376957153429,2025-02-11,10443.161439304038,-0.11469558228245047,-0.0034056222060702135
2543,60,45,9224.28880783648,2025-02-12,10443.161439304038,-0.11671490846442256,-0.0022809399135026442
2544,60,45,9308.45027422058,2025-02-13,10443.161439304038,-0.10865590575023021,0.009123897585752383
2545,60,45,9324.48621561133,2025-02-14,10443.161439304038,-0.10712036103190414,0.0017227294467223597
2546,60,45,9340.195521099437,2025-02-18,10443.161439304038,-0.10561609380598702,0.0016847368449968148
2547,60,45,9442.528210144776,2025-02-19,10443.161439304038,-0.09581707943279172,0.010956161336683978
2548,60,45,9451.685773265855,2025-02-20,10443.161439304038,-0.09494018375572078,0.0009698211027044934
2549,60,45,9085.162173208457,2025-02-21,10443.161439304038,-0.1300371802148529,-0.03877864847074297
2550,60,45,9030.853625139804,2025-02-24,10443.161439304038,-0.13523757363827127,-0.005977719168162476
2551,60,45,9014.891185531216,2025-02-25,10443.161439304038,-0.1367660800873347,-0.0017675449377401176
2552,60,45,8864.563790135702,2025-02-26,10443.161439304038,-0.15116089685515177,-0.016675453125467254
2553,60,45,8522.53403111489,2025-02-27,10443.161439304038,-0.18391245020503522,-0.03858393566995544
2554,60,45,8646.695346813778,2025-02-28,10443.161439304038,-0.1720232041735038,0.014568591365618166
2555,60,45,8549.275099343546,2025-03-03,10443.161439304038,-0.18135182061177701,-0.011266760717564828
2556,60,45,8374.696657375394,2025-03-04,10443.161439304038,-0.19806883135443443,-0.020420262529808664
2557,60,45,8451.22816359578,2025-03-05,10443.161439304038,-0.19074044649079036,0.00913842128872644
2558,60,45,8453.083759822564,2025-03-06,10443.161439304038,-0.19056276119524374,0.00021956527392985592
2559,60,45,8616.668148311821,2025-03-07,10443.161439304038,-0.17489850191513845,0.019352036858639954
2560,60,45,8800.251707405778,2025-03-10,10443.161439304038,-0.1573191931817678,0.021305631821265436
2561,60,45,8682.98133107564,2025-03-11,10443.161439304038,-0.16854858736586775,-0.013325797969102382
2562,60,45,8626.3666918936,2025-03-12,10443.161439304038,-0.17396980387306116,-0.006520184372551974
2563,60,45,8601.892295504618,2025-03-13,10443.161439304038,-0.1763133850320069,-0.002837161607328942
2564,60,45,8612.76788066323,2025-03-14,10443.161439304038,-0.17527197767449154,0.0012643247305357264
2565,60,45,8787.714402732732,2025-03-17,10443.161439304038,-0.1585197208903466,0.020312462206520054
2566,60,45,8920.170243281469,2025-03-18,10443.161439304038,-0.14583622065734014,0.01507284311692536
2567,60,45,8947.069925441192,2025-03-19,10443.161439304038,-0.1432604027581278,0.0030156018804667895
2568,60,45,8963.621996700796,2025-03-20,10443.161439304038,-0.1416754352790932,0.001849999094400534
2569,60,45,8947.436652246404,2025-03-21,10443.161439304038,-0.14322528630346576,-0.0018056701253521545
2570,60,45,9007.195701250508,2025-03-24,10443.161439304038,-0.13750297229430042,0.006678901603522469
2571,60,45,8973.539574551029,2025-03-25,10443.161439304038,-0.1407257632944291,-0.0037365821522904463
2572,60,45,8944.882344103415,2025-03-26,10443.161439304038,-0.1434698777672514,-0.003193525833316224
2573,60,45,9043.32798847661,2025-03-27,10443.161439304038,-0.13404307296820994,0.011005806514391203
2574,60,45,8872.855446991587,2025-03-28,10443.161439304038,-0.15036691728257923,-0.0188506423412097
2575,60,45,8981.772822317422,2025-03-31,10443.161439304038,-0.13993737676854368,0.012275346530384867
2576,60,45,8956.3590073051,2025-04-01,10443.161439304038,-0.1423709133139689,-0.0028294876206593766
2577,60,45,9120.616176187545,2025-04-02,10443.161439304038,-0.12664223097604743,0.018339725858294686
2578,60,45,8823.927440620953,2025-04-03,10443.161439304038,-0.15505208916802837,-0.03252946180776661
2579,60,45,8088.314062501925,2025-04-04,10443.161439304038,-0.22549181016577746,-0.08336575556283832
2580,60,45,8059.98424900707,2025-04-07,10443.161439304038,-0.22820457235560943,-0.0035025610128314177
2581,60,45,8030.919790065552,2025-04-08,10443.161439304038,-0.23098768158076521,-0.0036060193225685433
2582,60,45,8184.344476444012,2025-04-09,10443.161439304038,-0.21629627924343953,0.0191042483786541
2583,60,45,8033.174142212945,2025-04-10,10443.161439304038,-0.23077181283637238,-0.01847067100684252
2584,60,45,8107.159694392089,2025-04-11,10443.161439304038,-0.22368721947744086,0.00921000228170854
2585,60,45,8105.426052017302,2025-04-14,10443.161439304038,-0.22385322690582954,-0.00021384090608034256
2586,60,45,8113.154754003317,2025-04-15,10443.161439304038,-0.223113153889537,0.0009535219908756165
2587,60,45,7930.243924813093,2025-04-16,10443.161439304038,-0.24062804439978214,-0.02254496983432608
2588,60,45,7945.92229458898,2025-04-17,10443.161439304038,-0.23912673946764929,0.0019770349972250134
2589,60,45,7713.462581698187,2025-04-21,10443.161439304038,-0.2613862548684075,-0.029255221014317434
2590,60,45,7919.753911941597,2025-04-22,10443.161439304038,-0.2416325307263093,0.026744322417908695
2591,60,45,8050.58512983264,2025-04-23,10443.161439304038,-0.22910459858129384,0.01651960646072248
2592,60,45,8185.02245275565,2025-04-24,10443.161439304038,-0.21623135864295107,0.016699074757291044
2593,60,45,8173.091414767238,2025-04-25,10443.161439304038,-0.21737383240989938,-0.0014576671056528712
2594,60,45,8185.3279208891645,2025-04-28,10443.161439304038,-0.21620210810083407,0.0014971698591081939
2595,60,45,8145.818580937864,2025-04-29,10443.161439304038,-0.21998538198594353,-0.00482684876319639
2596,60,45,8212.516671530242,2025-04-30,10443.161439304038,-0.21359861003187297,0.008188015719925223
2597,60,45,8060.469000333628,2025-05-01,10443.161439304038,-0.2281581542925185,-0.01851413851294903
2598,60,45,8219.327665450295,2025-05-02,10443.161439304038,-0.2129464134762955,0.019708364998375583
2599,60,45,8215.063325061981,2025-05-05,10443.161439304038,-0.21335475154643824,-0.0005188186384439408
2600,60,45,8121.066268090984,2025-05-06,10443.161439304038,-0.22235557543653228,-0.011442036811114664
2601,60,45,8123.023513178621,2025-05-07,10443.161439304038,-0.22216815660756817,0.00024100838769514077
2602,60,45,8193.740693316597,2025-05-08,10443.161439304038,-0.2153965309318583,0.008705770705113025
2603,60,45,8149.53683891841,2025-05-09,10443.161439304038,-0.21962933482511426,-0.005394831988549842
2604,60,45,8445.219533077627,2025-05-12,10443.161439304038,-0.1913158115804786,0.036282147072110194
2605,60,45,8431.198825979227,2025-05-13,10443.161439304038,-0.19265838462982665,-0.0016601945092705739
2606,60,45,8307.900774049478,2025-05-14,10443.161439304038,-0.20446496759288435,-0.014624023756838467
2607,60,45,8407.612360012012,2025-05-15,10443.161439304038,-0.19491694072936605,0.012002019363783534
2608,60,45,8466.26801179052,2025-05-16,10443.161439304038,-0.18930028411446864,0.006976493357077729
2609,60,45,8467.498153684559,2025-05-19,10443.161439304038,-0.1891824901014978,0.00014529919113415168
2610,60,45,8453.922077133178,2025-05-20,10443.161439304038,-0.1904824869109204,-0.0016033161513561156
2611,60,45,8334.468888172785,2025-05-21,10443.161439304038,-0.20192089946967073,-0.014129913650789305
2612,60,45,8314.070901427627,2025-05-22,10443.161439304038,-0.20387413813822064,-0.0024474249071952947
2613,60,45,8358.74903116724,2025-05-23,10443.161439304038,-0.1995959193249538,0.005373797056739349
2614,60,45,8455.739882146681,2025-05-27,10443.161439304038,-0.19030842036755913,0.011603512752660805
2615,60,45,8369.605535192948,2025-05-28,10443.161439304038,-0.1985563391088664,-0.010186494399572976
2616,60,45,8433.932753815996,2025-05-29,10443.161439304038,-0.19239659342295323,0.007685812473785303
2617,60,45,8416.362597152842,2025-05-30,10443.161439304038,-0.1940790491395743,-0.0020832697124842925
2618,60,45,8465.569025891906,2025-06-02,10443.161439304038,-0.1893672165182888,0.005846519582665133
2619,60,45,8524.468974361766,2025-06-03,10443.161439304038,-0.18372716692102964,0.006957588827132044
2620,60,45,8425.365041078598,2025-06-04,10443.161439304038,-0.19321700712499112,-0.011625818990160353
2621,60,45,8360.091884761176,2025-06-05,10443.161439304038,-0.1994673324404419,-0.007747219971974806
2622,60,45,8441.083286151106,2025-06-06,10443.161439304038,-0.1917118838762638,0.0096878601941639
2623,60,45,8514.232850763063,2025-06-09,10443.161439304038,-0.1847073417137105,0.008665897744661422
2624,60,45,8543.55025161103,2025-06-10,10443.161439304038,-0.18190001167114045,0.003443340270561146
2625,60,45,8492.533817022066,2025-06-11,10443.161439304038,-0.18678516401561707,-0.005971338973437268
2626,60,45,8509.143065248467,2025-06-12,10443.161439304038,-0.18519472147358274,0.001955747081408221
2627,60,45,8478.543307224081,2025-06-13,10443.161439304038,-0.1881248454788691,-0.003596103366666381
2628,60,45,8442.416909516003,2025-06-16,10443.161439304038,-0.19158418084565876,-0.00426092034905301
2629,60,45,8370.162425829523,2025-06-17,10443.161439304038,-0.19850301324200015,-0.008558506937158872
2630,60,45,8250.185548980311,2025-06-18,10443.161439304038,-0.20999157229057197,-0.014333876781049693
2631,60,45,8216.68669201738,2025-06-20,10443.161439304038,-0.21319930370003326,-0.004060376189608417
2632,60,45,8273.706265777859,2025-06-23,10443.161439304038,-0.20773931209769347,0.006939484964891607
2633,60,45,8280.041918833773,2025-06-24,10443.161439304038,-0.20713263249279246,0.0007657575519837145
2634,60,45,8197.800110793538,2025-06-25,10443.161439304038,-0.21500781555093318,-0.009932535227046069
2635,60,45,8284.277171020207,2025-06-26,10443.161439304038,-0.20672707980541427,0.010548812981278965
2636,60,45,8276.918714711757,2025-06-27,10443.161439304038,-0.2074316994123424,-0.0008882436157726659
2637,60,45,8226.002537141967,2025-06-30,10443.161439304038,-0.212307251501211,-0.006151586033977807
2638,60,45,8397.013609328014,2025-07-01,10443.161439304038,-0.19593183940210968,0.020789085757498826
2639,60,45,8475.407979827043,2025-07-02,10443.161439304038,-0.18842507328012081,0.009335982308274815
2640,60,45,8443.038570938583,2025-07-03,10443.161439304038,-0.1915246527586716,-0.0038192154248509746
2641,60,45,8388.82652126632,2025-07-07,10443.161439304038,-0.19671580583883286,-0.006420916973998492
2642,60,45,8430.264821477263,2025-07-08,10443.161439304038,-0.19274782157929748,0.0049397016502719104
2643,60,45,8397.35805264467,2025-07-09,10443.161439304038,-0.19589885673506424,-0.003903408674512776
2644,60,45,8455.209111462787,2025-07-10,10443.161439304038,-0.19035924508064805,0.006889197585173701
2645,60,45,8438.16876738281,2025-07-11,10443.161439304038,-0.19199096782849767,-0.002015366368275484
2646,60,45,8453.31440496494,2025-07-14,10443.161439304038,-0.1905406754366623,0.0017948962624065867
2647,60,45,8295.44846438835,2025-07-15,10443.161439304038,-0.20565735648139305,-0.018675034786813316
2648,60,45,8390.062959864681,2025-07-16,10443.161439304038,-0.1965974088758491,0.011405591377308122
2649,60,45,8370.539983846827,2025-07-17,10443.161439304038,-0.19846685962898758,-0.002326916509595378
2650,60,45,8384.232977720405,2025-07-18,10443.161439304038,-0.19715566723258915,0.00163585550036216
2651,60,45,8380.974868243042,2025-07-21,10443.161439304038,-0.19746765220919793,-0.00038859958758552526
2652,60,45,8468.532231686198,2025-07-22,10443.161439304038,-0.18908347046959317,0.010447157379617877
2653,60,45,8466.913073118256,2025-07-23,10443.161439304038,-0.18923851533578184,-0.0001911970721306666
2654,60,45,8403.322353669833,2025-07-24,10443.161439304038,-0.19532773647997392,-0.007510496316575854
2655,60,45,8612.144600685244,2025-07-25,10443.161439304038,-0.1753316607485883,0.024849962696505967
2656,60,45,8567.673672446908,2025-07-28,10443.161439304038,-0.17959003868297163,-0.005163746116710222
2657,60,45,8554.426657298554,2025-07-29,10443.161439304038,-0.18085852574269445,-0.0015461624304103916
2658,60,45,8518.826370742512,2025-07-30,10443.161439304038,-0.1842674825765951,-0.00416162157701927
2659,60,45,8478.700228380632,2025-07-31,10443.161439304038,-0.18810981926698278,-0.004710289964318437
2660,60,45,8508.347846371747,2025-08-01,10443.161439304038,-0.1852708688051491,0.003496717326068044
2661,60,45,8655.021450850394,2025-08-04,10443.161439304038,-0.1712259260614103,0.01723878796765388
2662,60,45,8662.874420605096,2025-08-05,10443.161439304038,-0.17047395360552675,0.0009073310562310866
2663,60,45,8653.993846158975,2025-08-06,10443.161439304038,-0.1713243258321493,-0.0010251302298689424
2664,60,45,8604.205036035299,2025-08-07,10443.161439304038,-0.17609192522367945,-0.005753275425054216
2665,60,45,8607.680648260884,2025-08-08,10443.161439304038,-0.17575911295741453,0.00040394344521432757
2666,60,45,8684.570942960838,2025-08-11,10443.161439304038,-0.16839637178494082,0.008932754111351526
2667,60,45,8778.346209870564,2025-08-12,10443.161439304038,-0.1594167857223533,0.010797915927641233
2668,60,45,8963.872720601557,2025-08-13,10443.161439304038,-0.14165142685001575,0.021134562968407877
2669,60,45,9269.322884632244,2025-08-14,10443.161439304038,-0.11240260542692737,0.03407569178539016
2670,60,45,9216.339550043638,2025-08-15,10443.161439304038,-0.11747610112040541,-0.005715987591331739
2671,60,45,9243.58565169868,2025-08-18,10443.161439304038,-0.11486711132230665,0.0029562823187121445
2672,60,45,9200.645314530306,2025-08-19,10443.161439304038,-0.11897892529913212,-0.004645419947018503
2673,60,45,9223.72074994676,2025-08-20,10443.161439304038,-0.11676930366773541,0.0025080235817820373
2674,60,45,9175.212845339578,2025-08-21,10443.161439304038,-0.12141424810234092,-0.005259038724417353
2675,60,45,9300.313120626144,2025-08-22,10443.161439304038,-0.10943509063995249,0.013634591087454684
2676,60,45,9267.001062596948,2025-08-25,10443.161439304038,-0.11262493484783975,-0.0035818211276474887
2677,60,45,9315.464225085923,2025-08-26,10443.161439304038,-0.10798427475935557,0.0052296489621199704
2678,60,45,9383.869635086428,2025-08-27,10443.161439304038,-0.10143401597057033,0.007343209994440603
2679,60,45,9367.23617160228,2025-08-28,10443.161439304038,-0.10302677727956877,-0.0017725590967243576
2680,60,45,9385.66102472338,2025-08-29,10443.161439304038,-0.1012624788697255,0.001966946576724249
2681,60,45,9365.568473416282,2025-09-02,10443.161439304038,-0.10318647012695892,-0.002140771039372824
2682,60,45,9411.323967272016,2025-09-03,10443.161439304038,-0.09880508675740507,0.004885500969386669
2683,60,45,9305.543574018102,2025-09-04,10443.161439304038,-0.10893424102440674,-0.011239693120943084
2684,60,45,9383.854077439084,2025-09-05,10443.161439304038,-0.10143550571555171,0.008415467919534736
2685,60,45,9364.50170940861,2025-09-08,10443.161439304038,-0.1032886196545586,-0.002062304877161414
2686,60,45,9477.788352401674,2025-09-09,10443.161439304038,-0.09244069360730856,0.012097455530307943
2687,60,45,9427.883595868185,2025-09-10,10443.161439304038,-0.0972193956146975,-0.0052654432318952615
2688,60,45,9731.725700669873,2025-09-11,10443.161439304038,-0.06812455622457347,0.03222802887965748
2689,60,45,9507.225265227904,2025-09-12,10443.161439304038,-0.08962191952272525,-0.023068923472279512
2690,60,45,9373.77324572483,2025-09-15,10443.161439304038,-0.10240081030964854,-0.0140369051726551
2691,60,45,9397.485881526429,2025-09-16,10443.161439304038,-0.10013017263547119,0.0025296788368989187
2692,60,45,9371.341233090066,2025-09-17,10443.161439304038,-0.10263369119049082,-0.002782089674405075
2693,60,45,9347.251037030308,2025-09-18,10443.161439304038,-0.10494048269225686,-0.002570624146594591
2694,60,45,9313.828998598869,2025-09-19,10443.161439304038,-0.10814085823233544,-0.003575600815580282
2695,60,45,9350.031192139346,2025-09-22,10443.161439304038,-0.10467426492619092,0.003886929161564412
2696,60,45,9195.898284466562,2025-09-23,10443.161439304038,-0.11943348401598552,-0.016484747965585855
2697,60,45,9071.507980990018,2025-09-24,10443.161439304038,-0.13134465710274712,-0.01352671589317822
2698,60,45,9147.82243184388,2025-09-25,10443.161439304038,-0.12403705668907883,0.008412542987757288
2699,60,45,9230.410659038907,2025-09-26,10443.161439304038,-0.1161287017646595,0.009028184336802969
2700,60,45,9246.859172831995,2025-09-29,10443.161439304038,-0.11455365058033307,0.0017819915495287386
2701,60,45,9292.602571088302,2025-09-30,10443.161439304038,-0.11017342544236419,0.004946911962356415
2702,60,45,9187.167418560412,2025-10-01,10443.161439304038,-0.12026952068523511,-0.011346138148200513
2703,60,45,9157.132431260176,2025-10-02,10443.161439304038,-0.1231455642544933,-0.003269232608035133
2704,60,45,9098.829837116178,2025-10-03,10443.161439304038,-0.1287284133259028,-0.006366905205494988
2705,60,45,9181.540837652548,2025-10-06,10443.161439304038,-0.12080830206294002,0.009090289852325073
2706,60,45,9092.593585549384,2025-10-07,10443.161439304038,-0.129325574597711,-0.009687617108710134
2707,60,45,9133.378844669456,2025-10-08,10443.161439304038,-0.1254201232306018,0.00448554735635498
2708,60,45,8964.375518038058,2025-10-09,10443.161439304038,-0.1416032807556148,-0.018503921659839495
2709,60,45,8651.84170185256,2025-10-10,10443.161439304038,-0.17153040751717585,-0.03486398082684283
2710,60,45,8696.506461889727,2025-10-13,10443.161439304038,-0.16725346893906812,0.005162456916843805
2711,60,45,8762.818077465423,2025-10-14,10443.161439304038,-0.1609037044581586,0.007625086678919812
2712,60,45,8794.097042833722,2025-10-15,10443.161439304038,-0.157908541973111,0.0035695098416725912
2713,60,45,8761.614726028025,2025-10-16,10443.161439304038,-0.16101893311227755,-0.0036936500299558084
2714,60,45,8841.930471307503,2025-10-17,10443.161439304038,-0.15332818297437378,0.009166774366474506
2715,60,45,8905.700085858625,2025-10-20,10443.161439304038,-0.14722183147135892,0.007212182312228865
2716,60,45,8885.567684237325,2025-10-21,10443.161439304038,-0.14914963865295905,-0.0022606197634331693
2717,60,45,8655.90559608498,2025-10-22,10443.161439304038,-0.1711412634580669,-0.02584664214080068
2718,60,45,8653.092773720673,2025-10-23,10443.161439304038,-0.17141060932432162,-0.00032495991702807814
2719,60,45,8623.109918609814,2025-10-24,10443.161439304038,-0.17428166090052488,-0.003464987131758912
2720,60,45,8642.792870272413,2025-10-27,10443.161439304038,-0.1723968914485733,0.002282581556813934
2721,60,45,8615.527957903196,2025-10-28,10443.161439304038,-0.1750076824937642,-0.003154641419557458
2722,60,45,8606.657409096055,2025-10-29,10443.161439304038,-0.17585709470085265,-0.001029600141800202
2723,60,45,8625.064490936773,2025-10-30,10443.161439304038,-0.17409449800561816,0.002138702746697474
2724,60,45,8700.750513316549,2025-10-31,10443.161439304038,-0.16684707366772344,0.008775125387097793
2725,60,45,8624.077087953181,2025-11-03,10443.161439304038,-0.17418904820378667,-0.008812277199078178
2726,60,45,8620.659125423399,2025-11-04,10443.161439304038,-0.17451634014020334,-0.0003963279194890701
2727,60,45,8638.694528288686,2025-11-05,10443.161439304038,-0.1727893341018394,0.0020921141414929068
2728,60,45,8754.019966121945,2025-11-06,10443.161439304038,-0.16174618031133903,0.013349868716344693
2729,60,45,8767.257530147575,2025-11-07,10443.161439304038,-0.16047859825751676,0.0015121697319471217
2730,60,45,8712.255839481688,2025-11-10,10443.161439304038,-0.16574536455099587,-0.00627353428101729
2731,60,45,8808.90697172666,2025-11-11,10443.161439304038,-0.15649039585145874,0.011093697662891477
2732,60,45,8766.811437202057,2025-11-12,10443.161439304038,-0.16052131453152152,-0.004778746632211339
2733,60,45,8798.416464208942,2025-11-13,10443.161439304038,-0.15749492954354893,0.003605076627149595
2734,60,45,8750.05963245378,2025-11-14,10443.161439304038,-0.16212540777911133,-0.005496083522742112
2735,60,45,8603.189723762975,2025-11-17,10443.161439304038,-0.1761891479160821,-0.016785018029599308
2736,60,45,8659.039276337826,2025-11-18,10443.161439304038,-0.1708411933814854,0.00649172625132155
2737,60,45,8581.895023469924,2025-11-19,10443.161439304038,-0.17822825268496034,-0.008909100698816563
2738,60,45,8476.806741965962,2025-11-20,10443.161439304038,-0.18829113279217102,-0.012245346886272213
2739,60,45,8680.673018184514,2025-11-21,10443.161439304038,-0.16876962319917765,0.024049890769513027
2740,60,45,8664.818374760014,2025-11-24,10443.161439304038,-0.17028780746901273,-0.0018264302078061512
2741,60,45,8759.880272503025,2025-11-25,10443.161439304038,-0.16118501821352593,0.010971020237414253
2742,60,45,8837.556564767623,2025-11-26,10443.161439304038,-0.15374701270953606,0.008867277844929022
2743,60,45,8884.724380668267,2025-11-28,10443.161439304038,-0.14923039040365826,0.005337201018739357
2744,60,45,8937.980719414918,2025-12-01,10443.161439304038,-0.14413075280290122,0.005994146409598056
2745,60,45,8926.95757200345,2025-12-02,10443.161439304038,-0.1451862901969686,-0.0012332928160746492
2746,60,45,8912.477301403089,2025-12-03,10443.161439304038,-0.1465728694129006,-0.0016220835019731261
2747,60,45,8960.57226239871,2025-12-04,10443.161439304038,-0.14196746698997054,0.005396362803420374
2748,60,45,9063.06413110172,2025-12-05,10443.161439304038,-0.1321532101388534,0.01143809409730423
2749,60,45,8828.061628311498,2025-12-08,10443.161439304038,-0.15465621405735686,-0.02592969655635169
2750,60,45,8749.077403236663,2025-12-09,10443.161439304038,-0.16221946255580189,-0.008946949896853185
2751,60,45,8667.16327045191,2025-12-10,10443.161439304038,-0.170063268596802,-0.0093626023647303
2752,60,45,8726.604282273,2025-12-11,10443.161439304038,-0.164371408697234,0.006858185310035125
2753,60,45,8765.990346966113,2025-12-12,10443.161439304038,-0.16059993921243987,0.004513332267525927
2754,60,45,8696.849008008936,2025-12-15,10443.161439304038,-0.16722066794090296,-0.007887453239223241
2755,60,45,8659.652232549046,2025-12-16,10443.161439304038,-0.1707824988745793,-0.004277040503478324
2756,60,45,8655.404667701521,2025-12-17,10443.161439304038,-0.17118923057859559,-0.0004905006267525991
2757,60,45,8601.74809028699,2025-12-18,10443.161439304038,-0.17632719361080418,-0.0061991991679782865
2758,60,45,8578.836604487737,2025-12-19,10443.161439304038,-0.17852111600991827,-0.0026635848386591388
2759,60,45,8679.581778180267,2025-12-22,10443.161439304038,-0.16887411646116435,0.011743454076258875
2760,60,45,8651.591462382612,2025-12-23,10443.161439304038,-0.17155436955888148,-0.003224846140400528
2761,60,45,8692.05832978541,2025-12-24,10443.161439304038,-0.16767940625030942,0.004677390001452286
2762,60,45,8681.95663059559,2025-12-26,10443.161439304038,-0.1686467090396545,-0.001162175724845671
2763,60,45,8668.564149486352,2025-12-29,10443.161439304038,-0.1699291254024653,-0.0015425648478872844
2764,60,45,8636.733209335413,2025-12-30,10443.161439304038,-0.1729771430296888,-0.0036719968384644197
2765,60,45,8580.430657240508,2025-12-31,10443.161439304038,-0.1783684751873058,-0.006518963910341458
2766,60,45,8535.44307121416,2026-01-02,10443.161439304038,-0.18267632643405862,-0.005243045229715304
2767,60,45,8627.440631314856,2026-01-05,10443.161439304038,-0.17386696725337492,0.010778299302464767
2768,60,45,8781.287066698325,2026-01-06,10443.161439304038,-0.15913517973121216,0.017832221855582198
2769,60,45,8697.371377048546,2026-01-07,10443.161439304038,-0.1671706477393915,-0.009556194782427307
2770,60,45,8743.239214708052,2026-01-08,10443.161439304038,-0.162778506726721,0.005273758664663397
2771,60,45,8699.758423065601,2026-01-09,10443.161439304038,-0.1669420727019444,-0.004973075833188512
2772,60,45,8657.27212597844,2026-01-12,10443.161439304038,-0.17101040941531354,-0.004883618029498216
2773,60,45,8603.030470675638,2026-01-13,10443.161439304038,-0.17620439742536742,-0.006265444185361235
2774,60,45,8740.650883766355,2026-01-14,10443.161439304038,-0.16302635609271432,0.015996736680151447
2775,60,45,8915.79296624928,2026-01-15,10443.161439304038,-0.14625537313885917,0.02003764763196414
2776,60,45,8710.756748096295,2026-01-16,10443.161439304038,-0.16588891221078306,-0.02299696941473961
2777,60,45,8639.788897244614,2026-01-20,10443.161439304038,-0.17268454122256738,-0.008147151034517242
2778,60,45,8708.491648495276,2026-01-21,10443.161439304038,-0.16610581009311354,0.00795190161099546
2779,60,45,8739.612775716176,2026-01-22,10443.161439304038,-0.16312576162773484,0.003573652990328968
2780,60,45,8640.305562369733,2026-01-23,10443.161439304038,-0.17263506720762256,-0.011362884820523944
2781,60,45,8709.766114496362,2026-01-26,10443.161439304038,-0.16598377176128332,0.008039131443353664
2782,60,45,8826.001317925711,2026-01-27,10443.161439304038,-0.1548535020527365,0.013345387453733037
2783,60,45,8760.06314568874,2026-01-28,10443.161439304038,-0.16116750692762094,-0.007470899885665072
2784,60,45,8726.221218360355,2026-01-29,10443.161439304038,-0.16440808953520347,-0.0038632058657066537
2785,60,45,8624.7594651387,2026-01-30,10443.161439304038,-0.17412370619126627,-0.011627226801009138
2786,60,45,8596.821075616974,2026-02-02,10443.161439304038,-0.17679898701346797,-0.0032393239063250867
2787,60,45,8567.435791881759,2026-02-03,10443.161439304038,-0.1796128172799063,-0.0034181569532207856
2788,60,45,8636.610559965164,2026-02-04,10443.161439304038,-0.1729888874972011,0.0080741507451918
2789,60,45,8670.79085878528,2026-02-05,10443.161439304038,-0.1697159036389343,0.003957605658237995
2790,60,45,9148.456961482892,2026-02-06,10443.161439304038,-0.12397629638744989,0.05508910438240355
2791,60,45,9106.678274351952,2026-02-09,10443.161439304038,-0.12797687488791254,-0.004566746863087112
2792,60,45,9152.584515433537,2026-02-10,10443.161439304038,-0.12358105650011952,0.005040942448892194
2793,60,45,9147.524455345218,2026-02-11,10443.161439304038,-0.12406558985888527,-0.0005528558714521514
2794,60,45,9079.504688460753,2026-02-12,10443.161439304038,-0.1305789208343564,-0.007435866087760923
2795,60,45,9110.388536786291,2026-02-13,10443.161439304038,-0.12762159335215317,0.003401490432048515
2796,60,45,9195.264441813204,2026-02-17,10443.161439304038,-0.11949417853431155,0.009316386966834234
2797,60,45,9203.300645826188,2026-02-18,10443.161439304038,-0.11872466021749806,0.0008739502886334627
2798,60,45,9101.349701170357,2026-02-19,10443.161439304038,-0.12848712010556673,-0.011077650136537387
2799,60,45,9109.734831412416,2026-02-20,10443.161439304038,-0.12768418985395724,0.0009213062366981717
2800,60,45,8829.262789070379,2026-02-23,10443.161439304038,-0.1545411951748219,-0.03078816755180469
2801,60,45,8909.139239334134,2026-02-24,10443.161439304038,-0.14689251036534157,0.009046785917691036
2802,60,45,8988.040366409574,2026-02-25,10443.161439304038,-0.139337219035794,0.008856200914123091
2803,60,45,9217.94182081436,2026-02-26,10443.161439304038,-0.11732267336961999,0.0255785961157875
2804,60,45,9434.607440827194,2026-02-27,10443.161439304038,-0.09657554413369829,0.023504771913790856
2805,60,45,9223.789460142569,2026-03-02,10443.161439304038,-0.11676272422374157,-0.022345177794291127
2806,60,45,9158.064726623334,2026-03-03,10443.161439304038,-0.12305629096607618,-0.007125567404074218
2807,60,45,9289.663681670612,2026-03-04,10443.161439304038,-0.11045484304131359,0.014369734106017829
2808,60,45,9326.53494587846,2026-03-05,10443.161439304038,-0.10692418190750419,0.003969063409754892
2809,60,45,9273.897066175185,2026-03-06,10443.161439304038,-0.11196459806971792,-0.005643883822741391
2810,60,45,9220.791894611915,2026-03-09,10443.161439304038,-0.11704976043859616,-0.005726305908328455
2811,60,45,9014.669707947702,2026-03-10,10443.161439304038,-0.1367872879930826,-0.022354065574851423
2812,60,45,8989.759115937828,2026-03-11,10443.161439304038,-0.13917263769342525,-0.0027633394030966985
2813,60,45,8880.181109909856,2026-03-12,10443.161439304038,-0.14966543785407038,-0.012189203805661797
2814,60,45,8995.488763220472,2026-03-13,10443.161439304038,-0.13862398704621037,0.012984831264526653
2815,60,45,8939.502142748555,2026-03-16,10443.161439304038,-0.14398506671516997,-0.006223855306320525
2816,60,45,8828.243617838421,2026-03-17,10443.161439304038,-0.15463878738747516,-0.012445718243983328
2817,60,45,8691.474083810097,2026-03-18,10443.161439304038,-0.16773535156712838,-0.015492270031149391
2818,60,45,8609.628083442409,2026-03-19,10443.161439304038,-0.17557263349017238,-0.009416814636788229
2819,60,45,8535.268711381112,2026-03-20,10443.161439304038,-0.1826930225115886,-0.008636769363394636
2820,60,45,8492.68406490824,2026-03-23,10443.161439304038,-0.18677077681236942,-0.004989256684571397
2821,60,45,8462.136258796441,2026-03-24,10443.161439304038,-0.18969592608726515,-0.0035969554357995204
2822,60,45,8421.012664427375,2026-03-25,10443.161439304038,-0.19363377523458303,-0.0048597178196366775
2823,60,45,8376.472242667589,2026-03-26,10443.161439304038,-0.19789880762143797,-0.005289200187043597
2824,60,45,8207.781359183671,2026-03-27,10443.161439304038,-0.2140520467018021,-0.020138654865308303
2825,60,45,8134.699999903211,2026-03-30,10443.161439304038,-0.2210500577643727,-0.008903911554453026
2826,60,45,8308.521329617466,2026-03-31,10443.161439304038,-0.20440554539860012,0.021367884459946085
2827,60,45,8414.976467719694,2026-04-01,10443.161439304038,-0.19421177996454564,0.012812765819442129
2828,60,45,8486.286173077906,2026-04-02,10443.161439304038,-0.18738341618096677,0.008474141981473116
2829,60,45,8571.303046495008,2026-04-06,10443.161439304038,-0.17924250273141196,0.010018148302235241
2830,60,45,8466.983345231243,2026-04-07,10443.161439304038,-0.18923178632815363,-0.012170810050453618
2831,60,45,8635.561043147654,2026-04-08,10443.161439304038,-0.17308938549520758,0.019910007028814736
2832,60,45,8692.585879887727,2026-04-09,10443.161439304038,-0.16762888992865888,0.006603489507531535
2833,60,45,8655.0843812784,2026-04-10,10443.161439304038,-0.17121990006742638,-0.00431419362747909
2834,60,45,8669.681322232149,2026-04-13,10443.161439304038,-0.16982214891337344,0.001686516307723318
2835,60,45,8710.854453524878,2026-04-14,10443.161439304038,-0.1658795562864157,0.004749093970403129
2836,60,45,8679.656282070566,2026-04-15,10443.161439304038,-0.16886698223359053,-0.003581528266918488
2837,60,45,8714.580738691393,2026-04-16,10443.161439304038,-0.1655227404708054,0.004023714244649312
2838,60,45,8766.01971367833,2026-04-17,10443.161439304038,-0.160597127160516,0.005902633360037157
2839,60,45,8745.82240973318,2026-04-20,10443.161439304038,-0.1625311491578333,-0.0023040450061542206
2840,60,45,8735.733686128448,2026-04-21,10443.161439304038,-0.1634972094512961,-0.0011535477319439824
2841,60,45,8795.710330548995,2026-04-22,10443.161439304038,-0.1577540592788954,0.006865667678924936
2842,60,45,8653.74451213669,2026-04-23,10443.161439304038,-0.17134820117140692,-0.016140347178013825
2843,60,45,8691.241069320791,2026-04-24,10443.161439304038,-0.16775766420594562,0.004332986388899229
2844,60,45,8729.8955534537,2026-04-27,10443.161439304038,-0.1640562482738479,0.004447521800926113
2845,60,45,8769.295168951754,2026-04-28,10443.161439304038,-0.16028348121216396,0.004513182919177794
2846,60,45,8767.493200031357,2026-04-29,10443.161439304038,-0.16045603134756792,-0.00020548617484983378
2847,60,45,8884.774932014334,2026-04-30,10443.161439304038,-0.14922554978653668,0.013376883141758
2848,60,45,8910.704733105622,2026-05-01,10443.161439304038,-0.14674260424921126,0.0029184533417785374
2849,60,45,8869.018154042953,2026-05-04,10443.161439304038,-0.15073436280862385,-0.0046782583770049735
2850,60,45,8811.120227427025,2026-05-05,10443.161439304038,-0.15627846235668041,-0.006528110057992698
2851,60,45,8750.862180054493,2026-05-06,10443.161439304038,-0.1620485586749988,-0.006838863370058457
2852,60,45,8855.888381746414,2026-05-07,10443.161439304038,-0.1519916231098123,0.012001811882182523
2853,60,45,8880.63815655361,2026-05-08,10443.161439304038,-0.1496216726928774,0.0027947252427220626
2854,60,45,8845.389494701318,2026-05-11,10443.161439304038,-0.15299695919564382,-0.003969158660774852
2855,60,45,8888.784539060183,2026-05-12,10443.161439304038,-0.14884160407535008,0.0049059506520159335
2856,60,45,8806.916651532578,2026-05-13,10443.161439304038,-0.15668098183498969,-0.00921024546920357
2857,60,45,8807.677228295932,2026-05-14,10443.161439304038,-0.1566081517090001,8.636129912975576e-05
2858,60,45,8778.684366926644,2026-05-15,10443.161439304038,-0.1593844050052644,-0.003291771555404499
2859,60,45,8928.166659246093,2026-05-18,10443.161439304038,-0.14507051230253776,0.01702786956125446
2860,60,45,8886.235414734505,2026-05-19,10443.161439304038,-0.14908569915522552,-0.004696512297758693
2861,60,45,8958.561632736453,2026-05-20,10443.161439304038,-0.14215999773594645,0.008139129184223659
2862,60,45,8959.795550810262,2026-05-21,10443.161439304038,-0.14204184212943005,0.00013773618181067704
2863,60,45,8960.661316435775,2026-05-22,10443.161439304038,-0.1419589394920875,9.66278327003689e-05
2864,60,45,8916.772253566449,2026-05-26,10443.161439304038,-0.14616160006804535,-0.004897971401823242
2865,60,45,8870.11011388817,2026-05-27,10443.161439304038,-0.15062980061722586,-0.005233075192608627
2866,60,45,8970.180283550004,2026-05-28,10443.161439304038,-0.14104743705390788,0.01128172800303262
2867,60,45,9065.057369689805,2026-05-29,10443.161439304038,-0.13196234470029167,0.010576943064766642
2868,60,45,8991.382890609339,2026-06-01,10443.161439304038,-0.13901715080557542,-0.008127304227197318
2869,60,45,9056.871589107488,2026-06-02,10443.161439304038,-0.13274618593743925,0.007283495686358332
2870,60,45,9012.776127220272,2026-06-03,10443.161439304038,-0.1369686105493253,-0.004868729942053007
2871,60,45,9101.479291124471,2026-06-04,10443.161439304038,-0.12847471103242658,0.009841935786721656
2872,60,45,9039.760962427716,2026-06-05,10443.161439304038,-0.13438463869709638,-0.006781131585603006
2873,60,45,8909.57074068819,2026-06-08,10443.161439304038,-0.1468511913302425,-0.014401954020757834
2874,60,45,9146.88438221034,2026-06-09,10443.161439304038,-0.1241268809859637,0.026635810908194335
2875,60,45,8866.675608241365,2026-06-10,10443.161439304038,-0.15095867666369567,-0.03063434085970851
2876,60,45,9134.96675083438,2026-06-11,10443.161439304038,-0.12526807098338233,0.030258369026565424
2877,60,45,9304.86803245523,2026-06-12,10443.161439304038,-0.1089989284820122,0.018599003833848826
2878,60,45,9369.464539702536,2026-06-15,10443.161439304038,-0.1028133966751218,0.006942227124768996
2879,60,45,9500.387028518562,2026-06-16,10443.161439304038,-0.09027672475092041,0.013973316005546632
2880,60,45,9398.551667738962,2026-06-17,10443.161439304038,-0.10002811673805667,-0.010719074967567854
2881,60,45,9463.48579658705,2026-06-18,10443.161439304038,-0.09381025548737243,0.006908950564263883
2882,60,45,9528.106289802883,2026-06-22,10443.161439304038,-0.08762242686943822,0.006828402832192992
2883,60,45,9546.38275359698,2026-06-23,10443.161439304038,-0.08587233769382607,0.0019181632990026287
2884,60,45,9637.462578114655,2026-06-24,10443.161439304038,-0.07715085760879292,0.0095407681494184
2885,60,45,9653.48349699704,2026-06-25,10443.161439304038,-0.07561675139244273,0.001662358608661707
2886,60,45,9686.782723769791,2026-06-26,10443.161439304038,-0.07242813586004027,0.0034494518774605964
2887,60,45,9606.417672996444,2026-06-29,10443.161439304038,-0.08012360731668988,-0.008296361450963907
2888,60,45,9396.34163352623,2026-06-30,10443.161439304038,-0.1002397417546359,-0.021868301652210653
2889,60,45,9460.88425201999,2026-07-01,10443.161439304038,-0.09405937014313837,0.0068689093065190665
2890,60,45,9565.528274148834,2026-07-02,10443.161439304038,-0.08403903073375185,0.011060702080410767
2891,60,45,9425.84433538704,2026-07-06,10443.161439304038,-0.09741466794606923,-0.014602846257774749
2892,60,45,9536.10656583368,2026-07-07,10443.161439304038,-0.08685634888842697,0.011697862443228013
2893,60,45,9447.482770257437,2026-07-08,10443.161439304038,-0.0953426483765012,-0.009293498868161443
2894,60,45,9395.552398766657,2026-07-09,10443.161439304038,-0.10031531606842581,-0.005496741592825871
2895,60,45,9501.040509424134,2026-07-10,10443.161439304038,-0.0902141497434028,0.011227451689942658
2896,60,45,9718.992915543136,2026-07-13,10443.161439304038,-0.06934380244620275,0.022939845999268682
2897,60,45,9486.5395669963,2026-07-14,10443.161439304038,-0.0916027084200175,-0.023917431627621055
2898,60,45,9531.1829895615,2026-07-15,10443.161439304038,-0.08732781304234205,0.00470597547713969
2899,60,45,9797.166524271815,2026-07-16,10443.161439304038,-0.06185817568623875,0.02790666541620479
2900,60,45,9692.663555888796,2026-07-17,10443.161439304038,-0.07186500829056008,-0.010666652253396025
2901,60,45,9751.804647623134,2026-07-20,10443.161439304038,-0.06620186767188174,0.006101634642874609
2902,60,45,9823.592960813128,2026-07-21,10443.161439304038,-0.0593276741044233,0.007361541354039769
2903,60,45,9617.263142124102,2026-07-22,10443.161439304038,-0.07908508376319578,-0.021003498364812856
2904,60,45,9430.276398463411,2026-07-23,10443.161439304038,-0.09699026934779709,-0.01944282285899812
2905,60,45,9337.965151331577,2026-07-24,10443.161439304038,-0.10582966608300515,-0.00978881670391718
2906,60,45,9382.479504901296,2026-07-27,10443.161439304038,-0.10156712989332373,0.004767029309739046
2907,60,45,9703.782518789678,2026-07-28,10443.161439304038,-0.07080029594597881,0.03424500034564826
2908,60,45,9705.01592267554,2026-07-29,10443.161439304038,-0.07068218957627159,0.0001271054749500955
2909,60,45,9553.1739844867,2026-07-30,10443.161439304038,-0.08522203357574909,-0.015645717575183404
2910,60,45,9565.785929066047,2026-07-31,10443.161439304038,-0.08401435861518791,0.0013201837001846073
2911,60,45,9715.616347477651,2026-08-03,10443.161439304038,-0.06966713059593121,0.0156631582101725
2912,60,45,9857.605183653415,2026-08-04,10443.161439304038,-0.056070784604249746,0.014614495992591126
2913,60,45,9857.02355057031,2026-08-05,10443.161439304038,-0.056126479719803224,-5.900348738563377e-05
2914,60,45,9941.6146867179,2026-08-06,10443.161439304038,-0.048026333357110595,0.008581813334786581
2915,60,45,9842.095281543958,2026-08-07,10443.161439304038,-0.05755595767177346,-0.010010386472420918
2916,60,45,9856.399739759778,2026-08-10,10443.161439304038,-0.056186213624536685,0.001453395624267495
2917,60,45,9940.480979728172,2026-08-11,10443.161439304038,-0.04813489310659991,0.008530623979181584
2918,60,45,10016.182118068184,2026-08-12,10443.161439304038,-0.04088602131811048,0.007615440187893396
2919,60,45,10118.34859501559,2026-08-13,10443.161439304038,-0.0311029228243066,0.010200141705002386
2920,60,45,10180.451597627518,2026-08-14,10443.161439304038,-0.025156160153550933,0.006137661894997315
2921,60,45,10142.074588947524,2026-08-17,10443.161439304038,-0.028831006023074535,-0.0037696764541307326
2922,60,45,9974.852093724268,2026-08-18,10443.161439304038,-0.04484363746568487,-0.016487996982933684
2923,60,45,10198.900720675363,2026-08-19,10443.161439304038,-0.02338953774183472,0.022461348283254967
2924,60,45,10111.944535842704,2026-08-20,10443.161439304038,-0.031716152755693505,-0.008526035032028534
2925,60,45,10083.506469711449,2026-08-21,10443.161439304038,-0.03443928083300396,-0.002812324180621606
2926,60,45,10049.477506734002,2026-08-24,10443.161439304038,-0.03769777330917834,-0.0033747152421295112
2927,60,45,10038.07320802606,2026-08-25,10443.161439304038,-0.03878980839589263,-0.0011348150886749675
2928,60,45,10021.67103132628,2026-08-26,10443.161439304038,-0.04036042250495442,-0.0016339965210322438
2929,60,45,9985.998465934092,2026-08-27,10443.161439304038,-0.043776300503156174,-0.003559542643205904
2930,60,45,9986.92669867344,2026-08-28,10443.161439304038,-0.04368741623714689,9.295342298676346e-05
2931,60,45,10073.503840381332,2026-08-31,10443.161439304038,-0.0353970970449099,0.008669047477778413
2932,60,45,9967.196967963362,2026-09-01,10443.161439304038,-0.0455766650843229,-0.010553117773363208
2933,60,45,9939.995763204292,2026-09-02,10443.161439304038,-0.048181355715332,-0.002729072661702303
2934,60,45,10069.069114669786,2026-09-03,10443.161439304038,-0.03582175060765724,0.012985252161102245
2935,60,45,10059.929611888148,2026-09-04,10443.161439304038,-0.03669691689085186,-0.0009076810058163964
2936,60,45,9938.220327550553,2026-09-08,10443.161439304038,-0.048351365119482126,-0.012098423053951368
2937,60,45,9806.842600146618,2026-09-09,10443.161439304038,-0.06093162907187866,-0.013219442020190653
2938,60,45,9741.817530797349,2026-09-10,10443.161439304038,-0.0671581984615407,-0.006630581523588086
2939,60,45,9779.248617047468,2026-09-11,10443.161439304038,-0.0635739307598806,0.0038423103421703075
2940,60,45,9839.338878717415,2026-09-14,10443.161439304038,-0.057819901003738905,0.006144670620725989
2941,60,45,9766.071784333331,2026-09-15,10443.161439304038,-0.0648356973992954,-0.007446343223583951
