ticker,entry_date,exit_date,entry_price,exit_price,shares,entry_value,exit_value,entry_commission,exit_commission,net_pnl,rsi_ob,rsi_os,holding_days,winner,loser
AMD,2015-01-27,2015-02-05,2.5812899236679074,2.878560114383698,387.40320908200846,1000.0,1115.163425847718,1.0,1.115163425847718,113.04826242187028,60,45,9,True,False
VZ,2015-02-09,2015-02-11,49.07452423667908,49.365304389953614,20.888499074731094,1025.0931541107395,1031.1671150733648,1.0250931541107395,1.0311671150733648,4.0177006934411565,60,45,2,True,False
FTNT,2015-02-12,2015-02-17,6.599298194646835,6.606695133447648,155.25239124854608,1024.5568252811345,1025.7052177178796,1.0245568252811343,1.0257052177178796,-0.9018696062535128,60,45,5,False,True
ADSK,2015-02-11,2015-02-18,58.37917347335815,60.76959923744202,17.58001889689184,1026.3069728465632,1068.3307029507746,1.0263069728465632,1.0683307029507747,39.92909242841392,60,45,7,True,False
AJG,2015-02-13,2015-02-18,47.18357984733581,47.926025762557984,21.79982397427,1028.5937351478342,1044.7789254100933,1.0285937351478345,1.0447789254100932,14.111817601701205,60,45,5,True,False
WM,2015-02-18,2015-02-19,54.10704183197021,54.472750000000005,19.21179746432959,1039.4935290698204,1046.5194403250598,1.0394935290698204,1.0465194403250595,4.939898285844492,60,45,1,True,False
CL,2015-01-30,2015-03-06,68.38417347335815,70.79458683013917,14.652870921999888,1002.0244670127656,1037.3439427983424,1.0020244670127656,1.0373439427983424,33.280107375765624,60,45,35,True,False
WDC,2015-02-19,2015-03-09,82.56582893371582,77.57268259811401,12.605109751570852,1040.751335438912,977.8121778729976,1.0407513354389122,0.9778121778729976,-64.95772107922653,60,45,18,False,True
GD,2015-02-23,2015-03-09,141.81087549591064,134.3028101196289,7.382359393473132,1046.8988488138848,991.4716118564808,1.0468988488138848,0.9914716118564808,-57.46560741807434,60,45,14,False,True
LIN,2015-02-20,2015-03-11,128.91443110656738,124.2978206100464,8.082949784747258,1042.008873163644,1004.6930423445278,1.042008873163644,1.004693042344528,-39.36253273462444,60,45,19,False,True
QCOM,2015-02-11,2015-03-16,70.60528469467162,69.10542938995361,14.535837894921988,1026.3069728465632,1004.5053192713434,1.0263069728465632,1.0045053192713431,-23.83246586733776,60,45,33,False,True
MSCI,2015-03-17,2015-03-18,57.83890637397766,58.29083969497681,17.292696157911934,1000.1906340311116,1008.005779634786,1.0001906340311115,1.008005779634786,5.806949190008481,60,45,1,True,False
CPT,2015-03-17,2015-03-19,76.79838213729857,77.51122805023194,13.023589901190771,1000.1906340311116,1009.4744468638957,1.0001906340311115,1.0094744468638956,7.274147751889018,60,45,2,True,False
AZN,2015-03-17,2015-03-19,68.14405561065674,70.58469274520874,14.677591832011483,1000.1906340311116,1036.013309702116,1.0001906340311115,1.036013309702116,33.78647172727108,60,45,2,True,False
MAA,2015-03-18,2015-03-19,76.66831225204467,77.38128816986084,13.010394499400842,997.4849880023482,1006.7610859617088,0.9974849880023484,1.0067610859617089,7.271851885396586,60,45,1,True,False
MGM,2015-03-18,2015-03-19,21.56077423667908,22.5787051525116,46.263876104478285,997.484988002348,1044.578417775342,0.9974849880023482,1.044578417775342,45.05136636721636,60,45,1,True,False
KIM,2015-03-19,2015-03-23,26.92345484733581,27.716134542465213,37.86267011085408,1019.393889129151,1049.406858929408,1.019393889129151,1.049406858929408,27.94416905219839,60,45,4,True,False
CDW,2015-03-23,2015-03-24,37.77887832069397,37.80108969497681,27.259495683341637,1029.833170504446,1030.4386413658303,1.029833170504446,1.0304386413658304,-1.4548009504860602,60,45,1,False,True
RCL,2015-03-06,2015-03-26,80.69032652664184,74.01297805023194,12.698045726333106,1024.6094559080473,939.8201796239337,1.0246094559080472,0.9398201796239336,-86.75370591964565,60,45,20,False,True
ATO,2015-03-19,2015-04-07,55.33765637397766,56.37180152511597,18.42134192022844,1019.3938891291511,1038.4442305534162,1.0193938891291512,1.0384442305534165,16.992503304582442,60,45,19,True,False
APA,2015-04-07,2015-04-08,64.79238213729857,65.94701335525514,15.55697055827931,1007.9731813107362,1025.9357451741566,1.0079731813107362,1.0259357451741566,15.928654936935573,60,45,1,True,False
ADSK,2015-04-09,2015-04-10,62.22109362602234,62.45875667762757,16.218338739507182,1009.1227731694216,1012.97727304622,1.0091227731694214,1.01297727304622,1.8323998305828584,60,45,1,True,False
TSLA,2015-04-09,2015-04-10,13.902280956745146,13.983004771232606,72.5868493313547,1009.1227731694216,1014.982260529075,1.0091227731694217,1.014982260529075,3.8353823259548103,60,45,1,True,False
BAX,2015-04-10,2015-04-13,38.04726195716858,38.34040882873536,26.58722157309516,1011.5709839048352,1019.3649447326408,1.011570983904835,1.0193649447326407,5.763024899168158,60,45,3,True,False
OXY,2015-04-10,2015-04-13,78.02619147491454,78.67659966278076,12.964505440843611,1011.5709839048352,1020.003204395196,1.011570983904835,1.020003204395196,6.400646302060864,60,45,3,True,False
IBM,2015-03-24,2015-04-21,157.62178603363037,158.6873402709961,6.489378667992821,1022.8674558975698,1029.78224083512,1.02286745589757,1.02978224083512,4.862135240817565,60,45,28,True,False
CMG,2015-04-13,2015-04-21,13.620807320594787,13.82108606863022,74.65125000383703,1016.8102925438152,1031.7613514338636,1.0168102925438152,1.0317613514338635,12.902487246070791,60,45,8,True,False
CSX,2015-04-21,2015-04-22,11.635815114498138,11.754120228767396,86.87552758103975,1010.8675769074622,1021.1453961251392,1.0108675769074622,1.021145396125139,8.245806244644427,60,45,1,True,False
MSFT,2015-04-21,2015-04-24,43.0215,45.63716984748841,23.49679990022343,1010.8675769074622,1072.3274479189454,1.0108675769074622,1.0723274479189453,59.37667598665678,60,45,3,True,False
DUK,2015-04-24,2015-04-27,78.85940969467163,79.56019847488403,13.027098928524738,1027.3093315375502,1036.4385763053774,1.02730933153755,1.0364385763053774,7.065496859984478,60,45,3,True,False
CSCO,2015-04-22,2015-04-29,28.68433507633209,29.04546946620941,35.14764088522311,1008.1867082943292,1020.8797301410416,1.0081867082943292,1.0208797301410415,10.663955408277047,60,45,7,True,False
NEE,2015-03-19,2015-05-06,26.6383125,24.982503338813785,38.26796044716237,1019.3938891291508,956.0294496408276,1.019393889129151,0.9560294496408276,-65.33986282709316,60,45,48,False,True
NVDA,2015-04-13,2015-05-11,0.5680338521003723,0.5132432252168656,1790.052280835093,1016.8102925438152,918.7322059226096,1.0168102925438152,0.9187322059226096,-100.01362911967216,60,45,28,False,True
NCLH,2015-05-08,2015-05-11,53.15656606864929,54.182894084930425,18.97534361204457,1008.6641063889696,1028.1390331565722,1.0086641063889696,1.0281390331565723,17.438123628057042,60,45,3,True,False
AME,2015-03-19,2015-05-14,53.36667015266418,54.642663169860846,19.10169561287984,1019.393889129151,1043.7675193478017,1.019393889129151,1.0437675193478018,22.3104688101738,60,45,56,True,False
QCOM,2015-05-15,2015-05-18,70.64530561065673,70.95450286483765,14.304907713756345,1010.5745771705576,1014.9976153569628,1.010574577170558,1.0149976153569626,2.397465993877404,60,45,3,True,False
CPB,2015-05-15,2015-05-18,46.533253320693966,46.64666316986085,21.71725604925933,1010.574577170558,1013.0375279034228,1.010574577170558,1.0130375279034227,0.439338627790903,60,45,3,True,False
KMX,2015-05-18,2015-05-19,72.4862219467163,72.90353244018556,13.90956850693936,1008.2520699770618,1014.056678874637,1.0082520699770618,1.014056678874637,3.782300148723493,60,45,1,True,False
AVGO,2015-05-18,2015-05-19,12.801397576332093,13.079457442283632,78.76109338570753,1008.2520699770618,1030.1523690460883,1.0082520699770618,1.0301523690460883,19.86189463000335,60,45,1,True,False
KEYS,2015-05-19,2015-05-21,36.21810076332092,32.3238301525116,27.975051981106272,1013.2032515108476,904.2608287449622,1.0132032515108476,0.9042608287449622,-110.8598868461412,60,45,2,False,True
HPQ,2015-05-04,2015-05-26,15.35735669517517,15.646123715877534,66.76449614468554,1025.3261818675833,1044.605566507979,1.0253261818675834,1.0446055665079788,17.209452892019954,60,45,22,True,False
WSM,2015-05-19,2015-05-26,39.24961454200744,39.22038167762757,25.81434909192427,1013.2032515108476,1012.4486241447884,1.0132032515108476,1.0124486241447883,-2.780279241714652,60,45,7,False,True
NVDA,2015-05-29,2015-06-02,0.5537767466604709,0.5557219942808151,1793.1339972975225,992.9959113497076,996.484000990909,0.9929959113497075,0.996484000990909,1.4986097288607425,60,45,4,True,False
WY,2015-05-26,2015-06-10,32.61629847335815,31.36430916118622,30.468539053137157,993.7709638042904,955.6246785522698,0.9937709638042904,0.9556246785522696,-40.09568089437733,60,45,15,False,True
DRI,2015-06-01,2015-06-11,58.615497631073,59.941766290664674,16.92506914879746,992.071350597084,1014.518539370556,0.9920713505970842,1.0145185393705562,20.440598883504435,60,45,10,True,False
META,2015-06-04,2015-06-23,82.18106938934326,84.91751908493042,11.975301243825154,984.1430624770836,1016.9128719203136,0.9841430624770836,1.0169128719203135,30.768753508832447,60,45,19,True,False
MNST,2015-06-17,2015-06-26,11.047187818050384,11.493417858600615,88.9314530868304,982.442465182352,1022.1263510994796,0.982442465182352,1.0221263510994796,37.67931710084565,60,45,9,True,False
DLTR,2015-06-23,2015-06-29,80.37016683197021,80.93951335525513,12.41510799816362,997.8043010493378,1004.8727996242992,0.9978043010493378,1.0048727996242992,5.065821474287645,60,45,6,True,False
RSG,2015-04-27,2015-06-30,41.43070484733581,39.290346372604375,24.81502658606093,1028.1040422658816,974.9909898117204,1.0281040422658816,0.9749909898117204,-55.1161474862389,60,45,64,False,True
LIN,2015-06-12,2015-06-30,123.23158316802976,120.15989122009276,8.045031035743577,991.4019111706152,966.6900541172184,0.9914019111706154,0.9666900541172184,-26.669949018684747,60,45,18,False,True
MPC,2015-05-11,2015-07-02,53.03650332069397,53.85306106758118,18.910563595219138,1002.9501689140344,1018.3917361157136,1.0029501689140343,1.0183917361157138,13.42022529664962,60,45,52,True,False
PSX,2015-07-02,2015-07-06,81.51073622131348,80.34980438995362,12.285594431354346,1001.407847016162,987.1451093736252,1.0014078470161618,0.9871451093736252,-16.251290598926516,60,45,4,False,True
CINF,2015-07-02,2015-07-08,52.72635076332092,52.463756677627565,18.99254988290961,1001.407847016162,996.4205157446736,1.0014078470161618,0.9964205157446736,-6.985159634249044,60,45,6,False,True
LVS,2015-07-02,2015-07-08,54.897433931350704,55.55221183013917,18.24143271010487,1001.4078470161618,1013.3519339969752,1.0014078470161618,1.0133519339969752,9.929327199800356,60,45,6,True,False
WYNN,2015-07-02,2015-07-08,104.19206938934326,108.56569274520876,9.611171492084653,1001.4078470161618,1043.4434911311716,1.0014078470161618,1.0434434911311716,39.99079277686246,60,45,6,True,False
CMG,2015-07-10,2015-07-13,12.60850065422058,12.915939274311066,79.18898346998358,998.4543498883507,1022.8001016927308,0.9984543498883508,1.0228001016927308,22.32449735279897,60,45,3,True,False
PEP,2015-07-08,2015-07-14,95.75785408401488,97.35130152511596,10.51344133173216,1006.7445809648592,1023.4971971520744,1.0067445809648594,1.0234971971520743,14.722374409098052,60,45,6,True,False
ROST,2015-07-13,2015-07-14,51.275625,52.463756677627565,19.652523455306092,1007.6954229979796,1031.0452086605476,1.0076954229979795,1.0310452086605475,21.311045030909558,60,45,1,True,False
CCEP,2015-07-14,2015-07-15,45.54276045799255,45.58719561004639,22.245740236663256,1013.1324188090812,1014.1209116590476,1.0131324188090811,1.0141209116590475,-1.0387604805017645,60,45,1,False,True
CRL,2015-07-14,2015-07-15,74.40718774795532,74.94251335525513,13.616055779999853,1013.1324188090812,1020.4214421385376,1.0131324188090811,1.0204214421385378,5.255469468508863,60,45,1,True,False
WDAY,2015-07-15,2015-07-16,82.23109744262695,83.208375,12.327837252496408,1013.7315863668786,1025.7793050446908,1.0137315863668783,1.0257793050446908,10.008207786400703,60,45,1,True,False
PEG,2015-07-08,2015-07-17,41.54076045799256,41.87905152511597,24.23510233961446,1006.7445809648592,1014.9430995971726,1.0067445809648592,1.0149430995971729,6.176830951751299,60,45,9,True,False
PPL,2015-07-08,2015-07-17,30.805395915985105,31.34432061004639,32.68078695403013,1006.7445809648592,1024.3570640757418,1.0067445809648592,1.0243570640757418,15.581381465842014,60,45,9,True,False
JPM,2015-07-15,2015-07-17,69.26461835861205,69.31532347488404,14.635633753417425,1013.7315863668788,1014.47368787806,1.0137315863668788,1.0144736878780598,-1.2861037630638066,60,45,2,False,True
SPG,2015-07-16,2015-07-17,182.31111122131347,182.72859732055664,5.581639710019079,1017.594937970588,1019.9251949605048,1.0175949379705882,1.0199251949605048,0.292736856985698,60,45,1,True,False
SPGI,2015-07-17,2015-07-21,99.77550216293336,100.23367919540406,10.264558411837672,1024.1514700218654,1028.8544549346234,1.0241514700218657,1.0288544549346237,2.6499789878014326,60,45,4,True,False
MSI,2015-07-17,2015-07-22,59.33965637397766,59.25035877990723,17.259140557999398,1024.1514700218654,1022.6102702943126,1.0241514700218657,1.0226102702943127,-3.587961467869036,60,45,5,False,True
PLD,2015-07-21,2015-07-22,39.56977423667907,40.639669847488406,25.774380832965047,1019.8864306506152,1047.4623275751328,1.0198864306506152,1.047462327575133,25.508548166291803,60,45,1,True,False
ETR,2015-07-08,2015-07-24,36.67832984733581,34.87255438995361,27.447939564183446,1006.7445809648592,957.179765344147,1.0067445809648592,0.957179765344147,-51.52873996702124,60,45,16,False,True
CHRW,2015-07-22,2015-07-29,65.30263164138793,69.965,15.620497657743458,1020.059604598784,1092.8881186240212,1.020059604598784,1.0928881186240211,70.7155663020144,60,45,7,True,False
UPS,2015-07-29,2015-07-30,100.41018061065674,100.34980152511598,10.100130744547728,1014.155952251284,1013.5461155930864,1.0141559522512842,1.0135461155930865,-2.6375387260421803,60,45,1,False,True
FIS,2015-07-17,2015-07-31,64.68232652664184,66.13691316986085,15.833559567465931,1024.1514700218654,1047.1827542833137,1.0241514700218657,1.0471827542833136,20.959950037143017,60,45,14,True,False
MGM,2015-07-31,2015-08-04,19.62981083965301,20.129929389953613,52.4198830241521,1028.992388000844,1055.2085439058098,1.028992388000844,1.05520854390581,24.13195497305924,60,45,4,True,False
CSCO,2015-07-27,2015-08-17,28.324154465675356,28.63567461872101,35.4380627157527,1003.75316232527,1014.7928330461228,1.00375316232527,1.0147928330461229,9.021124725481286,60,45,21,True,False
FE,2015-08-04,2015-08-17,34.387183931350705,34.80258969497681,30.02225890862624,1032.380939125563,1044.8523585132814,1.032380939125563,1.0448523585132814,10.394186090079756,60,45,13,True,False
EXC,2015-08-17,2015-08-18,23.5138911151886,23.690003778457644,43.715170335282096,1027.9137553457458,1035.6125504187523,1.0279137553457458,1.0356125504187523,5.635268767241996,60,45,1,True,False
ADP,2015-08-17,2015-08-18,82.86140969467162,84.2778396949768,12.405216845011577,1027.9137553457458,1045.4848766453115,1.0279137553457458,1.0454848766453115,15.497722667574635,60,45,1,True,False
CRM,2015-08-18,2015-08-21,73.94695866394042,68.9655,13.997148939787332,1035.0465940634713,965.3203752069032,1.0350465940634712,0.9653203752069034,-71.72658582583836,60,45,3,False,True
JNJ,2015-07-17,2015-08-24,100.94044438934326,91.03446183013916,10.146096306764326,1024.1514700218654,923.644416963053,1.0241514700218657,0.923644416963053,-102.45484894579738,60,45,38,False,True
AOS,2015-07-24,2015-08-24,36.56327066802978,28.92553053379059,27.58208905557475,1008.4913877286816,797.8265591627587,1.0084913877286816,0.7978265591627587,-212.47114651281424,60,45,31,False,True
F,2015-07-30,2015-08-24,15.217605038166043,12.233879771232605,67.04974237325447,1020.3364973469728,820.2784868865156,1.0203364973469726,0.8202784868865156,-201.89862544469065,60,45,25,False,True
WMB,2015-08-18,2015-08-25,54.26712167930603,48.30583683013917,19.07318026152419,1035.0465940634713,921.3459335450184,1.0350465940634712,0.9213459335450184,-115.65705304606126,60,45,7,False,True
BBY,2015-08-26,2015-08-27,33.94696530532837,35.74211832237244,26.804295133677027,909.924476936716,958.042288215676,0.909924476936716,0.958042288215676,46.24984451380772,60,45,1,True,False
DXCM,2015-08-28,2015-09-11,23.21410063934326,23.90554079246521,39.59552257138322,919.1744458394776,946.5523800291786,0.9191744458394776,0.9465523800291786,25.512207363832204,60,45,14,True,False
LULU,2015-09-03,2015-09-11,66.08302805328368,54.57269847488404,13.672290943856597,903.506385995532,746.1338111399737,0.903506385995532,0.7461338111399737,-159.0222150526938,60,45,8,False,True
PANW,2015-09-11,2015-09-15,29.62813941478729,29.983333810806275,30.27130946786292,896.882577182013,907.6347766651544,0.896882577182013,0.9076347766651542,8.94768212929398,60,45,4,True,False
AVGO,2015-08-28,2015-09-16,12.559276950359344,13.382305438995362,73.18689200600664,919.1744458394778,979.4093429551488,0.9191744458394778,0.9794093429551488,58.33631332687639,60,45,19,True,False
KLAC,2015-09-15,2015-09-17,5.244621103048324,5.2773602097034455,172.2000092241628,903.1238023221604,908.7614767901632,0.9031238023221604,0.9087614767901632,3.82578918889044,60,45,2,True,False
AMZN,2015-08-28,2015-09-18,25.8879375,26.717635399818423,35.50589713218667,919.1744458394776,948.633614121222,0.9191744458394776,0.948633614121222,27.591360221783475,60,45,21,True,False
VRSN,2015-08-28,2015-09-22,69.2446040840149,70.19488835525513,13.274311522154676,919.1744458394776,931.7888152905244,0.9191744458394776,0.9317888152905244,10.763406189916624,60,45,25,True,False
NI,2015-09-18,2015-09-25,17.35867538166046,17.6611650762558,52.52407089981147,911.748296473146,927.6362866385338,0.911748296473146,0.9276362866385338,14.048605582276195,60,45,7,True,False
ACGL,2015-09-25,2015-09-28,24.022005228996274,24.04463899421692,37.74978333794724,906.825492737645,907.6799124708464,0.9068254927376452,0.9076799124708466,-0.9600856720070396,60,45,3,False,True
ELV,2015-09-17,2015-09-29,152.05598572540282,136.43175,5.995480175484912,911.6486479804691,817.9738524317136,0.9116486479804692,0.8179738524317136,-95.40441804916782,60,45,12,False,True
ES,2015-09-28,2015-09-29,48.85441683197021,49.18539408493042,18.47739723691968,902.7024665823686,908.8180647616988,0.9027024665823686,0.9088180647616988,4.304077647986219,60,45,1,True,False
KIM,2015-09-22,2015-10-05,23.941965305328367,24.92753053379059,37.93197641870722,908.166063379222,945.550500384349,0.908166063379222,0.945550500384349,35.530720441363314,60,45,13,True,False
MPWR,2015-09-16,2015-10-06,51.46571862602234,56.57169847488404,17.679909318583768,909.9092383238224,1000.1824990342134,0.9099092383238224,1.0001824990342134,88.36316897303288,60,45,20,True,False
EXR,2015-10-01,2015-10-06,77.46871530532836,78.15090744018555,11.501786968369736,891.0286601551708,898.8750887617956,0.8910286601551708,0.8988750887617957,6.056524857707927,60,45,5,True,False
CRM,2015-10-05,2015-10-06,74.12704133605956,75.05245133972169,12.128841945634766,899.0751682626014,910.2993199319286,0.8990751682626015,0.9102993199319286,9.41477718113265,60,45,1,True,False
BG,2015-10-05,2015-10-06,74.77736786270141,74.81257347488403,12.02335939282313,899.0751682626014,899.4984579905175,0.8990751682626015,0.8994984579905175,-1.3752838983369884,60,45,1,False,True
NEM,2015-10-06,2015-10-07,18.12906083965301,18.480754771232608,50.920359903270665,923.1383026634218,941.046684235251,0.9231383026634218,0.941046684235251,16.044196584930432,60,45,1,True,False
CTSH,2015-10-06,2015-10-08,64.84240255737305,65.47724713516236,14.236645563011365,923.1383026634218,932.1763599050078,0.9231383026634218,0.9321763599050078,7.182742579017486,60,45,2,True,False
AMT,2015-10-06,2015-10-08,93.44670152664185,93.82306774520876,9.878768191729412,923.1383026634218,926.856337291842,0.9231383026634218,0.926856337291842,1.868039988464829,60,45,2,True,False
UPS,2015-10-06,2015-10-08,101.95095152664184,102.15889408493042,9.054729640479982,923.1383026634218,925.0211663094748,0.9231383026634218,0.9250211663094748,0.034704177080016,60,45,2,True,False
NWSA,2015-10-07,2015-10-09,13.62680988550186,13.993,67.66803186799618,922.0994055912652,946.8787699288704,0.9220994055912652,0.9468787699288704,22.910386162085278,60,45,2,True,False
ON,2015-10-08,2015-10-09,10.255125,10.26486545753479,90.04431599106606,923.4157160278812,924.2927888640417,0.9234157160278812,0.9242927888640416,-0.9706356687315748,60,45,1,False,True
NWS,2015-10-08,2015-10-09,13.666829847335814,14.082955152511598,67.5661968680974,923.4157160278812,951.5317203191854,0.9234157160278812,0.9515317203191854,26.24105685495715,60,45,1,True,False
MTCH,2015-10-08,2015-10-09,20.447111909866333,20.629313362121582,45.16118071336549,923.4157160278812,931.644148739418,0.9234157160278812,0.931644148739418,6.373372846769598,60,45,1,True,False
APD,2015-10-09,2015-10-12,128.0751139526367,129.13059283447265,7.288043609724135,933.4170158072044,941.1093919271676,0.9334170158072044,0.9411093919271676,5.817849712228849,60,45,3,True,False
WY,2015-10-12,2015-10-19,28.784385457992556,29.3253301525116,32.435906398465804,933.6476324528066,951.1936639309732,0.9336476324528068,0.9511936639309732,15.661190181782672,60,45,7,True,False
APH,2015-10-19,2015-10-22,6.643319866418838,6.318089336872101,139.88189506064654,929.2801724087084,883.7863096041332,0.9292801724087084,0.8837863096041332,-47.30692928658789,60,45,3,False,True
WBD,2015-10-09,2015-10-23,28.944465305328368,29.67515553379059,32.24854928086622,933.4170158072044,956.9807156488158,0.9334170158072044,0.9569807156488158,21.67330211015542,60,45,14,True,False
CNP,2015-10-09,2015-10-23,18.759375,19.150419847488404,49.75736216196992,933.4170158072044,952.8743759052574,0.9334170158072044,0.9528743759052574,17.571068706340498,60,45,14,True,False
FTNT,2015-09-22,2015-10-26,8.988492206096648,7.004495897054673,101.03653010493105,908.166063379222,707.7099605726304,0.908166063379222,0.7077099605726304,-202.07197883054343,60,45,34,False,True
BEN,2015-10-23,2015-10-26,40.160069389343256,40.169903627395634,23.293893280393466,935.4843704885582,935.7134481802442,0.935484370488558,0.9357134481802444,-1.642120126982718,60,45,3,False,True
AMP,2015-10-23,2015-10-26,115.44769438934324,115.81206774520876,8.103101369297773,935.4843704885582,938.4369247274076,0.935484370488558,0.9384369247274076,1.0786329436333515,60,45,3,True,False
TT,2015-10-23,2015-10-26,43.4274455165863,43.83377359580994,21.54131700266062,935.4843704885582,944.2372124501968,0.935484370488558,0.9442372124501968,6.873120378699809,60,45,3,True,False
IT,2015-10-26,2015-10-27,88.14404847335815,88.17589122009278,10.261557454150651,904.4952176508046,904.82197382592,0.9044952176508048,0.90482197382592,-1.4825610163613874,60,45,1,False,True
WAT,2015-10-26,2015-10-28,124.22208366394042,127.41626335525514,7.281275526642647,904.4952176508048,927.7529200648736,0.9044952176508048,0.9277529200648736,21.425454276353094,60,45,2,True,False
HBAN,2015-10-26,2015-10-29,11.095545152664185,11.314339694976807,81.51877219242569,904.4952176508048,922.3310801025336,0.9044952176508048,0.9223310801025336,16.009036153975444,60,45,3,True,False
APH,2015-10-28,2015-10-29,6.739618048667907,6.782856989383698,133.99214965633786,903.055910203666,908.8495888190378,0.903055910203666,0.9088495888190378,3.981773116349132,60,45,1,True,False
MKTX,2015-10-29,2015-10-30,99.41968774795532,102.75859255981446,9.191084312559182,913.7747324197644,944.4628880571714,0.9137747324197646,0.9444628880571716,28.82991801693004,60,45,1,True,False
LKQ,2015-10-29,2015-10-30,29.344664923667903,29.87505438995361,31.13938205792088,913.7747324197644,930.290732649932,0.9137747324197646,0.930290732649932,14.671934765097715,60,45,1,True,False
DGX,2015-10-29,2015-11-02,66.31313877868652,68.11592652511597,13.779693575799458,913.7747324197644,938.6165951477684,0.9137747324197646,0.9386165951477684,22.9894714004364,60,45,4,True,False
FAST,2015-10-09,2015-11-03,9.74737155532837,10.049972805023192,95.76089415581528,933.4170158072044,962.394382050648,0.9334170158072044,0.962394382050648,27.08155484558563,60,45,25,True,False
TDY,2015-10-30,2015-11-04,89.06450664138794,92.25385305023194,10.3720889900303,923.7849887376204,956.8651735101838,0.9237849887376204,0.956865173510184,31.19953461031571,60,45,5,True,False
SMCI,2015-11-03,2015-11-04,2.953475902676582,2.990504102945328,316.5328160886109,934.8720447240706,946.5926852298298,0.9348720447240708,0.94659268522983,9.839175775805302,60,45,1,True,False
MELI,2015-11-03,2015-11-04,102.18106225204468,104.54769847488404,9.149171325094182,934.8720447240706,956.5248049910018,0.9348720447240708,0.9565248049910018,19.761363417216103,60,45,1,True,False
NTRS,2015-11-04,2015-11-05,71.78587499999999,72.35380438995362,13.232502703522156,949.9067850122034,957.4219122001746,0.9499067850122034,0.9574219122001746,5.607798490758796,60,45,1,True,False
STT,2015-11-04,2015-11-06,71.20558316802978,74.60267938995362,13.340341343327376,949.9067850122036,995.2252081887956,0.9499067850122036,0.9952252081887956,43.37329118339096,60,45,2,True,False
VMC,2015-11-05,2015-11-06,97.26861122131348,101.3093206100464,9.778592658001209,951.15012754271,990.6625787044902,0.95115012754271,0.9906625787044904,37.57063845553307,60,45,1,True,False
GRMN,2015-11-05,2015-11-06,36.63830893135071,37.06146183013916,25.96053571481376,951.15012754271,962.1354034845348,0.95115012754271,0.9621354034845346,9.071990410797298,60,45,1,True,False
VTRS,2015-10-30,2015-11-16,45.51274667930603,48.83557061004639,20.297280567284496,923.7849887376202,991.2292783355444,0.9237849887376204,0.9912292783355444,65.52927533085108,60,45,17,True,False
APO,2015-11-03,2015-11-17,18.82940969467163,17.731129771232606,49.64956734616178,934.8720447240704,880.3429217003475,0.9348720447240706,0.8803429217003474,-56.34433799014755,60,45,14,False,True
TDG,2015-11-13,2015-11-17,229.0644719467163,231.14436450958252,4.070935670528865,932.506729698746,940.9738385237856,0.932506729698746,0.9409738385237858,6.5936282568173965,60,45,4,True,False
AZN,2015-11-17,2015-11-18,66.43320152664184,67.06644847488404,14.354510958550952,953.616119325804,962.7060695838156,0.953616119325804,0.9627060695838158,7.173628069102051,60,45,1,True,False
HD,2015-11-18,2015-11-19,126.50322244262696,126.46673377990724,7.591301970245777,960.3241617711536,960.047165313958,0.9603241617711538,0.9600471653139578,-2.1973677842810275,60,45,1,False,True
MCO,2015-11-09,2015-11-23,102.40117347335814,104.49772805023194,9.352719461065888,957.7294479802608,977.3379347725752,0.9577294479802608,0.9773379347725752,17.673419409561575,60,45,14,True,False
DLTR,2015-11-23,2015-11-24,68.95445816802979,68.85555438995361,14.133360656836702,974.5582261855244,973.16038341965,0.9745582261855243,0.97316038341965,-3.345561375479633,60,45,1,False,True
CHD,2015-11-20,2015-11-27,43.031503320693965,43.59818893241883,22.62378094809669,973.5353049946758,986.3558761407772,0.973535304994676,0.9863558761407772,10.860679964965923,60,45,7,True,False
NXPI,2015-11-30,2015-12-01,88.54424999999999,92.67364122009278,11.036266760699505,977.1979631260668,1022.7710261903012,0.9771979631260668,1.0227710261903011,43.573094074918,60,45,1,True,False
LNT,2015-11-17,2015-12-02,29.494739542007444,30.599692271232605,32.33173556144242,953.616119325804,989.341158775006,0.953616119325804,0.989341158775006,33.78208217110125,60,45,15,True,False
T,2015-12-02,2015-12-07,25.51123862457275,25.57633011722565,37.90931026835417,967.1134603489492,969.5810339397584,0.9671134603489492,0.9695810339397584,0.5308790965202661,60,45,5,True,False
DPZ,2015-12-07,2015-12-08,109.88491683197022,109.24535305023194,8.836520009809968,971.000266362009,965.348748207129,0.9710002663620092,0.965348748207129,-7.587867169449169,60,45,1,False,True
LULU,2015-11-24,2015-12-10,51.86592015266418,44.707634542465215,18.71890138416021,970.8730445364486,836.877802119481,0.9708730445364486,0.836877802119481,-135.8029932636235,60,45,16,False,True
ODFL,2015-11-09,2015-12-14,21.764208804130558,19.64017461872101,44.00479046123177,957.7294479802608,864.2617687188206,0.9577294479802608,0.8642617687188205,-95.2896704781392,60,45,35,False,True
EMN,2015-12-01,2015-12-15,72.84640255737304,67.46625,13.19362630032387,961.108212664937,890.1244903842254,0.9611082126649372,0.8901244903842254,-72.83495498376078,60,45,14,False,True
CI,2015-12-15,2015-12-17,141.99095816802978,141.12939694976808,6.529348554620405,927.1084574835916,921.4830239884176,0.9271084574835916,0.9214830239884176,-7.474024976645978,60,45,2,False,True
ENPH,2015-12-16,2015-12-17,2.901450095415115,3.538229961872101,318.03436807703326,922.760847602394,1125.278730035219,0.922760847602394,1.1252787300352192,200.4698428551875,60,45,1,True,False
CNP,2015-12-17,2015-12-18,17.638814160346985,17.72113454246521,54.73269702528092,965.4198713235064,969.9254878569886,0.9654198713235064,0.9699254878569886,2.570271174301638,60,45,1,True,False
TMUS,2015-12-17,2015-12-24,39.19959030532837,40.17990076255799,24.628315342170243,965.4198713235064,989.5632663973846,0.9654198713235064,0.9895632663973848,22.18841193615731,60,45,7,True,False
AEP,2015-12-18,2015-12-24,57.23860408401489,58.11092938995362,16.785444046007523,960.7753861238097,975.4177537365606,0.9607753861238096,0.9754177537365606,12.706174472890552,60,45,6,True,False
ATO,2015-12-17,2015-12-29,63.3216459159851,64.40778244018556,15.246285174021242,965.4198713235064,981.9794185093868,0.9654198713235064,0.9819794185093867,14.612147896047418,60,45,12,True,False
WMT,2015-11-18,2015-12-30,20.02333903312683,20.543056615829467,47.960240806110455,960.3241617711536,985.2499421887418,0.9603241617711538,0.9852499421887418,22.980206313628173,60,45,42,True,False
STE,2015-12-24,2015-12-30,76.86841683197021,77.97099713516236,12.684834355560772,975.0631346877416,989.049183197438,0.9750631346877418,0.989049183197438,12.021936191811164,60,45,6,True,False
NDAQ,2015-12-29,2015-12-30,19.8565896692276,19.75345070075989,48.989256072841286,972.7595560391258,967.7068547017724,0.9727595560391258,0.9677068547017724,-6.993167748094379,60,45,1,False,True
WRB,2015-12-30,2016-01-05,16.574208560943603,15.784696705818178,59.21536661927923,981.447836360672,934.6966024091524,0.981447836360672,0.9346966024091524,-48.66737839028917,60,45,6,False,True
APTV,2015-12-30,2016-01-06,73.33085944747924,67.20024689865113,13.383831087696452,981.447836360672,899.3967535430442,0.981447836360672,0.8993967535430442,-83.93192740753136,60,45,7,False,True
MCHP,2015-12-30,2016-01-07,24.017001660346985,21.984003338813785,40.86471118420585,981.447836360672,898.3699471132423,0.981447836360672,0.8983699471132424,-84.95770703090352,60,45,8,False,True
KHC,2015-12-24,2016-01-19,74.84740255737304,69.97499713516235,13.027347661668326,975.0631346877416,911.5886153040052,0.9750631346877416,0.9115886153040051,-65.36117113372825,60,45,26,False,True
XEL,2016-01-08,2016-01-20,36.598291831970215,37.081448474884034,25.39689496159885,929.4829734304888,941.7536519405696,0.9294829734304888,0.9417536519405698,10.399441884709972,60,45,12,True,False
EQT,2016-01-11,2016-01-25,29.530272130966186,30.80114102649689,31.28333053905253,923.8052639811864,963.562275711874,0.9238052639811865,0.963562275711874,37.86964419099456,60,45,14,True,False
SYK,2016-01-25,2016-01-27,93.81688164138794,97.7710896949768,9.895709629868,928.3846191028688,967.51431381727,0.928384619102869,0.96751431381727,37.23379578148092,60,45,2,True,False
ELV,2016-01-25,2016-01-29,141.820875,127.71610877990724,6.546177486938146,928.3846191028688,836.052316014372,0.928384619102869,0.836052316014372,-94.0967400236142,60,45,4,False,True
AEE,2015-12-18,2016-02-01,43.811895915985104,44.707634542465215,21.92955511366636,960.7753861238094,980.4185357006448,0.9607753861238094,0.9804185357006449,17.70195565501092,60,45,45,True,False
HAS,2016-01-19,2016-02-01,72.67631938934326,73.94301335525513,12.603465356275688,915.9734736452148,931.9382071615886,0.9159734736452148,0.9319382071615886,14.116821835566952,60,45,13,True,False
ASML,2016-01-22,2016-02-01,91.26561122131348,90.97448664474489,10.095813481530096,921.4005881682212,918.461448743295,0.9214005881682212,0.918461448743295,-4.779001461837652,60,45,10,False,True
NVR,2016-01-27,2016-02-01,1637.808485229492,1643.0780744018557,0.5664218169885207,927.6904580829056,930.6752683566988,0.9276904580829056,0.9306752683566988,1.126444547353458,60,45,5,True,False
KDP,2016-02-01,2016-02-02,93.80688213729856,94.84255438995362,9.895058948752446,928.2246285472422,938.4726665388512,0.9282246285472422,0.9384726665388512,8.381340696522898,60,45,1,True,False
DECK,2016-02-01,2016-02-03,8.224110267162322,8.340827766895295,112.86626740080423,928.2246285472422,941.3980970824572,0.9282246285472422,0.9413980970824573,11.303845809585257,60,45,2,True,False
CMI,2016-02-02,2016-02-05,89.59477805328369,96.03196183013917,10.320626671140348,924.6742559716196,991.110026546066,0.9246742559716196,0.9911100265460662,64.51998629192894,60,45,3,True,False
CBOE,2016-02-01,2016-02-08,66.32314591598511,58.54071469497681,13.995485523606968,928.2246285472422,819.3057250551537,0.9282246285472422,0.8193057250551538,-110.6664338456909,60,45,7,False,True
BRO,2016-02-05,2016-02-09,15.712852423667908,15.712140266895297,58.50217119773865,919.2359824942224,919.1943197767916,0.9192359824942226,0.9191943197767916,-1.880093019702031,60,45,4,False,True
YUM,2016-02-02,2016-02-10,52.1971861667633,48.08522117996216,17.715021131932364,924.6742559716196,851.8307093366714,0.9246742559716196,0.8518307093366714,-74.62005160025649,60,45,8,False,True
UNP,2016-02-10,2016-02-17,78.05900664138794,78.68064122009278,11.333809847100357,884.7059381270348,891.7514262364577,0.8847059381270348,0.8917514262364578,5.269030745059467,60,45,7,True,False
OXY,2016-02-01,2016-02-18,67.45889111709594,71.17313586425782,13.759856012693996,928.2246285472422,979.3321014640946,0.9282246285472422,0.9793321014640948,49.19991618684105,60,45,17,True,False
MLM,2016-02-11,2016-02-18,128.25409744262694,138.85053816986084,6.857146676428696,879.4571580170715,952.1185063317972,0.8794571580170715,0.9521185063317972,70.82977265037675,60,45,7,True,False
CB,2016-02-17,2016-02-18,116.2981178627014,116.85154866027833,7.780548287886577,904.8631218210728,909.1691168656236,0.9048631218210728,0.9091691168656236,2.4919628058639773,60,45,1,True,False
MSCI,2016-02-18,2016-02-19,70.40518774795532,70.11492652511598,13.146578956476793,925.5873596740672,921.771417590006,0.9255873596740672,0.921771417590006,-5.6633008613250695,60,45,1,False,True
MAS,2016-02-18,2016-02-22,27.283635457992556,27.84607061004639,33.9246344607981,925.5873596740672,944.667766615397,0.9255873596740672,0.944667766615397,17.210151815040263,60,45,4,True,False
AJG,2016-02-19,2016-02-23,39.43970816802978,39.76010877990723,23.360010442303025,921.3119946465596,928.796556285737,0.9213119946465596,0.928796556285737,5.634453088245095,60,45,4,True,False
WST,2016-02-22,2016-02-23,59.52975,59.37030152511597,15.538479307362486,925.001788547462,922.524201719886,0.925001788547462,0.922524201719886,-4.325112817843319,60,45,1,False,True
TGT,2016-02-03,2016-02-24,73.89693061065674,74.35280438995362,12.474418905312186,921.8212682541192,927.5080287450164,0.9218212682541193,0.9275080287450164,3.8374311938979417,60,45,21,True,False
DG,2016-02-18,2016-02-25,72.61629183197022,75.53221469497682,12.746276852249922,925.5873596740672,962.7545197657544,0.9255873596740672,0.9627545197657544,35.278818212247415,60,45,7,True,False
TT,2016-02-23,2016-02-25,41.64222107505798,43.08162834167481,22.416662315054538,933.4796078884222,965.7463145180072,0.9334796078884222,0.9657463145180072,30.367480707178515,60,45,2,True,False
ORLY,2016-02-23,2016-02-25,17.259292905807495,17.642507188796998,54.08562291531191,933.4796078884222,954.205991093954,0.9334796078884222,0.954205991093954,18.83869760654943,60,45,2,True,False
LII,2016-02-24,2016-02-25,122.21107652664185,126.66663835525512,7.657822799446999,935.8707681706798,969.9906711261804,0.9358707681706798,0.9699906711261804,32.21404151620379,60,45,1,True,False
INTU,2016-02-25,2016-02-26,99.14954847335817,100.85954866027832,9.6270462540938,954.5172892255342,970.9795401195238,0.9545172892255342,0.9709795401195238,14.53675406464447,60,45,1,True,False
MHK,2016-02-25,2016-02-29,170.51520767211912,178.6506354904175,5.597842575196927,954.517289225534,1000.0581334342464,0.954517289225534,1.0000581334342464,43.586268786052415,60,45,4,True,False
ASML,2016-02-25,2016-03-01,89.46470816802979,92.91351908493044,10.66920474867911,954.5172892255342,991.3133590374268,0.9545172892255342,0.9913133590374268,34.85023916362957,60,45,5,True,False
PAYC,2016-02-25,2016-03-02,30.545265686988827,32.9835,31.2492711311437,954.5172892255342,1030.7103343540782,0.9545172892255342,1.0307103343540782,74.20781750496428,60,45,6,True,False
MCHP,2016-02-29,2016-03-02,22.351170152664185,22.438775762557984,43.93141985012578,981.9186401182902,985.767278947761,0.9819186401182902,0.9857672789477612,1.880952910404858,60,45,2,True,False
KR,2016-03-01,2016-03-02,40.38018061065674,40.6596603050232,24.26931924800891,979.9994945322876,986.7822764582032,0.9799994945322876,0.9867822764582032,4.81600015492495,60,45,1,True,False
IP,2016-03-02,2016-03-03,34.534302589416505,34.83105979728699,28.82828249473675,995.564630806418,1004.1196314272576,0.995564630806418,1.0041196314272576,6.555316358606092,60,45,1,True,False
TMO,2016-03-02,2016-03-03,134.90741633605955,137.681125,7.379613796223242,995.564630806418,1016.0335295295368,0.995564630806418,1.0160335295295368,18.45730056278296,60,45,1,True,False
BLDR,2016-03-02,2016-03-03,8.55427519083023,8.635680343151092,116.38211404206578,995.564630806418,1005.0387345274362,0.995564630806418,1.0050387345274363,7.47350035568445,60,45,1,True,False
BKR,2016-02-08,2016-03-04,43.15156606864929,46.64666316986085,20.828413877088487,898.7786775223555,971.576006487002,0.8987786775223555,0.971576006487002,70.92697428063718,60,45,25,True,False
ENPH,2016-03-03,2016-03-04,2.6513250954151157,3.2983499523401263,380.830123342462,1009.7044631079032,1256.111019176294,1.0097044631079033,1.256111019176294,244.1407405861064,60,45,1,True,False
APA,2016-03-03,2016-03-04,41.770875,45.60718606758118,24.17245181260635,1009.7044631079032,1102.4375075271778,1.0097044631079033,1.1024375075271775,90.62090244863953,60,45,1,True,False
GEN,2016-03-04,2016-03-07,16.738364542007446,16.801594466209412,64.48610347322943,1079.3919078285269,1083.4693592632193,1.0793919078285268,1.0834693592632194,1.9145901676008636,60,45,3,True,False
COP,2016-03-04,2016-03-07,38.93945816802978,41.229375000000005,27.71974646310649,1079.3919078285269,1142.8678218323412,1.0793919078285268,1.1428678218323411,61.25365427415363,60,45,3,True,False
CAH,2016-03-04,2016-03-08,83.45170866394042,83.43826335525513,12.934329627392437,1079.3919078285269,1079.218001774049,1.0793919078285268,1.0792180017740491,-2.3325159640801303,60,45,4,False,True
ELV,2016-03-03,2016-03-11,133.316625,138.33079389953613,7.573732556670282,1009.7044631079032,1047.6804373469636,1.0097044631079033,1.0476804373469637,35.91858933860544,60,45,8,True,False
NXPI,2016-03-11,2016-03-14,78.04900713729857,77.961,13.492573227191391,1053.0819441095846,1051.894501365068,1.0530819441095849,1.051894501365068,-3.2924191899912785,60,45,3,False,True
ABT,2016-03-14,2016-03-15,40.33015637397766,40.13991984748841,26.28220134937245,1059.9652902725577,1054.9654555793618,1.0599652902725576,1.0549654555793615,-7.114765439047687,60,45,1,False,True
ROP,2016-03-15,2016-03-16,174.0369719467163,175.58216316986085,6.1160126842611575,1064.41232795652,1073.862737076881,1.06441232795652,1.0738627370768812,7.312134055327533,60,45,1,True,False
KKR,2016-03-08,2016-03-17,13.816905419826506,14.322834923744203,77.59499942072175,1072.122768047605,1111.380367611025,1.0721227680476049,1.1113803676110248,37.07409642776111,60,45,9,True,False
EXR,2016-03-16,2016-03-17,87.76386122131348,90.01496755981445,12.086507244267729,1060.7585444363128,1087.9665575042218,1.0607585444363128,1.087966557504222,25.05928796596845,60,45,1,True,False
CTSH,2016-03-17,2016-03-28,58.59928469467162,60.219875,18.58297040827996,1088.9487734274558,1119.0641551153185,1.088948773427456,1.1190641551153182,27.907368759319752,60,45,11,True,False
WMB,2016-03-07,2016-03-29,19.32965969467163,14.902544847488404,56.39736269542553,1090.1418285795442,840.4642268486484,1.090141828579544,0.8404642268486484,-251.608207786324,60,45,22,False,True
NFLX,2016-03-07,2016-03-30,10.10505038166046,10.459767652511598,107.88088999120974,1090.1418285795442,1128.409043454218,1.090141828579544,1.128409043454218,36.04866400263995,60,45,23,True,False
COST,2016-02-26,2016-03-31,153.16654133605957,157.88102671051027,6.282116963639349,962.2101275892272,991.8270761348938,0.9622101275892274,0.9918270761348938,27.66291134194239,60,45,34,True,False
CRL,2016-03-30,2016-04-04,76.11804183197022,77.49123377990723,14.135842753591657,1075.9926700480428,1095.4038954945786,1.0759926700480429,1.0954038954945786,17.239828880993173,60,45,5,True,False
TYL,2016-04-04,2016-04-05,133.42668061065672,134.51271183013918,8.132023742808133,1085.028934649938,1093.8605663122005,1.085028934649938,1.0938605663122003,6.652742161300012,60,45,1,True,False
REGN,2016-04-04,2016-04-07,403.89184744262695,424.7875,2.686434354939702,1085.028934649938,1141.1637335489486,1.085028934649938,1.1411637335489486,53.90860623081176,60,45,3,True,False
MTB,2016-03-21,2016-04-14,112.23609030532836,115.1224103050232,9.817104953574791,1101.8334781063068,1130.168784472913,1.1018334781063068,1.1301687844729131,26.103304104027075,60,45,24,True,False
BBY,2016-04-19,2016-04-20,32.766375,32.94351908493042,33.638788034532475,1102.2211432850038,1108.1800556095498,1.1022211432850038,1.1081800556095498,3.748511125651248,60,45,1,True,False
BKR,2016-04-19,2016-04-21,45.842909694671626,46.556711830139164,24.043437701187543,1102.2211432850038,1119.3834004600922,1.1022211432850038,1.1193834004600922,14.940652631343257,60,45,2,True,False
CF,2016-04-20,2016-04-21,33.93695816802978,34.9825,32.58719116103163,1105.9101432455204,1139.9814147907891,1.1059101432455205,1.1399814147907892,31.82537998723251,60,45,1,True,False
MOS,2016-04-20,2016-04-22,28.51425,28.785599237442018,38.78447243906189,1105.9101432455204,1116.434280266451,1.1059101432455205,1.116434280266451,8.301792597418626,60,45,2,True,False
UAL,2016-04-21,2016-04-22,55.34765969467163,51.17440076255799,20.09384826448944,1112.1474756993296,1028.2906439490127,1.1121474756993297,1.0282906439490127,-85.9972698699653,60,45,1,False,True
FFIV,2016-04-22,2016-04-25,102.8413959159851,103.8780353050232,10.66481981122994,1096.78495657934,1107.8405288726549,1.09678495657934,1.1078405288726547,8.850946807862783,60,45,3,True,False
ANET,2016-04-27,2016-04-28,4.09329556775093,4.130433921575547,267.9877384896729,1096.9530221713735,1106.9056456240617,1.0969530221713737,1.1069056456240618,7.748764784892728,60,45,1,True,False
KDP,2016-04-29,2016-05-03,90.5352428627014,91.8440543899536,12.12074227669219,1097.35434569654,1113.2181129071278,1.09735434569654,1.1132181129071277,13.653194751984302,60,45,4,True,False
CLX,2016-05-03,2016-05-04,129.9449448852539,128.94548950958253,8.445951778819074,1097.5087384021567,1089.0673864941548,1.097508738402157,1.089067386494155,-10.627928032898351,60,45,1,False,True
CI,2016-04-25,2016-05-09,141.57075,130.63464694976807,7.759760726992776,1098.5551459409126,1013.693602985377,1.0985551459409126,1.013693602985377,-86.97379170446197,60,45,14,False,True
O,2016-05-05,2016-05-09,60.156031917572015,61.74236776733399,18.143453525826928,1091.438169394629,1120.2197801611387,1.0914381693946291,1.1202197801611389,26.5699528169539,60,45,4,True,False
FRT,2016-05-06,2016-05-09,155.67780610656737,157.75108683013917,7.000350248842965,1089.7991687174358,1104.312859946613,1.0897991687174358,1.104312859946613,12.31957920051309,60,45,3,True,False
MO,2016-05-04,2016-05-10,62.971468626022336,63.948009542465215,17.38160365223486,1094.5451090566626,1111.518956216463,1.0945451090566627,1.1115189562164631,14.767783094527204,60,45,6,True,False
TSN,2016-05-09,2016-05-10,69.58477805328369,68.83556774520875,15.636400972302551,1088.0554912098223,1076.3405384201803,1.0880554912098224,1.0763405384201803,-13.879348819272082,60,45,1,False,True
XEL,2016-05-05,2016-05-11,40.92045152664184,41.419278627395634,26.672192722116783,1091.438169394629,1104.742981960949,1.0914381693946291,1.104742981960949,11.108631414964291,60,45,6,True,False
CTSH,2016-05-09,2016-05-11,60.60028469467163,61.529221372604376,17.95462672645647,1088.0554912098223,1104.7342025146193,1.0880554912098224,1.1047342025146192,14.4859216110724,60,45,2,True,False
AXON,2016-05-11,2016-05-12,19.339664923667907,19.86006583881378,56.69124579417117,1096.389697764568,1125.8918739566143,1.096389697764568,1.1258918739566144,27.279894620325194,60,45,1,True,False
CMS,2016-05-11,2016-05-13,41.780878320693965,42.04896469497681,26.24142291478657,1096.389697764568,1103.4246656898158,1.096389697764568,1.103424665689816,4.835153561793504,60,45,2,True,False
CME,2016-05-13,2016-05-19,95.0475,96.45175,11.57337683716617,1100.0205349305515,1116.2724493541425,1.1000205349305516,1.1162724493541425,14.035621439305942,60,45,6,True,False
CDW,2016-05-11,2016-05-23,41.51074667930603,41.37930152511597,26.412189263536927,1096.389697764568,1092.9179434743253,1.096389697764568,1.0929179434743252,-5.661061931481527,60,45,12,False,True
CSCO,2016-05-23,2016-05-25,27.793890686988828,28.565709923744205,38.8737574797799,1080.4529659855168,1110.456479813374,1.0804529659855169,1.110456479813374,27.812604382058225,60,45,2,True,False
NFLX,2016-05-25,2016-05-26,9.904949618339538,10.315839599132538,110.14929672868732,1091.02323459318,1136.2824770103928,1.09102323459318,1.1362824770103928,43.03193670560927,60,45,1,True,False
WMT,2016-05-20,2016-05-27,23.12155561065674,23.608190838813783,46.80309770605662,1082.1604263615889,1104.9364624922323,1.082160426361589,1.1049364624922322,20.588939241789603,60,45,7,True,False
INTC,2016-05-26,2016-05-27,31.505744771003723,31.584200381278997,34.92729392997148,1100.410408099509,1103.150650260049,1.100410408099509,1.1031506502600488,0.5366811021801823,60,45,1,True,False
COST,2016-05-27,2016-06-02,150.31512549591065,149.97497805023195,7.354753227699285,1105.530654413072,1103.028953889073,1.105530654413072,1.103028953889073,-4.7102601323013005,60,45,6,False,True
HUM,2016-06-02,2016-06-03,177.89890255737305,186.8065438995361,6.212703913999732,1105.2332082144485,1160.573746445411,1.1052332082144485,1.160573746445411,53.0747312763026,60,45,1,True,False
UDR,2016-05-11,2016-06-06,37.3086459159851,33.91303530502319,29.387013943993438,1096.389697764568,996.6028413918582,1.096389697764568,0.9966028413918582,-101.87984891186623,60,45,26,False,True
PNW,2016-05-17,2016-06-06,74.30713164138794,75.73211164474488,14.825951282288647,1101.6739136418269,1122.8005977498324,1.101673913641827,1.1228005977498323,18.90220959661383,60,45,20,True,False
IP,2016-06-03,2016-06-07,40.6453125,40.97381894302369,27.433037165922816,1115.0243684330471,1124.036297893761,1.1150243684330472,1.124036297893761,6.772868794387023,60,45,4,True,False
CAT,2016-06-06,2016-06-07,75.39768061065674,76.49173377990724,14.788652019227914,1115.03006160789,1131.2096332184692,1.11503006160789,1.1312096332184691,13.93333191575266,60,45,1,True,False
TER,2016-05-31,2016-06-08,19.799895915985108,19.890049618721008,55.848026051746906,1105.7851029378137,1110.8200092768695,1.1057851029378134,1.1108200092768696,2.818301226841413,60,45,8,True,False
AEP,2016-05-13,2016-06-09,65.60278469467163,66.17689408493042,16.76789392478178,1100.0205349305515,1109.6471402876325,1.1000205349305516,1.1096471402876322,7.416937681862464,60,45,27,True,False
KIM,2016-06-06,2016-06-09,28.86442538166046,29.205389313697815,38.62990677501395,1115.03006160789,1128.2014665161353,1.11503006160789,1.1282014665161353,10.928173380121052,60,45,3,True,False
CF,2016-06-08,2016-06-22,31.98598431301117,27.48625,34.84849244066509,1114.663332539202,957.8543753472308,1.114663332539202,0.9578543753472308,-158.8814748998576,60,45,14,False,True
GPC,2016-06-23,2016-06-24,99.0495,96.11192366027832,10.819225352387017,1071.6388615412577,1039.8565611319689,1.0716388615412578,1.039856561131969,-33.89379583196205,60,45,1,False,True
EMR,2016-06-07,2016-06-27,53.73685408401489,50.35481106758118,20.799070037831385,1117.6765917061512,1047.333242136388,1.117676591706151,1.047333242136388,-72.50835940360571,60,45,20,False,True
BA,2016-06-09,2016-06-27,132.16605610656737,125.6171603050232,8.418825942084712,1112.683021812993,1057.5490079469432,1.112683021812993,1.0575490079469432,-57.3042458958098,60,45,18,False,True
APTV,2016-06-24,2016-06-27,55.92065417861938,51.29035151672363,19.4391270425499,1087.048700880681,997.0396591906326,1.087048700880681,0.9970396591906326,-92.0931300501196,60,45,3,False,True
UDR,2016-06-29,2016-06-30,36.22810408401489,36.38180152511597,27.84368372370971,1008.7238720249466,1013.0033749641084,1.0087238720249465,1.0130033749641083,2.2577756921729133,60,45,1,True,False
ESS,2016-06-29,2016-06-30,225.362625,224.8875,4.4760033835466135,1008.7238720249466,1006.5972109173392,1.0087238720249465,1.0065972109173391,-4.141982190549697,60,45,1,False,True
EXR,2016-06-29,2016-07-01,91.67581225204468,92.58368225479128,11.00316263630867,1008.7238720249466,1018.7133133177932,1.0087238720249465,1.0187133133177937,7.962004107504072,60,45,2,True,False
WRB,2016-06-30,2016-07-01,17.128560839653016,17.697813612937928,58.47372322837924,1001.5707258383256,1034.8570549503747,1.0015707258383255,1.0348570549503748,31.249901331260503,60,45,1,True,False
PSA,2016-06-30,2016-07-06,254.4671663360596,259.2003215789795,3.935952682066696,1001.5707258383256,1020.2002009113344,1.0015707258383255,1.0202002009113345,16.607704146259266,60,45,6,True,False
MELI,2016-07-01,2016-07-08,141.13052755737303,144.09791316986085,7.238581195208647,1021.584782846676,1043.064444540163,1.0215847828466762,1.0430644445401631,19.415012466100396,60,45,7,True,False
PM,2016-07-06,2016-07-11,102.35115305328368,102.92851335525512,9.88465963600058,1011.7063112839106,1017.413321356237,1.0117063112839106,1.017413321356237,3.67789043968628,60,45,5,True,False
FICO,2016-07-08,2016-07-12,116.058,116.00196755981446,8.739259266164954,1014.2609519125722,1013.7712698904749,1.0142609519125725,1.0137712698904748,-2.5177142439004,60,45,4,False,True
DVA,2016-07-11,2016-07-12,78.39918061065673,78.55070133972168,13.015773136561249,1020.4259489205992,1022.398108355595,1.0204259489205991,1.022398108355595,-0.0706646222803328,60,45,1,False,True
SBUX,2016-06-30,2016-07-13,56.838406373977655,56.77159923744202,17.621372408795665,1001.5707258383256,1000.3934924058658,1.0015707258383255,1.0003934924058655,-3.179197650703941,60,45,13,False,True
CPAY,2016-07-13,2016-07-15,150.13502755737304,151.9140104904175,6.842095707054128,1027.2382275287553,1039.4101990178613,1.0272382275287553,1.0394101990178612,10.105323062559592,60,45,2,True,False
TSLA,2016-07-12,2016-07-19,14.947469580173491,14.9925,68.92662361099016,1030.2786096893433,1033.38240448777,1.0302786096893433,1.0333824044877702,1.040133784249747,60,45,7,True,False
ENPH,2016-06-07,2016-07-20,2.281139971375465,1.8190900524258613,489.96405557359225,1117.6765917061512,891.2887395401536,1.117676591706151,0.8912887395401536,-228.3968174972439,60,45,43,False,True
BAC,2016-07-19,2016-07-20,14.067030419826509,14.342825381278992,71.9826097951423,1012.5815616867682,1032.4340027804687,1.0125815616867682,1.0324340027804688,17.807425529233342,60,45,1,True,False
V,2016-07-20,2016-07-21,78.78937499999999,79.40028244018555,12.795221394640173,1008.1274966703274,1015.9441926191346,1.0081274966703275,1.0159441926191346,5.792624259517652,60,45,1,True,False
TFC,2016-07-15,2016-07-25,36.97847908401489,36.781599237442016,27.428172613567988,1014.252107303574,1008.8520528876404,1.014252107303574,1.0088520528876403,-7.42315857612482,60,45,10,False,True
NOW,2016-07-21,2016-07-29,14.487239542007446,15.172410305023194,69.87636355189373,1012.3156171006827,1060.1928584322995,1.0123156171006829,1.0601928584322995,45.80473285608366,60,45,8,True,False
HRL,2016-07-01,2016-08-01,36.75837167930603,37.33132347488404,27.791894367883568,1021.584782846676,1037.5081986272694,1.0215847828466762,1.0375081986272694,13.86432279911935,60,45,31,True,False
EPAM,2016-07-25,2016-08-02,70.34515255737304,71.26435305023193,14.3693732762304,1010.8157552702668,1024.024090267851,1.0108157552702668,1.024024090267851,11.173495152046144,60,45,8,True,False
BKNG,2016-07-12,2016-08-04,54.50723954200744,54.308830535888674,18.901683856056074,1030.2786096893433,1026.528345381492,1.0302786096893433,1.026528345381492,-5.807071262921909,60,45,23,False,True
ZBRA,2016-08-02,2016-08-04,53.76687167930603,55.972,19.07240980310729,1025.4638104988082,1067.5209214995216,1.0254638104988083,1.0675209214995216,39.96412626871506,60,45,2,True,False
WBD,2016-08-03,2016-08-04,26.823404465675356,26.7466202287674,37.97900095517321,1018.7261038228816,1015.8099152160122,1.0187261038228816,1.0158099152160125,-4.950724625908379,60,45,1,False,True
FSLR,2016-08-04,2016-08-05,49.50473954200744,44.117929389953616,20.808166080486867,1030.1028421613362,918.0132018733476,1.0301028421613363,0.9180132018733476,-114.03775633202338,60,45,1,False,True
TPL,2016-08-05,2016-08-08,19.266294516563413,19.434722434043884,52.30879430450222,1007.7966368768746,1016.6068981674964,1.0077966368768745,1.0166068981674965,6.785857755577354,60,45,3,True,False
GDDY,2016-08-05,2016-08-08,32.016,33.05346469497681,31.47790594942762,1007.7966368768746,1040.4538529712063,1.0077966368768745,1.0404538529712064,30.60896560448361,60,45,3,True,False
KHC,2016-08-08,2016-08-10,88.75435408401489,89.72511164474487,11.420410183565568,1013.6111292168678,1024.6975787492015,1.0136111292168677,1.024697578749202,9.04814082436792,60,45,2,True,False
TAP,2016-08-01,2016-08-29,102.21108366394044,101.3792853050232,10.02691963886371,1024.862322099506,1016.5219467989044,1.024862322099506,1.0165219467989044,-10.381759569500105,60,45,28,False,True
NTRS,2016-08-08,2016-08-30,69.33465305328369,69.76510305023194,14.619113020409976,1013.6111292168678,1019.9039263718894,1.0136111292168677,1.0199039263718894,4.25928209943288,60,45,22,True,False
NFLX,2016-08-08,2016-09-07,9.59579510307312,10.005994179725649,105.63075996612848,1013.6111292168677,1056.9407694210784,1.0136111292168677,1.0569407694210784,41.25908830557273,60,45,30,True,False
RCL,2016-08-08,2016-09-08,74.53725,66.83656774520874,13.59871915340139,1013.6111292168678,908.8917139443796,1.0136111292168677,0.9088917139443796,-106.64191811564945,60,45,31,False,True
MOH,2016-09-08,2016-09-09,55.0275,56.6516603050232,18.08718050721367,995.2923253607,1024.668805970306,0.9952923253607,1.024668805970306,27.35651947827489,60,45,1,True,False
ROK,2016-08-11,2016-09-12,119.0094719467163,112.3038206100464,8.369085659497399,996.0004650136216,939.8802945743076,0.9960004650136216,0.9398802945743076,-58.05605119890174,60,45,32,False,True
SYK,2016-09-07,2016-09-12,116.49822244262694,110.16489122009278,8.600296288847463,1001.9192301306508,947.4507051214484,1.0019192301306508,0.9474507051214484,-56.41789494445436,60,45,5,False,True
INCY,2016-09-21,2016-09-22,85.3326459159851,87.76609255981445,11.55896334957114,986.3569266648032,1014.4850472339637,0.9863569266648032,1.0144850472339637,26.127278595261718,60,45,1,True,False
PNW,2016-09-22,2016-09-23,78.83940305328369,79.02046755981446,12.617635403686233,994.7668431706006,997.0514490985544,0.9947668431706006,0.9970514490985544,0.2927876356844763,60,45,1,True,False
SO,2016-09-22,2016-09-23,53.38668061065673,53.303336830139166,18.633240197593988,994.7668431706006,993.2138784892412,0.9947668431706006,0.9932138784892413,-3.5409454030192364,60,45,1,False,True
AEE,2016-09-22,2016-09-23,51.36567015266418,51.194391220092776,19.3663752505136,994.7668431706006,991.4497910899154,0.9947668431706006,0.9914497910899154,-5.30326871494583,60,45,1,False,True
ARE,2016-09-23,2016-09-26,112.3861668319702,112.85354866027832,8.826136426354145,991.9356408939664,996.0608166738124,0.9919356408939664,0.9960608166738124,2.137179322278371,60,45,3,True,False
PLD,2016-09-23,2016-09-26,54.08703137397766,54.46275667762757,18.339620713057037,991.9356408939664,998.826300455204,0.9919356408939664,0.998826300455204,4.899897619888293,60,45,3,True,False
WEC,2016-09-23,2016-09-26,62.64130561065674,62.78858969497681,15.835168683412869,991.9356408939664,994.2679092135568,0.9919356408939664,0.9942679092135568,0.346064769482723,60,45,3,True,False
UDR,2016-09-26,2016-09-27,36.64831606864929,36.94151908493042,27.110103344034503,993.5396360059224,1001.4884000780866,0.9935396360059224,1.0014884000780866,5.953736036080159,60,45,1,True,False
PWR,2016-09-26,2016-09-27,26.13306083965301,26.316834923744203,38.018494737454354,993.5396360059224,1000.526450054824,0.9935396360059224,1.000526450054824,4.992747962840667,60,45,1,True,False
ES,2016-09-26,2016-10-04,56.26812167930603,53.25335877990723,17.657238350135312,993.5396360059226,940.307248922093,0.9935396360059228,0.940307248922093,-55.16623396875764,60,45,8,False,True
DOC,2016-09-27,2016-10-05,36.08360743331909,33.653475818634035,27.57539702362851,995.0198010185268,928.007956923915,0.9950198010185268,0.928007956923915,-68.93487185255424,60,45,8,False,True
MAA,2016-09-27,2016-10-05,97.66881274795531,90.85455152511597,10.18769219183897,995.0198010185268,925.5982051654552,0.9950198010185268,0.9255982051654552,-71.34221385925548,60,45,8,False,True
TXN,2016-10-06,2016-10-07,70.47522244262694,70.9645,13.530098871105782,953.5367276119156,960.1567013385862,0.9535367276119158,0.9601567013385862,4.7062802977200136,60,45,1,True,False
KLAC,2016-10-07,2016-10-10,7.2256111221313475,7.295350286483765,131.7887872948395,952.2545272497948,961.4453671467552,0.9522545272497948,0.9614453671467552,7.277140002563897,60,45,3,True,False
SWK,2016-10-06,2016-10-12,124.49221530532836,122.6186603050232,7.659408464001392,953.5367276119156,939.1864045848062,0.9535367276119158,0.9391864045848062,-16.243046159306232,60,45,6,False,True
RL,2016-10-11,2016-10-17,103.88191683197022,97.53121183013916,9.125520808091268,947.9765936345508,890.0231029942922,0.9479765936345508,0.8900231029942922,-59.79149033688736,60,45,6,False,True
HAS,2016-10-18,2016-10-21,82.12104183197022,81.66914408493042,11.327291044956004,930.2089417457336,925.090164442454,0.9302089417457337,0.925090164442454,-6.974076409467898,60,45,3,False,True
VRSN,2016-09-06,2016-10-24,79.09952755737304,81.58918225479127,12.73784314698025,1007.5573750260596,1039.2702060519157,1.0075573750260596,1.0392702060519154,29.666003444777857,60,45,48,True,False
FE,2016-10-24,2016-10-26,33.366673473358155,33.58319847488404,28.30768735058241,944.5333606127942,950.6626826595732,0.9445333606127942,0.9506626826595732,4.234126003506731,60,45,2,True,False
MTB,2016-10-21,2016-10-27,117.7588469467163,120.84954866027832,7.911894760873505,931.6956042042297,956.1489108991838,0.9316956042042296,0.9561489108991836,22.56546217985067,60,45,6,True,False
KR,2016-10-13,2016-11-03,31.08553469467163,32.20389122009278,30.358236066601958,943.7020005173866,977.6533319227466,0.9437020005173866,0.9776533319227466,32.029976072919794,60,45,21,True,False
ESS,2016-11-03,2016-11-07,215.21755561065672,222.138875,4.4246050068571305,952.2526741184646,982.8767785426104,0.9522526741184646,0.9828767785426104,28.68897497148464,60,45,4,True,False
UPS,2016-09-28,2016-11-08,109.81488213729858,109.5551956100464,8.9656448502829,984.5612325186946,982.2329753429482,0.9845612325186948,0.9822329753429482,-4.295051383608097,60,45,41,False,True
BDX,2016-11-07,2016-11-08,135.7635112838745,135.99578034973146,7.021197598323565,953.2224393663138,954.8532463736736,0.9532224393663138,0.9548532463736736,-0.2772686783800964,60,45,1,False,True
ADI,2016-10-26,2016-11-09,63.60178469467163,63.04846183013916,14.90102489706722,947.7317772332108,939.486699452696,0.9477317772332108,0.939486699452696,-10.132296257200778,60,45,14,False,True
FAST,2016-11-08,2016-11-10,10.150072957992553,10.984504771232606,94.9827002047785,964.0813368256358,1043.3379235839457,0.964081336825636,1.0433379235839455,77.2491674979002,60,45,2,True,False
AES,2016-11-08,2016-11-14,12.446219580173493,11.18440458059311,77.45977247271072,964.081336825636,866.3414340554859,0.964081336825636,0.8663414340554859,-99.57032554103114,60,45,6,False,True
DVN,2016-11-10,2016-11-16,43.54176045799255,44.75760877990723,22.36455456397492,973.7920775743,1000.983983711278,0.9737920775743,1.000983983711278,25.217130075692467,60,45,6,True,False
BLDR,2016-11-16,2016-11-18,10.57528469467163,11.154419847488404,90.88154601076948,961.098222555786,1013.7309205929575,0.961098222555786,1.0137309205929577,50.65786889402296,60,45,2,True,False
PAYX,2016-11-14,2016-11-22,56.87842347335816,57.281346372604375,16.673491261805985,948.3618967683376,955.080028208101,0.9483618967683376,0.955080028208101,4.8146895147870055,60,45,8,True,False
CPB,2016-11-09,2016-11-23,54.44720816802978,56.8115801525116,17.677902511590847,962.5124380227234,1004.3095754655296,0.9625124380227232,1.0043095754655296,39.830315429318034,60,45,14,True,False
VZ,2016-11-23,2016-11-25,49.32464923667907,50.19489122009278,19.767216785187312,975.0110343147592,992.2132962564692,0.9750110343147592,0.9922132962564691,15.235037611138864,60,45,2,True,False
CB,2016-10-27,2016-11-30,127.33363164138794,128.87553244018557,7.468854813858282,951.0364076508376,962.5526408544292,0.9510364076508376,0.9625526408544292,9.602644155086296,60,45,34,True,False
YUM,2016-11-25,2016-11-30,63.161566068649286,63.50823091506958,15.523404116876536,980.4825147384396,985.8639332425367,0.9804825147384396,0.9858639332425368,3.4150720561161734,60,45,5,True,False
FANG,2016-11-22,2016-12-01,102.07100664138794,111.1244103050232,9.501240178412896,969.8011493522048,1055.8197119925264,0.9698011493522048,1.0558197119925266,83.99294177897696,60,45,9,True,False
MAS,2016-11-18,2016-12-02,32.176079847335814,30.224879771232608,30.174928378684957,970.9109049002064,912.0335823513076,0.9709109049002064,0.9120335823513076,-60.76026703615037,60,45,14,False,True
XOM,2016-12-01,2016-12-08,88.02399335861206,88.00597805023195,11.265803927906564,991.6610501294732,991.458093197562,0.9916610501294733,0.991458093197562,-2.1860760752382475,60,45,7,False,True
WMB,2016-12-06,2016-12-08,31.105545152664185,31.52423091506958,31.552158751274685,981.4470987018032,994.6575383441168,0.9814470987018032,0.9946575383441169,11.234335005267669,60,45,2,True,False
RVTY,2016-12-08,2016-12-09,52.65631606864929,52.9735,18.84862125531937,992.4989582783578,998.4774380686606,0.992498958278358,0.9984774380686606,3.9875033939557625,60,45,1,True,False
MO,2016-11-30,2016-12-12,64.76236835861205,66.26685305023194,15.02861352187563,973.2886048229276,995.8989238028612,0.9732886048229276,0.9958989238028612,20.64113145130773,60,45,12,True,False
MSFT,2016-12-08,2016-12-12,61.33064923667907,61.78908969497681,16.1827564297948,992.4989582783578,999.9177885525536,0.992498958278358,0.9999177885525536,5.426413527364844,60,45,4,True,False
EW,2016-12-12,2017-01-04,30.03167474555969,31.8240801525116,33.12957635891069,994.9366616689896,1054.318293464727,0.9949366616689896,1.054318293464727,57.332376840603615,60,45,23,True,False
HSIC,2016-11-03,2017-01-05,61.23060076332092,61.25563081932068,15.551908069614994,952.2526741184646,952.64193924835,0.9522526741184646,0.9526419392483502,-1.5156294834812345,60,45,63,False,True
CVS,2016-12-07,2017-01-06,79.27961786270141,81.36929866027832,12.430427101901238,985.4795105088972,1011.4551353294196,0.9854795105088971,1.0114551353294197,23.97869017468429,60,45,30,True,False
V,2017-01-05,2017-01-06,80.38016633605956,81.25935305023194,12.490460379642304,1003.98528292961,1014.966729749288,1.00398528292961,1.014966729749288,8.962494806999075,60,45,1,True,False
CRM,2017-01-05,2017-01-09,72.84640255737304,74.01297805023194,13.782221876212516,1003.98528292961,1020.0632852075432,1.00398528292961,1.0200632852075433,14.05395370979602,60,45,4,True,False
WTW,2017-01-06,2017-01-09,127.0534928627014,126.2968206100464,7.953518804653787,1010.5223446804412,1004.50413768999,1.0105223446804412,1.00450413768999,-8.033233472821735,60,45,3,False,True
CMS,2017-01-06,2017-01-09,41.770875,42.17890076255799,24.192032000297846,1010.5223446804412,1020.39331698519,1.0105223446804412,1.02039331698519,7.84005664308313,60,45,3,True,False
VRSN,2017-01-09,2017-01-10,80.72034030532836,81.48923377990724,12.515482286811562,1010.2539892767384,1019.8770619382752,1.0102539892767386,1.019877061938275,7.592941610321873,60,45,1,True,False
FTNT,2017-01-10,2017-01-11,6.295145816802978,6.446774809360504,160.1983864457784,1008.4722022927288,1032.7629222388434,1.0084722022927288,1.0327629222388437,22.24948482158311,60,45,1,True,False
NOW,2017-01-09,2017-01-12,16.368180610656736,16.595698091506957,61.72060373154719,1010.2539892767384,1024.2965055542948,1.0102539892767386,1.0242965055542947,12.00796578272525,60,45,3,True,False
DHI,2016-12-09,2017-01-25,29.47472908401489,30.894544847488405,33.4942951383513,987.2352750629416,1034.791003286807,0.9872352750629416,1.0347910032868068,45.53370194551576,60,45,47,True,False
KO,2016-12-12,2017-01-26,42.021,42.008983779907226,23.677129570190843,994.9366616689896,994.6521520689088,0.9949366616689896,0.9946521520689088,-2.274098413818592,60,45,45,False,True
WYNN,2017-01-11,2017-01-26,94.36715969467164,95.952,10.72818206110644,1012.3880697939428,1029.390525127285,1.012388069793943,1.029390525127285,14.96067673842083,60,45,15,True,False
MKTX,2017-01-25,2017-01-26,170.7453336639404,176.90151049041748,6.052159407851456,1033.377977480953,1070.6361409777132,1.033377977480953,1.0706361409777132,35.154149378301554,60,45,1,True,False
JCI,2017-01-12,2017-01-27,44.21209362602234,44.60768606758118,22.981438100620867,1016.0574929652868,1025.1487761740448,1.0160574929652868,1.0251487761740448,7.050076939618634,60,45,15,True,False
LYV,2017-01-26,2017-01-31,28.134060839653014,28.185900762557985,37.15590601662762,1045.346520424231,1047.2726797275973,1.045346520424231,1.0472726797275973,-0.1664598967852271,60,45,5,False,True
VTRS,2017-02-02,2017-02-03,38.27912832069397,39.25036545753479,27.25573822097937,1043.3259008361126,1069.7976859883397,1.0433259008361129,1.0697976859883396,24.35866156540237,60,45,1,True,False
MCD,2017-01-31,2017-02-06,123.08150664138792,124.02795133972168,8.489293140081628,1044.874990001646,1052.9096364866773,1.044874990001646,1.0529096364866772,5.936861858542898,60,45,6,True,False
EFX,2017-01-09,2017-02-08,121.0605,121.07942938995362,8.34503400594528,1010.2539892767384,1010.4119556796132,1.0102539892767386,1.0104119556796132,-1.8626995420816,60,45,30,False,True
PEP,2017-02-06,2017-02-08,105.15254847335817,105.44725,10.007401598950542,1052.3037817260088,1055.2529782549375,1.0523037817260088,1.0552529782549378,0.8416397689479709,60,45,2,True,False
ALLE,2017-02-06,2017-02-10,67.15356274795532,71.76410305023194,15.670110991364329,1052.3037817260088,1124.5514599928415,1.0523037817260088,1.1245514599928417,70.07082302511412,60,45,4,True,False
DG,2017-02-09,2017-02-10,75.10753469467163,77.72112213516236,13.954921522492068,1048.1197524119927,1084.592160036212,1.0481197524119927,1.0845921600362118,34.3396957117709,60,45,1,True,False
CTSH,2017-02-09,2017-02-10,57.0285,57.971,18.378876393592552,1048.1197524119927,1065.441843412954,1.0481197524119927,1.0654418434129538,15.208529405136003,60,45,1,True,False
JBHT,2017-02-06,2017-02-13,99.51973622131348,100.54969847488404,10.573820044959524,1052.3037817260088,1063.194417248365,1.0523037817260088,1.063194417248365,8.775137323381841,60,45,7,True,False
IVZ,2017-02-10,2017-02-13,31.75586977100372,32.01398377990723,33.885505730104335,1076.0637070897935,1084.8100308175135,1.0760637070897936,1.0848100308175137,6.58544998981256,60,45,3,True,False
CBRE,2017-02-10,2017-02-13,32.80639591598511,34.3228301525116,32.800424339373265,1076.0637070897935,1125.8033935306162,1.0760637070897936,1.1258033935306162,47.537819340202304,60,45,3,True,False
ALGN,2017-02-02,2017-02-15,97.42868725204468,98.22086164474489,10.70861088518071,1043.3259008361126,1051.8089881607434,1.0433259008361129,1.0518089881607435,6.387952435633906,60,45,13,True,False
AFL,2017-02-14,2017-02-15,35.447715305328366,35.41728387260437,30.805625329148462,1091.9890364702671,1091.0515771555426,1.0919890364702671,1.091051577155543,-3.1204999283502275,60,45,1,False,True
TECH,2017-02-14,2017-02-15,25.930458292007444,26.03447686004639,42.112215070523895,1091.9890364702671,1096.369488778851,1.0919890364702671,1.096369488778851,2.1920937833347125,60,45,1,True,False
REGN,2017-02-14,2017-02-16,376.1379872131348,378.8105000000001,2.903160737794619,1091.9890364702671,1099.7477706643483,1.0919890364702671,1.0997477706643486,5.566997386946696,60,45,2,True,False
BIIB,2017-02-15,2017-02-16,284.71229232788085,292.35375,3.848480592855061,1095.7097315711262,1125.1177331234,1.0957097315711262,1.1251177331234,27.18717408757925,60,45,1,True,False
BMY,2017-02-15,2017-02-16,53.72685076332092,55.052461830139165,20.394080725073177,1095.7097315711262,1122.744350677868,1.0957097315711262,1.122744350677868,24.816165024492648,60,45,1,True,False
GIS,2017-02-15,2017-02-21,62.71134030532836,60.88953816986084,17.47227417300197,1095.7097315711262,1063.8787051712773,1.0957097315711262,1.0638787051712773,-33.99061483659125,60,45,6,False,True
WMT,2017-02-10,2017-02-22,22.761375,24.071290395736696,47.275865675504825,1076.0637070897935,1137.9910913849174,1.0760637070897936,1.1379910913849174,59.71332949664907,60,45,12,True,False
FFIV,2017-02-16,2017-02-22,143.41166633605957,144.58767366027834,7.731368613963601,1108.7684559868312,1117.8606021030876,1.1087684559868312,1.1178606021030877,6.865517058166461,60,45,6,True,False
CINF,2017-02-16,2017-02-24,72.86641683197021,73.13341316986084,15.2164536722541,1108.7684559868312,1112.8311933930054,1.1087684559868312,1.1128311933930053,1.8411377567942964,60,45,8,True,False
D,2017-02-23,2017-02-24,75.65781274795532,76.41177194976807,14.72212479091939,1113.84376068341,1124.9436421397593,1.11384376068341,1.1249436421397594,8.86109405352613,60,45,1,True,False
PAYX,2017-02-24,2017-02-27,60.47021862602234,61.54921183013917,18.48138386820532,1117.5733230218182,1137.514610618286,1.117573323021818,1.137514610618286,17.686199662827676,60,45,3,True,False
KO,2017-02-27,2017-03-02,41.770875,42.05896183013916,26.864793670288517,1122.1659383024123,1129.9053315532287,1.1221659383024123,1.1299053315532288,5.487321980960587,60,45,3,True,False
TROW,2017-02-16,2017-03-22,71.0355,68.36580152511597,15.608652800175,1108.7684559868312,1067.0980594112098,1.1087684559868312,1.0670980594112098,-43.84626309101941,60,45,34,False,True
TXT,2017-03-02,2017-03-27,49.47472576332092,45.58719561004639,22.568649770748813,1116.577758256233,1028.8414517537549,1.116577758256233,1.0288414517537547,-89.88172571248833,60,45,25,False,True
SBUX,2017-03-27,2017-03-28,56.688329847335815,57.07144847488404,18.989617098525404,1076.4896777558165,1083.7649537962695,1.0764896777558164,1.0837649537962697,5.115021408901384,60,45,1,True,False
WSM,2017-02-28,2017-03-30,24.877432271003723,25.50724045753479,44.7663876885256,1113.6727777387905,1141.8670151864476,1.1136727777387905,1.1418670151864476,25.938697654731868,60,45,30,True,False
EMN,2017-03-30,2017-03-31,80.50022908401489,80.78958683013917,13.504664314064666,1087.1285709849265,1091.0362502130092,1.0871285709849263,1.091036250213009,1.7295144068848458,60,45,1,True,False
VZ,2017-02-24,2017-04-03,50.30513877868652,48.70563454246521,22.2158878825182,1117.5733230218182,1082.0389162423128,1.117573323021818,1.0820389162423127,-37.73401901876946,60,45,38,False,True
VMC,2017-04-03,2017-04-10,120.19006225204468,123.69812213516236,8.995774706984545,1081.202722037841,1112.760438404979,1.0812027220378413,1.1127604384049787,29.363753206694355,60,45,7,True,False
WAB,2017-04-10,2017-04-11,80.26011122131347,81.00947805023193,13.633413931877202,1094.2193184986688,1104.4357466641325,1.0942193184986688,1.1044357466641326,8.017773100300701,60,45,1,True,False
MTCH,2017-04-11,2017-04-12,17.058524236679077,17.171410305023194,64.43130362801453,1099.1029545393144,1106.376351084167,1.0991029545393145,1.106376351084167,5.067917239229018,60,45,1,True,False
SW,2017-03-29,2017-04-13,26.703345534324644,25.71713454246521,40.52571453788165,1082.1721583304573,1042.2052532002406,1.082172158330457,1.0422052532002406,-42.09128254174743,60,45,15,False,True
TDG,2017-04-12,2017-04-18,237.1685280532837,238.8505162200928,4.621231863957693,1096.0107589677784,1103.7836162790366,1.0960107589677786,1.1037836162790369,5.573062936011183,60,45,6,True,False
IRM,2017-04-03,2017-04-19,35.56777423667908,36.62167938995361,30.398380141618667,1081.202722037841,1113.2397315202916,1.0812027220378413,1.1132397315202915,29.842567028892063,60,45,16,True,False
REG,2017-04-18,2017-04-19,67.88392347335815,68.24585877990722,15.993341790011964,1085.690790156433,1091.479345219945,1.085690790156433,1.091479345219945,3.6113849281355215,60,45,1,True,False
DVN,2017-04-04,2017-04-20,42.08103137397766,39.44026908493042,25.60965802496998,1077.6808228256004,1010.051803677864,1.0776808228256003,1.0100518036778638,-69.71675177424004,60,45,16,False,True
MDLZ,2017-02-27,2017-04-21,44.76237167930603,44.95750954246521,25.06940307680788,1122.1659383024123,1127.057928049497,1.1221659383024123,1.127057928049497,2.642765880732441,60,45,53,True,False
IP,2017-04-20,2017-04-21,49.778664888381954,50.164301206588746,21.792537088684124,1084.8034008052418,1093.207394572507,1.0848034008052418,1.093207394572507,6.225982971887333,60,45,1,True,False
LDOS,2017-04-21,2017-04-25,52.61629515266418,53.29333969497681,20.66879510551804,1087.5154237218778,1101.5091186442469,1.0875154237218778,1.1015091186442467,11.804670380002564,60,45,4,True,False
CVS,2017-04-21,2017-04-25,79.27961786270141,81.35930152511597,13.717465510558672,1087.5154237218778,1116.043412633922,1.0875154237218778,1.1160434126339218,26.32443007568827,60,45,4,True,False
UNP,2017-04-24,2017-04-25,109.55475,109.27533683013915,9.907392719688705,1085.4019325573158,1082.6336765524516,1.085401932557316,1.0826336765524516,-4.936291613973936,60,45,1,False,True
WST,2017-04-25,2017-04-26,82.95145866394043,83.22836164474488,13.190292287962592,1094.1539854902212,1097.80641674244,1.0941539854902211,1.09780641674244,1.4604708499859953,60,45,1,True,False
KEYS,2017-04-26,2017-04-27,37.73886122131348,37.9110353050232,28.857774811639548,1089.0595587723806,1094.028119708476,1.0890595587723806,1.094028119708476,2.7854732576145125,60,45,1,True,False
MS,2017-04-26,2017-04-27,44.19208316802978,44.137919847488405,24.643770573826384,1089.0595587723806,1087.7247703274422,1.0890595587723806,1.0877247703274422,-3.511572774038086,60,45,1,False,True
TGT,2017-04-27,2017-04-28,56.00798954200744,56.05196183013916,19.342717414591917,1083.346714670469,1084.197258213874,1.0833467146704692,1.084197258213874,-1.3170004294793216,60,45,1,False,True
FSLR,2017-04-28,2017-05-03,29.46472576332092,32.48375,36.68315088153612,1080.8589808589857,1191.6063024480989,1.0808589808589857,1.191606302448099,108.47485630580628,60,45,5,True,False
AKAM,2017-04-27,2017-05-04,60.37017015266418,53.10343606758118,17.94506644475078,1083.346714670469,952.9446886773192,1.0833467146704692,0.9529446886773192,-132.4383173964975,60,45,7,False,True
ABT,2017-05-05,2017-05-08,44.60229183197021,44.67765076255799,24.12594107201093,1076.072264414748,1077.8903695333584,1.076072264414748,1.0778903695333584,-0.3358575153376932,60,45,3,False,True
PANW,2017-05-05,2017-05-08,19.256291195869444,19.35864964962006,55.88159492756164,1076.072264414748,1081.7922180646513,1.076072264414748,1.081792218064651,3.562089167423892,60,45,3,True,False
AMP,2017-04-25,2017-05-18,131.91593110656737,123.188375,8.294327882250375,1094.1539854902212,1021.7647735316152,1.0941539854902211,1.021764773531615,-74.50513071762794,60,45,23,False,True
BAC,2017-05-11,2017-05-18,24.11205038166046,22.598695610046388,44.3747144203732,1069.9653497758334,1002.81066396875,1.0699653497758337,1.00281066396875,-69.22746182082813,60,45,7,False,True
MKC,2017-04-25,2017-05-23,50.570270668029785,51.15940887260437,21.636308665872708,1094.1539854902212,1106.900761531255,1.0941539854902211,1.1069007615312552,10.54572129401231,60,45,28,True,False
PEG,2017-05-23,2017-06-01,44.22210076332092,44.9075353050232,23.87306134151274,1055.7169241733177,1072.080345032968,1.0557169241733178,1.072080345032968,14.235623590443993,60,45,9,True,False
GPC,2017-04-25,2017-06-02,94.15705561065673,94.24285591506958,11.620520399603326,1094.1539854902212,1095.151029677943,1.0941539854902211,1.095151029677943,-1.1922608274464892,60,45,38,False,True
RSG,2017-06-01,2017-06-02,63.83189923667907,64.41777194976807,16.37069148240035,1044.9723291393395,1054.5634705732762,1.0449723291393396,1.0545634705732765,7.491605634224015,60,45,1,True,False
WM,2017-06-01,2017-06-02,72.9964790840149,73.67314408493043,14.315379895743114,1044.9723291393395,1054.6590456895988,1.0449723291393396,1.0546590456895988,7.587085175430502,60,45,1,True,False
TAP,2017-06-02,2017-06-05,96.92843725204467,96.33180725479129,10.867482957683086,1053.3681399514498,1046.884273624256,1.0533681399514498,1.0468842736242558,-8.584118740769782,60,45,3,False,True
PFG,2017-06-02,2017-06-12,63.74185408401489,64.68764122009277,16.525533420522393,1053.3681399514498,1068.9977768774052,1.0533681399514498,1.0689977768774053,13.50727100912627,60,45,10,True,False
JBHT,2017-06-12,2017-06-13,88.52424335861205,89.69512786483764,11.784730440516052,1043.2343454318864,1057.0329037147317,1.0432343454318864,1.0570329037147317,11.698291033698524,60,45,1,True,False
DOC,2017-05-19,2017-06-16,31.775880228996275,32.243868322372435,32.79860311875363,1042.2044843798992,1057.553840118846,1.0422044843798992,1.057553840118846,13.24959741444809,60,45,28,True,False
NCLH,2017-06-16,2017-06-20,52.73635408401489,53.48324332237244,19.88225571669076,1048.5176774643332,1063.3675202934023,1.0485176774643332,1.0633675202934023,12.737957631311248,60,45,4,True,False
TDY,2017-06-05,2017-06-23,133.58676427459716,126.91651335525512,7.834646806526211,1046.6051161181424,994.3460560541909,1.0466051161181424,0.9943460560541908,-54.30001123612385,60,45,18,False,True
PRU,2017-06-13,2017-06-23,108.8443959159851,103.5581956100464,9.632933136169427,1048.490788105437,997.5691740139314,1.0484907881054373,0.9975691740139314,-52.96767405362539,60,45,10,False,True
CBRE,2017-06-20,2017-06-27,35.69784030532837,36.47175667762757,29.85294977051947,1065.6858335509933,1088.7895201398237,1.0656858335509931,1.0887895201398237,20.9492112351395,60,45,7,True,False
RL,2017-06-26,2017-07-03,72.83640305328369,73.91302194976807,14.2106459417537,1035.0523354610827,1050.3517854132238,1.0350523354610828,1.0503517854132238,13.21404583126673,60,45,7,True,False
CF,2017-05-08,2017-07-05,28.774380228996275,29.3253301525116,37.48680777398101,1078.659660459823,1099.3130143357316,1.078659660459823,1.0993130143357317,18.475381201113123,60,45,58,True,False
EQT,2017-06-27,2017-07-05,31.83953737735748,32.12872969245911,32.59344395117715,1037.7601769403109,1047.1859504536872,1.0377601769403109,1.0471859504536871,7.340827385982266,60,45,8,True,False
DVA,2017-06-02,2017-07-11,67.53375,62.57869561004639,15.597655097657835,1053.3681399514498,976.080910586818,1.0533681399514498,0.976080910586818,-79.31667841517014,60,45,39,False,True
TXT,2017-07-06,2017-07-11,47.99398622131348,48.4957404575348,21.84720314183477,1048.5343665634543,1059.4962932894575,1.0485343665634543,1.0594962932894576,8.853896066150355,60,45,5,True,False
GS,2017-07-05,2017-07-14,228.4941948852539,227.1063912200928,4.602617924917346,1051.671477118427,1045.2839470928902,1.051671477118427,1.0452839470928903,-8.484485449748036,60,45,9,False,True
OKE,2017-07-03,2017-07-17,52.23610408401489,53.133419847488405,19.93684406439551,1041.4230616545383,1059.3127061074338,1.0414230616545384,1.059312706107434,15.788908685133492,60,45,14,True,False
TER,2017-07-12,2017-07-17,33.06652423667907,33.983000000000004,31.462693255857644,1040.361909096016,1069.1967049138104,1.040361909096016,1.0691967049138105,26.725237203784676,60,45,5,True,False
AKAM,2017-06-26,2017-07-18,51.32564923667908,51.66415362739564,20.166375893037877,1035.0523354610827,1041.8787422457165,1.0350523354610828,1.0418787422457163,4.749475706926887,60,45,22,True,False
HPQ,2017-07-17,2017-07-20,18.42921007633209,18.930530533790588,57.26685225811007,1055.3828506749833,1084.091895246227,1.0553828506749834,1.084091895246227,26.56956982532256,60,45,3,True,False
KLAC,2017-07-17,2017-07-20,10.005,10.162916221141815,105.48554229635016,1055.3828506749833,1072.0407288995182,1.0553828506749834,1.0720407288995182,14.5304546449604,60,45,3,True,False
DHR,2017-07-18,2017-07-20,75.71159634017944,72.71185586547853,13.98428087267254,1058.7722285394757,1016.823015196134,1.0587722285394756,1.0168230151961342,-44.024808587077246,60,45,2,False,True
BG,2017-07-18,2017-07-21,78.2390969467163,79.50023091506958,13.532521077799997,1058.7722285394757,1075.838550548146,1.0587722285394756,1.075838550548146,14.931711229582788,60,45,3,True,False
O,2017-07-20,2017-07-21,55.49284715080261,55.59234525680542,19.1452552180663,1062.4247214792592,1064.329638112397,1.0624247214792593,1.0643296381123974,-0.2218377264534865,60,45,1,False,True
ESS,2017-07-21,2017-07-24,263.9619015655517,264.7675438995361,4.01450740991826,1059.677009771022,1062.911266890546,1.059677009771022,1.062911266890546,1.1116688428626276,60,45,3,True,False
LNT,2017-07-21,2017-07-24,40.99048622131348,41.38929484748841,25.851779460474678,1059.677009771022,1069.986922421831,1.059677009771022,1.069986922421831,8.180248718616212,60,45,3,True,False
NDSN,2017-07-12,2017-07-25,123.32163213729858,125.52720133972169,8.436167208180818,1040.361909096016,1058.9684596768714,1.040361909096016,1.0589684596768714,16.50722021208253,60,45,13,True,False
EXR,2017-07-20,2017-07-26,78.289125,79.56019847488403,13.570527470823812,1062.4247214792592,1079.6738589876086,1.0624247214792593,1.0796738589876087,15.107038927882511,60,45,6,True,False
PEP,2017-07-24,2017-07-27,116.55825,117.27133683013916,9.092585702066794,1059.8158774079268,1066.2996805239825,1.0598158774079267,1.0662996805239824,4.357687558123416,60,45,3,True,False
DVN,2017-07-26,2017-07-28,33.366673473358155,33.35331393241883,31.73634729908557,1058.93633756568,1058.5123545346732,1.0589363375656802,1.0585123545346733,-2.54143172310728,60,45,2,False,True
T,2017-07-27,2017-07-28,28.866390933036804,29.63019320869446,36.75308520151246,1060.9289254220685,1089.0010155364234,1.0609289254220684,1.0890010155364234,25.922160173396374,60,45,1,True,False
AEP,2017-07-28,2017-08-03,70.65531274795532,70.714625,15.20420525923617,1074.2578776754387,1075.1596733299136,1.0742578776754388,1.0751596733299136,-1.2476218965302903,60,45,6,False,True
APA,2017-07-20,2017-08-04,50.38518061065673,44.18789408493042,21.08605563387721,1062.4247214792592,931.7483930187166,1.0624247214792593,0.9317483930187166,-132.67050157504048,60,45,15,False,True
DTE,2017-07-24,2017-08-04,91.93530319976806,92.33678885650636,11.527844478905257,1059.8158774079268,1064.4441416193172,1.0598158774079267,1.064444141619317,2.504004192363027,60,45,11,True,False
CNP,2017-07-25,2017-08-04,28.234109313011167,28.4057900762558,37.36519578355775,1054.9730222550336,1061.38790758594,1.0549730222550335,1.06138790758594,4.298524401065379,60,45,10,True,False
BXP,2017-08-04,2017-08-07,123.7618469467163,124.14789408493044,8.481035314087507,1049.628594491794,1052.9026739038904,1.049628594491794,1.0529026739038905,1.1715481437006474,60,45,3,True,False
CMS,2017-08-04,2017-08-08,46.89343393135071,47.0664551525116,22.38327429866599,1049.628594491794,1053.5013759445285,1.049628594491794,1.0535013759445284,1.769651482298059,60,45,4,True,False
EIX,2017-08-04,2017-08-09,79.21959030532837,79.95000286483766,13.249608972304864,1049.628594491794,1059.3062752937526,1.049628594491794,1.0593062752937523,7.5687459321729875,60,45,5,True,False
TSLA,2017-08-07,2017-08-09,23.83524540710449,24.05463422298432,43.99422615693667,1048.613176946241,1058.2650181283605,1.048613176946241,1.0582650181283604,7.544962987044755,60,45,2,True,False
MAA,2017-08-09,2017-08-10,104.41218061065672,104.83755438995362,10.0560880059356,1049.978077112407,1054.2556732724338,1.049978077112407,1.0542556732724335,2.173362409642096,60,45,1,True,False
CLX,2017-08-08,2017-08-16,135.52773671722412,136.27182633972168,7.752568685749664,1050.6880877244766,1056.4566936312426,1.0506880877244766,1.0564566936312427,3.661461125410369,60,45,8,True,False
ELV,2017-08-16,2017-08-23,193.7968469467163,194.14288549041748,5.415764098703965,1049.558006136053,1051.432069257798,1.0495580061360534,1.051432069257798,-0.2269269536491265,60,45,7,False,True
HRL,2017-07-28,2017-08-25,34.31714923667908,31.434275762557984,31.30382043876895,1074.2578776754387,984.012924093862,1.0742578776754388,0.984012924093862,-92.303224383346,60,45,28,False,True
BR,2017-08-16,2017-09-01,76.13804847335815,78.10092938995362,13.78493443397501,1049.558006136053,1076.6161908730226,1.0495580061360534,1.0766161908730223,24.93201053996017,60,45,16,True,False
OKE,2017-08-28,2017-09-05,53.69683316802978,54.9725,19.25748221513484,1034.065809742396,1058.6319410714998,1.034065809742396,1.0586319410714995,22.47343357829004,60,45,8,True,False
WELL,2017-09-05,2017-09-06,73.89693061065674,74.19288835525514,14.147256683302867,1045.4388454571815,1049.6258356374267,1.0454388454571817,1.0496258356374266,2.091925499150193,60,45,1,True,False
TJX,2017-08-09,2017-09-07,35.637808931350705,36.731625,29.462475629042885,1049.978077112407,1082.2046063776424,1.049978077112407,1.0822046063776425,30.094346581745413,60,45,29,True,False
WAT,2017-09-01,2017-09-07,183.75183366394043,184.06792366027832,5.666057964720861,1041.1485406636325,1042.9395249049514,1.0411485406636325,1.0429395249049516,-0.2931038242497834,60,45,6,False,True
EPAM,2017-09-06,2017-09-08,83.54175,84.64765744018555,12.472142862318853,1041.944640968126,1055.7376765546217,1.041944640968126,1.0557376765546216,11.695353268973122,60,45,2,True,False
WST,2017-09-07,2017-09-08,89.06450664138794,89.205375,11.78591758420691,1049.7069349534472,1051.3671978182715,1.0497069349534471,1.0513671978182717,-0.440811267947538,60,45,1,False,True
LOW,2017-09-08,2017-09-11,78.08902805328368,77.90103244018555,13.42290500389465,1048.1816054056912,1045.658158149926,1.0481816054056912,1.045658158149926,-4.617287019320884,60,45,3,False,True
PH,2017-09-05,2017-09-12,162.65129232788084,165.23734732055664,6.427485638108133,1045.4388454571815,1062.0606767819631,1.0454388454571817,1.0620606767819631,14.514331802542074,60,45,7,True,False
COR,2017-09-08,2017-09-12,82.5812709159851,84.14790744018555,12.692727948835632,1048.1816054056912,1068.066496602077,1.0481816054056912,1.068066496602077,17.76864309437792,60,45,4,True,False
UNP,2017-09-11,2017-09-12,107.35365305328368,107.85604866027832,9.77023216214917,1048.8701137853957,1053.7786355029773,1.0488701137853955,1.0537786355029772,2.8058729682932158,60,45,1,True,False
MKC,2017-08-15,2017-09-13,49.09453469467163,49.27035066986084,21.418057471646325,1051.5095656342114,1055.2752022952477,1.0515095656342115,1.0552752022952474,1.6588518931066574,60,45,29,True,False
SLB,2017-09-07,2017-09-13,65.75286122131347,66.48673664474488,15.96442976709871,1049.7069349534472,1061.4228376086178,1.0497069349534471,1.061422837608618,9.604772882608358,60,45,6,True,False
GPC,2017-09-12,2017-09-13,86.06300664138793,86.34680438995362,12.340486200373238,1062.059345820678,1065.56154802055,1.0620593458206782,1.06556154802055,1.3745813060306773,60,45,1,True,False
CSX,2017-09-12,2017-09-18,17.35867538166046,17.471259542465212,61.18320220117428,1062.059345820678,1068.9476052958448,1.0620593458206782,1.0689476052958449,4.757252524050273,60,45,6,True,False
BLK,2017-09-13,2017-09-20,428.58418011474606,434.15281011962895,2.4827043225917445,1064.0477965653188,1077.8730583493557,1.0640477965653188,1.0778730583493557,11.683340929122323,60,45,7,True,False
GS,2017-09-20,2017-09-21,229.61475,229.7750543899536,4.533712345827464,1041.0072268590866,1041.7340008509098,1.0410072268590866,1.0417340008509095,-1.3559672358869648,60,45,1,False,True
NDSN,2017-09-21,2017-09-26,117.52873622131348,118.29082347488404,8.920624670713941,1048.42974385368,1055.2280382091185,1.04842974385368,1.0552280382091184,4.694636573375419,60,45,5,True,False
NTRS,2017-09-13,2017-09-28,89.25460408401489,91.7740896949768,11.921489176779454,1064.0477965653188,1094.0838170074528,1.0640477965653188,1.094083817007453,27.87788882856125,60,45,15,True,False
VTRS,2017-09-13,2017-09-29,33.326656373977656,31.434275762557984,31.92782932152041,1064.0477965653188,1003.628191392557,1.0640477965653188,1.003628191392557,-62.48728116071959,60,45,16,False,True
FTNT,2017-09-18,2017-09-29,7.763880228996276,7.168413931369782,135.31019355761669,1050.5321365436396,969.9594765547612,1.0505321365436395,0.9699594765547612,-82.59315160197673,60,45,11,False,True
RTX,2017-09-28,2017-10-04,73.6617361679077,74.14163683319092,14.28465619044828,1052.2325755500708,1059.0877915592089,1.0522325755500708,1.059087791559209,4.743895642028747,60,45,6,True,False
LEN,2017-10-02,2017-10-04,50.54112325859069,52.38388635444642,20.464940641927697,1034.32108746341,1072.0331248372322,1.03432108746341,1.072033124837232,35.60568316152171,60,45,2,True,False
AXON,2017-10-04,2017-10-05,23.27163022899628,23.708139313697817,45.102525708457,1049.6093006810097,1069.296962895736,1.0496093006810097,1.069296962895736,17.56875595114957,60,45,1,True,False
UHS,2017-09-12,2017-10-10,112.5462428627014,107.34630152511598,9.436648605998483,1062.059345820678,1012.9893266460788,1.0620593458206782,1.0129893266460788,-51.14506784706612,60,45,28,False,True
MKTX,2017-10-10,2017-10-12,190.095,191.82403816986084,5.469991483874124,1039.8180311270517,1049.2758551914835,1.0398180311270515,1.0492758551914838,7.3687301781135375,60,45,2,True,False
ELV,2017-10-04,2017-10-16,193.59675,183.2383368301392,5.421626657890744,1049.6093006810097,993.4498517058456,1.0496093006810097,0.9934498517058458,-58.202508127550686,60,45,12,False,True
ADBE,2017-10-12,2017-10-16,153.79686122131346,151.07441889953614,6.733511846695877,1035.592987018356,1017.261389392722,1.0355929870183558,1.017261389392722,-20.384452002044892,60,45,4,False,True
KO,2017-10-16,2017-10-17,46.14305893135071,46.50673377990723,22.218450062233103,1025.2272505848948,1033.307542046438,1.025227250584895,1.0333075420464382,6.0217566689118485,60,45,1,True,False
BAX,2017-10-17,2017-10-18,63.62179515266418,63.86805152511597,16.074811437350146,1022.7083603847944,1026.6668851372026,1.0227083603847944,1.0266668851372027,1.9091495068862516,60,45,1,True,False
AIZ,2017-09-29,2017-10-19,95.797875,101.22935877990724,10.781842595993352,1032.8776092806463,1091.4390124582974,1.0328776092806466,1.091439012458297,56.43708655591195,60,45,20,True,False
CMS,2017-10-18,2017-10-20,47.683829847335815,48.105936067581176,21.530091228709235,1026.6372067473883,1035.7251921774766,1.0266372067473886,1.0357251921774766,7.02562303116315,60,45,2,True,False
DVA,2017-10-23,2017-10-24,60.009989542007446,60.81957347488404,17.277348943659195,1036.8135294226015,1050.8009935300906,1.0368135294226015,1.0508009935300906,11.89984958453624,60,45,1,True,False
NKE,2017-10-23,2017-10-24,53.08653137397766,53.87305152511597,19.53063239559921,1036.8135294226015,1052.1747653662153,1.0368135294226015,1.0521747653662152,13.27224764882476,60,45,1,True,False
OMC,2017-09-26,2017-10-25,75.9879719467163,70.95450286483765,13.702852963309908,1041.2520065659717,972.279119841622,1.0412520065659716,0.972279119841622,-70.98641785075733,60,45,29,False,True
TDG,2017-10-23,2017-10-26,269.12448522949217,273.31328720092773,3.8525425456493614,1036.8135294226015,1052.9510672328572,1.0368135294226015,1.0529510672328573,14.047773213600069,60,45,3,True,False
HUM,2017-10-26,2017-10-27,250.06497244262692,252.33377671051028,4.130712584405847,1032.9465285878605,1042.31830692876,1.0329465285878603,1.04231830692876,7.296513505382791,60,45,1,True,False
ES,2017-10-24,2017-10-30,62.101034694671625,62.588688932418826,16.70564653778156,1037.4379352396936,1045.5845145681496,1.0374379352396936,1.0455845145681495,6.063556878648114,60,45,6,True,False
MOH,2017-10-26,2017-11-02,66.64330561065674,68.65565744018555,15.499629244421588,1032.9465285878605,1064.1372358548906,1.0329465285878603,1.0641372358548906,29.093623502587437,60,45,7,True,False
TSCO,2017-10-31,2017-11-10,12.152072908401488,12.325833778858186,85.09332884748693,1034.0603361732449,1048.8462270638422,1.0340603361732448,1.048846227063842,12.702984327360356,60,45,10,True,False
GIS,2017-11-13,2017-11-15,53.04651045799256,53.923025762557984,19.335628780499,1025.687634316602,1042.6356088661053,1.025687634316602,1.0426356088661053,14.879651306320511,60,45,2,True,False
RSG,2017-10-27,2017-11-16,65.34265255737304,63.10842938995361,15.810550005406462,1033.103275744247,997.7789786325244,1.0331032757442469,0.9977789786325244,-37.355179366099264,60,45,20,False,True
CPB,2017-11-17,2017-11-20,48.15406606864929,49.51523091506958,21.39651006568083,1030.3289593413142,1059.453136678797,1.0303289593413143,1.059453136678797,27.03439524146279,60,45,3,True,False
AXON,2017-11-21,2017-11-22,23.75186977100372,23.84807061004639,43.99479436747824,1044.958626418431,1049.1909625500923,1.0449586264184314,1.0491909625500924,2.138186542692438,60,45,1,True,False
ICE,2017-11-03,2017-11-29,68.22409744262696,69.61517652511597,15.150561586584162,1033.6333899936387,1054.7090193046974,1.0336333899936387,1.0547090193046975,18.9872869017604,60,45,26,True,False
EFX,2017-10-05,2017-11-30,111.90592347335814,112.59367652511597,9.418127679699298,1053.9442753867456,1060.421621440304,1.0539442753867456,1.060421621440304,4.362980156731055,60,45,56,True,False
DGX,2017-10-30,2017-11-30,95.47771530532836,97.26134255981444,10.890397978674876,1039.790317769643,1059.2147284166078,1.039790317769643,1.0592147284166078,17.325405600778595,60,45,31,True,False
MKC,2017-11-17,2017-11-30,49.55476377868652,51.25435877990723,20.791723757231555,1030.3289593413142,1065.6664691058668,1.0303289593413143,1.0656664691058668,33.24151433610541,60,45,13,True,False
KMB,2017-11-22,2017-11-30,116.5982709159851,119.42026335525512,8.968253445590305,1045.6828448921551,1070.9911883090683,1.0456828448921551,1.0709911883090686,23.191669383712224,60,45,8,True,False
SMCI,2017-11-29,2017-11-30,2.1860924427509305,2.2238874046802524,483.4232511070626,1056.807915895235,1075.0788792665755,1.056807915895235,1.0750788792665755,16.139076576178695,60,45,1,True,False
CMG,2017-11-30,2017-12-01,6.043019961833954,6.044975858926773,178.03083544510395,1075.8438924167392,1076.1921024102185,1.0758438924167393,1.0761921024102186,-1.803826001347716,60,45,1,False,True
ROL,2017-11-30,2017-12-01,20.472452256202697,20.580814674377443,52.55080724834918,1075.8438924167392,1081.5384249672054,1.0758438924167393,1.081538424967205,3.537150233082229,60,45,1,True,False
HUM,2017-11-30,2017-12-01,251.24555511474608,260.67959255981447,4.282041494924723,1075.8438924167392,1116.2408322211957,1.0758438924167393,1.1162408322211956,38.20485507981857,60,45,1,True,False
WMB,2017-12-01,2017-12-04,29.304645915985105,29.315334923744203,36.76564094037332,1077.404089631886,1077.7970778531658,1.077404089631886,1.0777970778531658,-1.7622129462051817,60,45,3,False,True
PG,2017-12-01,2017-12-04,90.22509030532837,91.71412213516236,11.941291341309508,1077.404089631886,1095.1850525284167,1.077404089631886,1.0951850525284168,15.608373754370405,60,45,3,True,False
TGT,2017-11-30,2017-12-05,61.680826526641845,62.35880438995362,17.442112127859524,1075.8438924167392,1087.6692583288298,1.0758438924167393,1.08766925832883,9.661852761345015,60,45,5,True,False
ADM,2017-12-04,2017-12-05,40.940458168029785,41.33932061004639,26.21869589830025,1073.4054226446556,1083.8630757171422,1.0734054226446557,1.0838630757171424,8.300384574125019,60,45,1,True,False
IDXX,2017-12-05,2017-12-11,159.99995816802976,160.41975000000002,6.78278099896259,1085.2446760969217,1088.0920321583292,1.0852446760969214,1.0880920321583292,0.6740193531525165,60,45,6,True,False
CAH,2017-12-05,2017-12-18,61.02049667930603,62.90852862739563,17.784920398148152,1085.2446760969217,1118.8231740028557,1.0852446760969214,1.1188231740028556,31.374430055834186,60,45,13,True,False
IT,2017-12-05,2017-12-19,121.74084030532836,124.44774713516236,8.914384633579882,1085.2446760969217,1109.375084745326,1.0852446760969214,1.109375084745326,21.935788887562467,60,45,14,True,False
CMI,2017-12-11,2017-12-19,171.03547194671629,173.1533854904175,6.232553550738965,1065.9877379838213,1079.1877475607744,1.0659877379838212,1.0791877475607743,11.054834091408566,60,45,8,True,False
HWM,2017-12-18,2017-12-19,19.541975501060485,19.675740323066712,55.39586523281925,1082.544641239802,1089.9546592925512,1.082544641239802,1.0899546592925513,5.237518752216829,60,45,1,True,False
ZBH,2017-12-01,2017-12-20,113.9792939300537,118.2321141357422,9.452629968852609,1077.404089631886,1117.6044253603188,1.077404089631886,1.1176044253603188,38.00532721344075,60,45,19,True,False
RVTY,2017-12-19,2017-12-20,73.93695152664183,73.88303816986084,14.79163744110779,1093.6485804828471,1092.8511136561096,1.093648580482847,1.0928511136561097,-2.9839665208762653,60,45,1,False,True
ABT,2017-12-19,2017-12-20,56.53825332069397,56.711631677627565,19.343515518236803,1093.6485804828471,1097.0023274207188,1.093648580482847,1.0970023274207188,1.1630960299680737,60,45,1,True,False
SLB,2017-12-21,2017-12-22,65.51274335861206,67.62617366027833,16.846478147899557,1103.6589993998098,1139.2628567939394,1.1036589993998098,1.1392628567939391,33.3609355379358,60,45,1,True,False
TAP,2017-12-22,2017-12-29,81.39067347335815,82.16889408493043,13.63947582687022,1110.1261233725556,1120.7406445920678,1.1101261233725557,1.1207406445920678,8.3836544515475,60,45,7,True,False
DD,2017-12-05,2018-01-04,130.37472509765624,130.65511400604248,8.324041912909323,1085.2446760969217,1087.5786451222434,1.0852446760969214,1.0875786451222431,0.1611457041028643,60,45,30,True,False
TMO,2017-12-19,2018-01-04,194.347125,197.05141889953612,5.627294874996722,1093.6485804828471,1108.866439684192,1.093648580482847,1.108866439684192,13.01534418117808,60,45,16,True,False
CMG,2018-01-08,2018-01-09,6.285141064882279,6.390203492164612,175.92183959344737,1105.6935782384091,1124.17635371807,1.1056935782384092,1.12417635371807,16.25290554770436,60,45,1,True,False
GD,2018-01-05,2018-01-10,206.0829857254028,204.8975,5.411933334445195,1115.3073801093008,1108.8916103944844,1.1153073801093007,1.1088916103944844,-8.639968705320143,60,45,5,False,True
ADSK,2018-01-05,2018-01-16,113.12653469467162,116.18187786483766,9.858937013491255,1115.3073801093008,1145.4298159785685,1.1153073801093007,1.1454298159785683,27.86169867317972,60,45,11,True,False
TSLA,2018-01-12,2018-01-17,22.586620307922363,22.686650954246524,48.83186892875755,1102.9468824200785,1107.8315658302386,1.1029468824200783,1.107831565830239,2.673904961909784,60,45,5,True,False
ORCL,2018-01-16,2018-01-17,49.87492347335815,49.88504484748841,22.195894884666338,1107.0185587954352,1107.2432117517187,1.107018558795435,1.1072432117517188,-1.9896088142636472,60,45,1,False,True
COO,2018-01-10,2018-01-22,58.30163533401489,60.152407682418826,18.960899246617675,1105.4514334813014,1140.5437415078145,1.1054514334813017,1.1405437415078143,32.84631285152386,60,45,12,True,False
EG,2018-01-18,2018-01-23,225.65276328277588,229.9649618301392,4.946041577795564,1116.0879493410698,1137.4162626480384,1.1160879493410698,1.1374162626480384,19.0748090949794,60,45,5,True,False
KHC,2018-01-23,2018-01-24,79.79988213729858,80.45975,13.960619338509666,1114.0557777767626,1123.267941821653,1.1140557777767626,1.1232679418216531,6.974840325292007,60,45,1,True,False
ACGL,2018-01-23,2018-01-24,30.852084440231323,31.107771310806275,36.109578914675424,1114.0557777767626,1123.2885230072354,1.1140557777767626,1.1232885230072354,6.995400929688913,60,45,1,True,False
REGN,2018-01-04,2018-01-26,394.69725,392.70354389953616,2.842836300571363,1122.0596700356905,1116.3918899606213,1.1220596700356904,1.116391889960621,-7.906231635065524,60,45,22,False,True
SWKS,2018-01-18,2018-01-26,102.28111835861203,95.61217366027832,10.911964664171034,1116.0879493410698,1043.3166604455416,1.1160879493410698,1.0433166604455415,-74.93069350531482,60,45,8,False,True
EQT,2018-01-03,2018-01-31,32.10641154670715,29.734717031478883,34.717621607950804,1114.6582472677214,1032.3186545183742,1.1146582472677216,1.0323186545183742,-84.48656965113332,60,45,28,False,True
CCI,2018-01-24,2018-02-01,110.53524335861204,112.85354866027832,10.190710603920012,1126.432676601487,1150.0578550223013,1.126432676601487,1.1500578550223013,21.348687889190387,60,45,8,True,False
EXR,2018-01-24,2018-02-06,86.73334744262695,79.02046755981446,12.987307763563589,1126.432676601487,1026.2631318200029,1.126432676601487,1.0262631318200028,-102.32224058990572,60,45,13,False,True
VRSN,2018-01-26,2018-02-06,116.67831274795532,106.86653816986085,9.55897131654557,1115.3246448206382,1021.5341730642222,1.1153246448206382,1.0215341730642222,-95.92733057430098,60,45,11,False,True
PPL,2018-01-26,2018-02-06,32.41620152664184,29.9949952287674,34.406395329939826,1115.3246448206382,1032.01966376063,1.1153246448206382,1.03201966376063,-85.45232536858953,60,45,11,False,True
ARE,2018-02-01,2018-02-06,129.7648469467163,119.0504456100464,8.45716547443281,1097.4427833928269,1006.8293183291254,1.0974427833928269,1.0068293183291257,-92.7177371654234,60,45,5,False,True
CTSH,2018-02-13,2018-02-14,76.93845152664184,77.3912853050232,13.396884272991956,1030.735531245622,1036.8020929694987,1.030735531245622,1.0368020929694988,3.999024099661483,60,45,1,True,False
BR,2018-02-14,2018-02-15,95.51773622131348,97.96099713516236,10.801222864314012,1031.7083564211655,1058.098562067315,1.0317083564211658,1.0580985620673151,24.30039872766088,60,45,1,True,False
CRL,2018-02-14,2018-02-15,110.77536122131347,111.16439122009278,9.313518322544294,1031.7083564211655,1035.331594442816,1.0317083564211658,1.035331594442816,1.5561980707864222,60,45,1,True,False
SPGI,2018-02-15,2018-02-16,177.28821528625488,178.52941927337648,5.871393096773876,1040.9288033710775,1048.2163998927515,1.0409288033710775,1.0482163998927518,5.198451318410207,60,45,1,True,False
VRSN,2018-02-16,2018-02-20,116.52823622131346,119.64014694976808,8.87854104752043,1034.6007284860889,1062.229955624892,1.0346007284860887,1.062229955624892,25.53239645469239,60,45,4,True,False
SWKS,2018-02-07,2018-02-23,103.55175,107.946,10.027844090593362,1038.4008043081012,1082.4656582031912,1.0384008043081012,1.0824656582031913,41.94398743257875,60,45,16,True,False
BALL,2018-02-08,2018-02-27,39.10954515266418,40.079948474884034,26.43286583636653,1033.7773599416914,1059.4279007650932,1.0337773599416915,1.0594279007650933,23.557335562695016,60,45,19,True,False
ALGN,2018-02-26,2018-02-27,266.93338778686524,265.347270980835,3.8990721949230234,1040.792550216371,1034.6081662800784,1.040792550216371,1.0346081662800783,-8.259784652788994,60,45,1,False,True
SJM,2018-02-27,2018-03-05,127.12352755737304,127.91601335525512,8.170132196799646,1038.6160254672404,1045.090739200023,1.0386160254672403,1.0450907392000233,4.391006968115562,60,45,6,True,False
HLT,2018-02-15,2018-03-06,86.13304133605956,78.58069274520875,12.085127695767238,1040.9288033710775,949.657706247698,1.0409288033710775,0.949657706247698,-93.2616836329986,60,45,19,False,True
MCHP,2018-03-05,2018-03-06,45.88793417930603,47.471251432418825,21.896187685936063,1004.7708193099652,1039.4394310505038,1.0047708193099654,1.0394394310505035,32.62440149017789,60,45,1,True,False
ASML,2018-02-27,2018-03-08,199.07948572540283,206.8465219497681,5.217092166391464,1038.6160254672404,1079.1373693094552,1.0386160254672403,1.0791373693094553,38.40359044743809,60,45,9,True,False
INVH,2018-03-08,2018-03-09,22.491239542007445,22.5787051525116,45.8649771415177,1031.5601874785705,1035.5717957050124,1.0315601874785705,1.0355717957050123,1.9444762432583504,60,45,1,True,False
IQV,2018-02-15,2018-03-12,105.56275713729858,105.90701908493044,9.860758013521847,1040.9288033710775,1044.3234871299392,1.0409288033710775,1.0443234871299392,1.3094314683603443,60,45,25,True,False
EFX,2018-03-06,2018-03-12,121.5507428627014,124.96748377990724,8.420487873536242,1023.5165562946992,1052.2871817550458,1.0235165562946993,1.052287181755046,26.694821722296865,60,45,6,True,False
ESS,2018-03-09,2018-03-12,234.66727805328367,237.0214293899536,4.422876920080658,1037.9044880000188,1048.3166096133534,1.0379044880000188,1.0483166096133534,8.325900515721287,60,45,3,True,False
BKR,2018-03-12,2018-03-13,30.355170152664183,30.854565838813784,34.91641449503471,1059.8937031177286,1077.3308098923603,1.059893703117729,1.0773308098923604,15.299882261621631,60,45,1,True,False
PNR,2018-03-12,2018-03-19,48.36533803367615,48.733174324035645,21.914324311756875,1059.8937031177286,1067.9545868783002,1.059893703117729,1.0679545868783002,5.933035470575533,60,45,7,True,False
DE,2018-02-20,2018-03-23,169.1245132827759,151.6841145095825,6.143443564787604,1039.006902774905,931.8627971644008,1.0390069027749052,0.9318627971644008,-109.11497531044358,60,45,31,False,True
LUV,2018-03-19,2018-03-23,60.70033316802978,56.82157347488403,17.369866047973748,1054.3566561960552,986.983119893834,1.0543566561960551,0.986983119893834,-69.41487607831107,60,45,4,False,True
HIG,2018-03-12,2018-03-26,56.15806606864929,51.00448377990723,18.873401050208585,1059.8937031177286,962.628077737048,1.059893703117729,0.962628077737048,-99.28814716153543,60,45,14,False,True
SBAC,2018-03-13,2018-03-27,169.86488877868652,173.21335305023194,6.198248798077656,1052.8648427080884,1073.6194573546009,1.0528648427080884,1.073619457354601,18.62813034644978,60,45,14,True,False
XEL,2018-03-28,2018-03-29,45.32264923667908,45.4072853050232,22.46306786215954,1018.0857454963754,1019.9869312431756,1.0180857454963754,1.0199869312431755,-0.1368869299391235,60,45,1,False,True
AEP,2018-03-28,2018-03-29,68.66431225204468,68.67564408493043,14.826999821381868,1018.0857454963754,1018.253762580548,1.0180857454963754,1.018253762580548,-1.8683224239041465,60,45,1,False,True
MOH,2018-03-29,2018-04-02,79.17956938934326,81.65914694976807,12.783306159906507,1012.1766771135364,1043.8738762156809,1.0121766771135363,1.043873876215681,29.64114854881529,60,45,4,True,False
EXC,2018-03-29,2018-04-02,27.695723799705505,27.87478473091125,36.54631611845794,1012.1766771135364,1018.7206945098472,1.0121766771135363,1.0187206945098473,4.51312002468751,60,45,4,True,False
ETR,2018-03-06,2018-04-06,39.20959362602234,39.98999332237244,26.10372772686476,1023.5165562946992,1043.88789748635,1.0235165562946993,1.04388789748635,18.303936737869662,60,45,31,True,False
APA,2018-04-06,2018-04-11,38.48923622131348,38.97050667762757,26.460880761654327,1018.4590902593226,1031.1939304179568,1.018459090259323,1.031193930417957,10.685187137957088,60,45,5,True,False
EOG,2018-03-27,2018-04-12,107.51372908401488,109.41526622009278,9.464167280070177,1017.527916955263,1035.5243825003697,1.017527916955263,1.0355243825003695,15.943413245651072,60,45,16,True,False
MRK,2018-04-13,2018-04-16,54.492881475448605,55.09648430252076,18.668349675248628,1017.2921661955528,1028.5604348363045,1.017292166195553,1.0285604348363044,9.222416039719748,60,45,3,True,False
XOM,2018-04-16,2018-04-17,78.15906274795532,78.50073091506958,13.04894063098272,1019.892969571322,1024.3513771994926,1.019892969571322,1.0243513771994923,2.4141632813998517,60,45,1,True,False
AWK,2018-04-17,2018-04-18,83.07151377868652,84.08793225479127,12.42433011594476,1032.1079104176551,1044.736229100726,1.0321079104176551,1.044736229100726,10.551474543552558,60,45,1,True,False
WST,2018-04-18,2018-04-19,90.795375,91.57419274520876,11.407426859036423,1035.7415994512842,1044.6259059162726,1.0357415994512842,1.0446259059162726,6.803938959620837,60,45,1,True,False
CLX,2018-04-02,2018-04-20,132.50622244262695,119.15039408493044,7.706640711221395,1021.1778483665069,918.2492778129975,1.0211778483665068,0.9182492778129976,-104.86799767968864,60,45,18,False,True
CHD,2018-04-02,2018-04-23,50.34515969467163,45.79708969497681,20.28353578694845,1021.1778483665069,928.9269077661504,1.0211778483665068,0.9289269077661504,-94.20104535648908,60,45,21,False,True
DRI,2018-04-23,2018-04-27,91.06550664138794,92.96349713516236,10.936531782957532,995.9408077146694,1016.6982410735844,0.9959408077146694,1.0166982410735843,18.74479431012685,60,45,4,True,False
AIZ,2018-04-02,2018-04-30,90.86540969467164,94.28283683013916,11.23835628758948,1021.1778483665069,1059.5841121017672,1.0211778483665068,1.0595841121017673,36.3255017747922,60,45,28,True,False
GM,2018-04-11,2018-05-02,38.73936122131347,36.46175954246521,26.29482398048667,1018.6446844309288,958.7555491879529,1.018644684430929,0.9587555491879528,-61.86653547659478,60,45,21,False,True
SPG,2018-04-30,2018-05-02,156.59826427459717,158.5506898803711,6.359516208885103,995.8891999375736,1008.3056822241352,0.9958891999375736,1.0083056822241352,10.412287404399876,60,45,2,True,False
META,2018-04-27,2018-05-03,176.89840255737303,175.0424398803711,5.647684733750895,999.066407548196,988.5845154708804,0.999066407548196,0.9885845154708806,-12.469543000334395,60,45,6,False,True
APTV,2018-05-03,2018-05-04,91.02549335861204,90.30482347488405,10.79376411521386,982.5077037838244,974.7289630539256,0.9825077037838243,0.9747289630539256,-9.735977396736644,60,45,1,False,True
AAPL,2018-05-03,2018-05-07,43.99198622131348,46.27185066986084,22.333788223179013,982.5077037838244,1033.425713555236,0.9825077037838243,1.033425713555236,48.90207635407239,60,45,4,True,False
CSCO,2018-04-30,2018-05-08,44.94245816802978,45.79708969497681,22.15920625022706,995.8891999375736,1014.8271562111396,0.9958891999375736,1.0148271562111395,16.92723991741707,60,45,8,True,False
PWR,2018-05-07,2018-05-08,35.14756606864929,35.232375000000005,28.396608387007955,998.0716694079226,1000.4799554192095,0.9980716694079228,1.0004799554192096,0.4097343864597178,60,45,1,True,False
ALB,2018-05-07,2018-05-08,100.16005561065673,99.95,9.964767524567256,998.0716694079226,995.9785140804972,0.9980716694079228,0.9959785140804974,-4.087205510913805,60,45,1,False,True
FANG,2018-05-08,2018-05-09,130.4351801147461,133.43325000000002,7.662370433829464,999.4426676424512,1022.4149896897754,0.9994426676424512,1.0224149896897754,20.950464389991907,60,45,1,True,False
JBHT,2018-04-19,2018-05-11,121.40066633605956,123.05844274520877,8.523716946881898,1034.7849170114257,1048.9153338842316,1.0347849170114256,1.0489153338842316,12.046716621910493,60,45,22,True,False
ABBV,2018-05-02,2018-05-11,101.22058316802978,103.40826908493042,9.748077276219474,986.7060666659544,1008.031798039999,0.9867060666659544,1.008031798039999,19.330993509338555,60,45,9,True,False
TDY,2018-05-09,2018-05-11,198.5592367172241,198.71059255981447,5.059563569930798,1004.6230805677328,1005.3888750749992,1.004623080567733,1.0053888750749993,-1.2442174483763893,60,45,2,False,True
CAG,2018-05-10,2018-05-14,37.86892347335815,37.9110353050232,26.62769006704683,1008.3619574212954,1009.483298223028,1.0083619574212954,1.009483298223028,-0.8965044539116889,60,45,4,False,True
QCOM,2018-05-11,2018-05-15,54.78737832069397,56.47175,18.597663399554268,1018.9172205523032,1050.2425980837788,1.0189172205523032,1.0502425980837788,29.256217712839543,60,45,4,True,False
PAYX,2018-05-14,2018-05-15,63.24160408401489,63.278346372604375,16.104338145975884,1018.4641770629052,1019.0558873026074,1.0184641770629053,1.0190558873026074,-1.4458098246633426,60,45,1,False,True
FTV,2018-05-15,2018-05-17,47.96297630882263,48.35624572563172,21.29806592827717,1021.5186315417004,1029.8945095084755,1.0215186315417006,1.0298945095084755,6.324464825724817,60,45,2,True,False
AMAT,2018-05-11,2018-05-21,55.45771530532837,50.684644084930426,18.37286687600717,1018.9172205523032,931.2222184302308,1.0189172205523032,0.9312222184302308,-89.64514156105486,60,45,10,False,True
FDS,2018-05-11,2018-05-22,197.7388193893433,202.07890267944336,5.152843653557363,1018.917220552303,1041.2809911896056,1.018917220552303,1.0412809911896057,20.303572425560787,60,45,11,True,False
AVGO,2018-05-15,2018-05-29,24.243116400718687,24.851568320274357,42.13644049126529,1021.5186315417004,1047.156629641854,1.0215186315417006,1.047156629641854,23.56932283896981,60,45,14,True,False
HUM,2018-05-22,2018-05-31,294.8073336639404,295.0124236602784,3.364997451202884,992.0259263750776,992.716053690022,0.9920259263750776,0.992716053690022,-1.2946146651208892,60,45,9,False,True
ETR,2018-05-29,2018-06-01,39.804892347335816,40.3198301525116,25.160839260626865,1001.5244981378728,1014.4807654831208,1.0015244981378728,1.0144807654831207,10.940262081626996,60,45,3,True,False
IRM,2018-06-04,2018-06-05,34.16707652664184,34.60268893241882,29.340145956969614,1002.4670122146222,1015.2479437807856,1.0024670122146222,1.0152479437807855,10.763216610167888,60,45,1,True,False
AWK,2018-05-31,2018-06-06,83.95195866394043,80.6396603050232,12.008139500415536,1008.1068309697152,968.3322902088396,1.0081068309697152,0.9683322902088396,-41.75097988205414,60,45,6,False,True
REG,2018-06-06,2018-06-07,58.73935408401489,59.110429389953616,17.066956952092664,1002.5020275456104,1008.8351538180514,1.0025020275456105,1.0088351538180511,4.321789091077221,60,45,1,True,False
ZTS,2018-05-22,2018-06-11,85.43269438934325,86.91651908493043,11.611783210934542,992.0259263750776,1009.2557770632668,0.9920259263750776,1.0092557770632669,15.22856898475095,60,45,20,True,False
STZ,2018-06-05,2018-06-13,226.40313828277587,229.7650648803711,4.424283787855,1001.671734223979,1016.5458515656782,1.001671734223979,1.0165458515656782,12.85589975590949,60,45,8,True,False
BDX,2018-06-07,2018-06-13,177.69272957611082,179.38564987945557,5.622431915956001,999.0652740020644,1008.5836031467596,0.9990652740020642,1.0085836031467597,7.51068026754649,60,45,6,True,False
ELV,2018-06-14,2018-06-15,237.0784867172241,240.91947328948976,4.228390418727215,1002.4604017214576,1018.7015925420856,1.0024604017214576,1.0187015925420857,14.220028826364455,60,45,1,True,False
MDLZ,2018-06-13,2018-06-18,40.35016683197021,40.67965076255798,24.93894397299362,1006.2905499234506,1014.5075312083808,1.006290549923451,1.0145075312083809,6.196183203798228,60,45,5,True,False
D,2018-06-15,2018-06-18,65.44270866394042,66.45675286483765,15.536756037990646,1016.7673989769391,1032.5223563380189,1.0167673989769392,1.0325223563380186,13.705667605764576,60,45,3,True,False
MMM,2018-06-11,2018-06-22,172.82048265838625,164.95928817749024,5.76654243598381,996.5766470567884,951.24473548518,0.9965766470567884,0.95124473548518,-47.2797329541504,60,45,11,False,True
NEE,2018-06-22,2018-06-25,40.93045484733581,41.21438311004639,24.605177900656045,1007.1011230734672,1014.0872284884852,1.0071011230734672,1.0140872284884852,4.9649170634561415,60,45,3,True,False
CNP,2018-05-08,2018-06-26,26.493239542007444,27.096445610046388,37.72444159038172,999.4426676424512,1022.1982797231502,0.9994426676424512,1.02219827972315,20.733971133333284,60,45,49,True,False
CCL,2018-06-18,2018-06-26,64.31213877868652,58.51073091506958,15.822437176722888,1017.5747755264512,925.782364067826,1.0175747755264513,0.925782364067826,-93.73576859821948,60,45,8,False,True
PNW,2018-06-25,2018-06-26,78.71934030532836,79.96999713516236,12.887300780900825,1014.4798157888558,1030.5974065286143,1.014479815788856,1.0305974065286143,14.072513517441052,60,45,1,True,False
CL,2018-06-26,2018-07-06,65.14255561065673,65.94701335525514,15.253077111951514,993.6244239989368,1005.894880010603,0.9936244239989368,1.005894880010603,10.270936707656688,60,45,10,True,False
COO,2018-06-18,2018-07-09,58.844406126022335,60.70713048744202,17.292633956525844,1017.5747755264512,1049.7861860703852,1.0175747755264513,1.0497861860703852,30.14404958233717,60,45,21,True,False
LII,2018-07-06,2018-07-10,206.4331668319702,212.57365267944337,4.872937528670267,1005.9359258177578,1035.8581297481785,1.0059359258177578,1.0358581297481786,27.88040987485465,60,45,4,True,False
WY,2018-07-09,2018-07-19,37.31864923667907,35.17240362739563,27.24575604933039,1016.7748131930878,958.2987289006046,1.0167748131930878,0.9582987289006046,-60.45115783457686,60,45,10,False,True
GE,2018-06-27,2018-07-24,66.45639121627808,61.88733003997803,14.9940577472468,996.4509675704986,927.9422004423524,0.9964509675704988,0.9279422004423524,-70.43316029615914,60,45,27,False,True
COF,2018-07-19,2018-07-24,95.9979719467163,99.95,10.440074883254956,1002.2260157643268,1043.485484581333,1.0022260157643268,1.0434854845813328,39.21375731666035,60,45,5,True,False
UHS,2018-07-24,2018-07-26,115.31763213729856,118.41076622009278,8.585954520149336,990.111944902157,1016.669453461752,0.990111944902157,1.016669453461752,24.550727161230952,60,45,2,True,False
MMM,2018-07-26,2018-07-27,171.3983699798584,174.39435710144045,5.804962415211638,994.9610957616168,1012.3526883988586,0.9949610957616168,1.0123526883988587,15.384278853081469,60,45,1,True,False
ETN,2018-07-26,2018-07-27,78.97947244262694,80.07994274520874,12.59771767258114,994.9610957616164,1008.824509940602,0.9949610957616166,1.008824509940602,11.859628573283317,60,45,1,True,False
STX,2018-05-17,2018-07-31,59.139555610656735,54.33282061004639,17.1524189604939,1014.386434971412,931.9393024088736,1.014386434971412,0.9319393024088736,-84.39345829991873,60,45,75,False,True
L,2018-07-10,2018-08-01,50.145058931350704,50.88454484748841,20.34277375805343,1020.0895889247238,1035.13278361398,1.020089588924724,1.03513278361398,12.987972316717332,60,45,22,True,False
SJM,2018-06-27,2018-08-06,109.01447908401488,115.89202194976808,9.140537806932576,996.4509675704984,1059.315408153715,0.9964509675704986,1.059315408153715,60.808674207492345,60,45,40,True,False
DHI,2018-07-27,2018-08-08,44.33215637397766,44.24786545753479,22.74151457250135,1008.1803802092217,1006.2634771046066,1.0081803802092215,1.0062634771046066,-3.9313469619288526,60,45,12,False,True
DECK,2018-07-27,2018-08-10,18.709350763320924,20.02331615829468,53.88644389444698,1008.1803802092217,1078.9853027447198,1.0081803802092215,1.0789853027447198,68.7177568525442,60,45,14,True,False
NCLH,2018-08-10,2018-08-15,51.385680610656735,51.44426622009278,19.72312813128604,1013.4863627973234,1014.64185427888,1.0134863627973234,1.01464185427888,-0.8726367355196771,60,45,5,False,True
ABBV,2018-08-06,2018-08-20,96.3081321372986,99.28033683013916,10.500548826300342,1011.2882438774888,1042.4980243764203,1.0112882438774888,1.0424980243764206,29.155994230677607,60,45,14,True,False
COR,2018-08-16,2018-08-20,86.02299335861206,87.66614408493042,11.745342653759351,1010.3695330989638,1029.6689014113465,1.0103695330989635,1.0296689014113465,17.259329877872574,60,45,4,True,False
INCY,2018-08-20,2018-08-22,69.31463877868651,69.30532633972169,14.761860398328798,1023.213021211558,1023.0755522875912,1.023213021211558,1.0230755522875914,-2.1837574974658764,60,45,2,False,True
PSA,2018-08-20,2018-08-23,223.58173622131343,210.8945,4.5764606649208845,1023.213021211558,965.1503836981576,1.023213021211558,0.9651503836981576,-60.05100091831025,60,45,3,False,True
FIS,2018-08-23,2018-08-24,108.35415305328368,108.41576622009278,9.278361048759386,1005.3489531609002,1005.9206223679124,1.0053489531609003,1.0059206223679125,-1.4396003685167216,60,45,1,False,True
ADI,2018-08-27,2018-08-28,99.3396459159851,100.5596956100464,10.082781180088022,1001.6199122783024,1013.9214063723558,1.0016199122783025,1.0139214063723558,10.28595277540262,60,45,1,True,False
VICI,2018-08-28,2018-08-29,20.870430610656737,20.9895,48.33815795888879,1008.8381715279533,1014.5937664780964,1.0088381715279533,1.0145937664780964,3.7321630121369935,60,45,1,True,False
CAG,2018-08-06,2018-09-06,37.65881938934326,36.121929389953614,26.853955070181108,1011.288243877489,970.0166688860688,1.011288243877489,0.9700166688860687,-43.25287990418372,60,45,31,False,True
TEL,2018-08-08,2018-09-07,94.75735408401488,89.43526335525513,10.582588980239578,1002.7781311261556,946.4566324281476,1.0027781311261557,0.9464566324281476,-58.2707334615626,60,45,30,False,True
MTD,2018-09-07,2018-09-11,586.7732204589844,594.0728101196289,1.689048726104434,991.0885605284436,1003.4179231458404,0.9910885605284436,1.0034179231458404,10.334856133722496,60,45,4,True,False
MS,2018-08-29,2018-09-13,50.025,47.706134542465215,20.141046793533896,1007.5558658465332,960.8514881584156,1.0075558658465331,0.9608514881584156,-48.67278504212243,60,45,15,False,True
CHTR,2018-08-01,2018-09-14,305.1424852294922,319.84000000000003,3.2751266661640077,999.3802903546666,1047.5165129058962,0.9993802903546666,1.0475165129058963,46.08932574796893,60,45,44,True,False
MAR,2018-09-11,2018-09-14,126.96345152664183,129.75509732055664,7.806027582737883,991.0802046165704,1012.8718686851035,0.9910802046165704,1.0128718686851037,19.78771199523157,60,45,3,True,False
BA,2018-08-22,2018-09-17,354.49716732788085,359.10035877990725,2.892199920295107,1025.2766790905382,1038.590029041192,1.0252766790905383,1.0385900290411922,11.249483242522274,60,45,26,True,False
IP,2018-09-17,2018-09-18,50.44187627220153,51.01614710426331,20.11993082634884,1014.8870613479417,1026.4413507646143,1.0148870613479417,1.0264413507646146,9.51296100456034,60,45,1,True,False
IR,2018-09-14,2018-09-19,27.81389923667908,29.205389313697815,36.18233459786148,1006.3718086527264,1056.7191682090224,1.0063718086527262,1.0567191682090225,48.28426857943453,60,45,5,True,False
EG,2018-09-17,2018-09-19,224.0219586639404,225.8670057296753,4.53030170524664,1014.8870613479417,1023.2456812161008,1.0148870613479417,1.0232456812161008,6.320487125595037,60,45,2,True,False
FANG,2018-09-18,2018-09-20,123.97195866394044,129.23535305023194,8.220193547673945,1019.0734947018242,1062.339615274881,1.0190734947018243,1.062339615274881,41.184707463080144,60,45,2,True,False
KO,2018-09-11,2018-09-21,46.12304847335815,46.61667938995362,21.48774284052459,991.0802046165702,1001.687218810506,0.9910802046165702,1.001687218810506,8.614246770508771,60,45,10,True,False
TRV,2018-09-20,2018-09-21,133.3966668319702,134.39277671051025,7.720074063648216,1029.8321477866157,1037.522189824476,1.0298321477866157,1.0375221898244762,5.622687700249344,60,45,1,True,False
PM,2018-09-21,2018-09-24,82.98147244262695,83.46824713516236,12.50498217176456,1037.6818334818222,1043.7689423336435,1.0376818334818223,1.0437689423336436,4.00565807600583,60,45,3,True,False
HAL,2018-09-19,2018-09-25,39.419701526641845,41.32932347488404,25.920743236988407,1021.7879617508032,1071.2867819509063,1.0217879617508032,1.0712867819509064,47.40574545640163,60,45,6,True,False
SJM,2018-09-14,2018-09-28,110.805375,102.13890744018556,9.082337464700846,1006.3718086527264,927.6600256476092,1.0063718086527265,0.9276600256476092,-80.64581483941765,60,45,14,False,True
BEN,2018-09-20,2018-10-01,32.64631606864929,30.45476431369781,31.545125815147564,1029.8321477866157,960.6993719462638,1.0298321477866157,0.960699371946264,-71.1233073600846,60,45,11,False,True
WDC,2018-09-24,2018-10-10,45.57833502960205,40.811028064727786,22.82780543436301,1040.4533640779678,931.6262082379344,1.0404533640779678,0.9316262082379344,-110.7992354123495,60,45,16,False,True
FE,2018-10-08,2018-10-10,38.019,38.24086832237244,25.213659039186613,958.5981030108358,964.1922152427308,0.9585981030108358,0.9641922152427308,3.671321913641464,60,45,2,True,False
GL,2018-09-21,2018-10-12,88.79437499999999,84.3178206100464,11.686346499784726,1037.6818334818222,985.3672677556922,1.0376818334818223,0.9853672677556922,-54.33761482736759,60,45,21,False,True
BKR,2018-09-27,2018-10-12,33.82690637397766,31.02448091506958,30.028756961813663,1015.7799502742008,931.6265972650508,1.0157799502742006,0.9316265972650508,-86.10075955668901,60,45,15,False,True
ES,2018-10-10,2018-10-25,63.33164923667908,64.30782633972169,15.167738544872323,960.5978972375112,975.4042963099524,0.9605978972375112,0.9754042963099524,12.870396878893644,60,45,15,True,False
CAG,2018-10-16,2018-10-25,35.94796530532837,37.01148377990723,26.411044889046234,949.423325348904,977.5119595213364,0.949423325348904,0.9775119595213364,26.16169888756224,60,45,9,True,False
WELL,2018-10-25,2018-10-26,65.67281938934326,65.88703816986084,14.017878984500143,920.5936347707484,923.5965277122511,0.9205936347707484,0.9235965277122512,1.1587027790197908,60,45,1,True,False
DECK,2018-10-29,2018-10-30,19.62981083965301,20.30983969497681,46.7146577229908,916.9998945414452,948.7672097596536,0.9169998945414451,0.9487672097596536,29.90154811390721,60,45,1,True,False
KO,2018-10-25,2018-10-31,46.67332652664184,47.47625,19.72419159464153,920.5936347707484,936.4306511950998,0.9205936347707484,0.9364306511950998,13.979992138385455,60,45,6,True,False
PSA,2018-10-30,2018-10-31,206.103,208.09589694976808,4.4887863729886455,925.1523378320788,934.0980265029684,0.9251523378320788,0.9340980265029684,7.086438306554669,60,45,1,True,False
MRK,2018-10-31,2018-11-01,70.0827304573059,70.38463565826416,13.373780959548474,937.2710861830856,941.30870021125,0.9372710861830856,0.94130870021125,2.159034241769973,60,45,1,True,False
ENPH,2018-09-28,2018-11-05,5.152575095415116,5.217389790296555,194.83722017254695,1003.913408320977,1016.5417232980086,1.003913408320977,1.0165417232980087,10.607859845412577,60,45,38,True,False
ECL,2018-11-05,2018-11-06,155.0274719467163,156.07191889953614,6.194476216936969,960.3139879457972,966.783789754892,0.9603139879457974,0.966783789754892,4.54270403139401,60,45,1,True,False
DLTR,2018-10-17,2018-11-09,86.34315305328369,87.64615744018555,10.974277952867691,947.553760933732,961.8532932493988,0.947553760933732,0.9618532932493988,12.390125261483831,60,45,23,True,False
AZN,2018-10-17,2018-11-09,78.75936122131347,81.97898664474488,12.03099855357016,947.553760933732,986.289069746073,0.947553760933732,0.986289069746073,36.80146598166118,60,45,23,True,False
FRT,2018-10-31,2018-11-09,126.97345866394042,128.12590744018556,7.381629956727831,937.2710861830856,945.778036593411,0.9372710861830856,0.945778036593411,6.623901287548961,60,45,9,True,False
INTU,2018-11-09,2018-11-20,223.00144438934325,197.5111956100464,4.462210061855474,995.0792889624314,881.3364443802539,0.9950792889624316,0.8813364443802538,-115.61926031552024,60,45,11,False,True
DRI,2018-11-09,2018-11-20,112.3861668319702,112.57368225479128,8.85410826805923,995.0792889624316,996.73957081802,0.9950792889624316,0.99673957081802,-0.3315370041920005,60,45,11,False,True
KMB,2018-11-21,2018-11-26,111.35565305328367,112.57368225479128,8.491224186754808,945.5458145379192,955.888373553934,0.9455458145379194,0.9558883735539342,8.441124827922863,60,45,5,True,False
COO,2018-11-09,2018-11-27,66.90843749999999,67.98349308013917,14.872254175154392,995.0792889624316,1011.0677888026796,0.9950792889624316,1.0110677888026796,13.982352762482831,60,45,18,True,False
YUM,2018-11-01,2018-11-29,90.52524335861206,91.67414122009278,10.45443208562773,946.3900087275324,958.4010833937056,0.9463900087275324,0.9584010833937056,10.106283574051872,60,45,28,True,False
HLT,2018-11-27,2018-11-29,74.55725664138794,76.79158683013917,12.986625406996945,968.2471633750404,997.2635725718972,0.9682471633750402,0.9972635725718972,27.050898460910048,60,45,2,True,False
AMAT,2018-11-27,2018-11-29,35.667826526641846,36.77160591506959,27.146233949854345,968.2471633750404,998.2106168823268,0.9682471633750402,0.9982106168823268,27.99699572702912,60,45,2,True,False
WDAY,2018-11-29,2018-12-03,143.44168011474608,164.4077604904175,6.837758117450753,980.8195125853792,1124.1804988652516,0.9808195125853792,1.1241804988652515,141.2559862684218,60,45,4,True,False
CTAS,2018-11-29,2018-12-04,46.97097207069397,47.47375262260437,20.881396942545503,980.8195125853792,991.3182728648126,0.9808195125853792,0.9913182728648126,8.526622493983155,60,45,5,True,False
NOW,2018-12-03,2018-12-04,38.42920484733581,37.09944103050232,26.05883457503976,1001.4202919670398,966.7681966403024,1.00142029196704,0.9667681966403024,-36.62028381534469,60,45,1,False,True
MCO,2018-11-29,2018-12-10,157.79886122131347,145.46722328948977,6.215631120491905,980.8195125853792,904.1706000896974,0.9808195125853792,0.9041706000896974,-78.53390260835704,60,45,11,False,True
NKE,2018-12-04,2018-12-18,77.45870816802979,70.86455152511597,13.106803862748746,1015.2360954202608,928.8077776613476,1.0152360954202606,0.9288077776613476,-88.37236163199464,60,45,14,False,True
INCY,2018-11-06,2018-12-24,69.13454847335815,58.22087500000001,14.074612702061652,973.0419940944236,819.4362668001437,0.9730419940944236,0.8194362668001437,-155.3982055551744,60,45,48,False,True
FSLR,2018-11-28,2018-12-24,45.52275,39.960009542465215,21.377122876662785,973.1454204336006,854.2300341418963,0.9731454204336006,0.8542300341418964,-120.74276174627984,60,45,26,False,True
DHI,2018-12-04,2018-12-24,37.488736221313474,33.43327576255798,27.08109682403933,1015.2360954202608,905.4097780706404,1.0152360954202606,0.9054097780706404,-111.74696322311128,60,45,20,False,True
KMX,2018-12-27,2019-01-08,61.98097576332092,65.967,14.425503768681612,894.1067994603495,951.6072071086198,0.8941067994603495,0.95160720710862,55.65469364170133,60,45,12,True,False
TPL,2018-12-31,2019-01-08,62.35783111953735,69.87726770401001,14.408204276595976,898.4643690157677,1006.8059473697588,0.8984643690157678,1.0068059473697588,106.4363080376056,60,45,8,True,False
DXCM,2019-01-08,2019-01-09,32.88143417930603,33.20089002990723,28.287991344590424,930.1497254619286,939.1864897987142,0.9301497254619286,0.9391864897987142,7.167428121525063,60,45,1,True,False
BLDR,2019-01-08,2019-01-09,12.60630038166046,12.64367461872101,73.78451229157625,930.1497254619286,932.907365315711,0.9301497254619286,0.9329073653157112,0.8945827630047916,60,45,1,True,False
VRTX,2019-01-08,2019-01-09,177.08849999999998,179.05042938995362,5.2524569662170535,930.1497254619286,940.4546751534166,0.9301497254619286,0.9404546751534166,8.43434529087267,60,45,1,True,False
PANW,2018-12-13,2019-01-10,31.682501272201534,31.97733714962006,30.57101832669252,968.5663270279322,977.5797600398604,0.9685663270279322,0.9775797600398602,7.067286924860355,60,45,28,True,False
SWK,2019-01-09,2019-01-10,128.85438828277586,130.08491889953615,7.228001857814494,931.359757895454,940.2540354794952,0.931359757895454,0.9402540354794952,7.022663790666002,60,45,1,True,False
LVS,2019-01-09,2019-01-10,56.90844106864929,56.43176908493042,16.36593342579784,931.359757895454,923.558575943968,0.931359757895454,0.923558575943968,-9.656100285325351,60,45,1,False,True
AMGN,2019-01-09,2019-01-11,202.46118061065675,200.5396793899536,4.600189305852696,931.3597578954542,922.5204885287928,0.9313597578954542,0.9225204885287928,-10.693149613085666,60,45,2,False,True
MCHP,2019-01-10,2019-01-11,37.73886122131348,38.17090362739563,24.76760103512624,934.7010582494892,945.401712193588,0.9347010582494892,0.945401712193588,8.82055117365553,60,45,1,True,False
TEL,2019-01-11,2019-01-14,77.46871530532836,77.78108969497681,12.14527266984867,940.878670766092,944.67254290345,0.940878670766092,0.94467254290345,1.908320923688393,60,45,3,True,False
ISRG,2019-01-10,2019-01-18,170.24174031829833,179.71010305023194,5.4904341115280735,934.7010582494892,986.6864799732188,0.9347010582494892,0.9866864799732188,50.06403418550679,60,45,8,True,False
PWR,2019-01-11,2019-01-18,32.316149236679074,32.74361832237244,29.114813893054663,940.8786707660918,953.3243536410884,0.9408786707660918,0.9533243536410884,10.55147985058943,60,45,7,True,False
JBL,2018-12-28,2019-01-22,24.392189160346984,25.27735591506958,36.815846043020905,898.019080779578,930.6072437438456,0.8980190807795779,0.9306072437438456,30.75953663974417,60,45,25,True,False
DRI,2019-01-14,2019-01-22,107.70382652664183,108.64564694976808,8.69718041662371,936.7196108629464,944.9107930029364,0.9367196108629464,0.9449107930029365,6.309551736123922,60,45,8,True,False
ARE,2019-01-18,2019-01-22,123.41167347335816,123.88802194976807,7.722331053618824,953.0257984423802,956.7043190741044,0.9530257984423802,0.9567043190741046,1.7687905142079217,60,45,4,True,False
FTV,2019-01-18,2019-01-22,45.30047094726562,45.65858247566224,21.03787838214308,953.0257984423802,960.5597052240314,0.9530257984423802,0.9605597052240314,5.6203212779848855,60,45,4,True,False
TRV,2019-01-22,2019-01-28,123.56175,124.17787786483764,7.771137248907797,960.2153179652328,965.0033321657628,0.9602153179652329,0.965003332165763,2.862795550399028,60,45,6,True,False
ROP,2019-01-22,2019-01-31,279.55972343444824,287.4861898803711,3.43474126447398,960.2153179652328,987.4406793485124,0.9602153179652329,0.9874406793485124,25.277705385965877,60,45,9,True,False
ADM,2019-01-22,2019-01-31,44.10204183197021,44.44776622009277,21.772581905020974,960.2153179652328,967.7426305221946,0.9602153179652329,0.9677426305221948,5.599354608474414,60,45,9,True,False
GOOGL,2019-01-22,2019-02-01,54.82739923667907,56.08644088935852,17.513420868645852,960.2153179652328,982.2654443197636,0.9602153179652329,0.9822654443197636,20.10764559224572,60,45,10,True,False
BKNG,2019-01-31,2019-02-01,72.85120384597778,72.92551698684693,13.235310206287892,964.2082818030294,965.1918392748362,0.9642082818030294,0.9651918392748362,-0.9458426492710714,60,45,1,False,True
HLT,2019-01-31,2019-02-01,74.17706938934326,74.37279866027832,12.998737881407235,964.2082818030294,966.7525152916332,0.9642082818030294,0.9667525152916332,0.6132726915091098,60,45,1,True,False
BR,2019-01-28,2019-02-04,100.86040255737304,103.09842652511595,9.51202818877433,959.3869922568588,980.6751393251824,0.9593869922568588,0.9806751393251822,19.34808493674132,60,45,7,True,False
POOL,2019-01-10,2019-02-05,152.75633267211913,154.76257633972168,6.118902188204271,934.7010582494892,946.9770670172536,0.9347010582494892,0.9469770670172536,10.394330642497492,60,45,26,True,False
CCEP,2019-02-01,2019-02-05,47.00348954200744,47.9959904575348,20.579651750682302,967.3154458413508,987.7407690451372,0.9673154458413508,0.9877407690451372,18.47026698889988,60,45,4,True,False
DELL,2019-02-01,2019-02-05,24.83755066108704,25.972814515113832,38.94568587058156,967.315445841351,1011.5290752805043,0.967315445841351,1.0115290752805044,42.23478491803155,60,45,4,True,False
WBD,2019-02-01,2019-02-06,28.51425,29.09544561004639,33.92393087110308,967.315445841351,987.0318855391532,0.967315445841351,0.9870318855391532,17.762092366421825,60,45,5,True,False
VMC,2019-02-04,2019-02-06,104.31213213729858,105.57718225479128,9.376236651013237,978.0552364910748,989.9166457680782,0.9780552364910746,0.9899166457680784,9.89343739474441,60,45,2,True,False
DGX,2019-02-05,2019-02-08,88.22409030532836,89.46524713516236,11.18973323917022,987.204035785088,1001.0922496189046,0.987204035785088,1.0010922496189043,11.899917548412644,60,45,3,True,False
CMCSA,2019-02-06,2019-02-08,34.82527670860291,35.12769485282898,28.510601428424067,992.8895838735574,1001.5117070483108,0.9928895838735574,1.0015117070483106,6.627721883831441,60,45,2,True,False
PTC,2019-02-06,2019-02-13,87.62379183197021,89.61517366027833,11.331278447496883,992.8895838735576,1015.4544858654024,0.9928895838735576,1.0154544858654022,20.556557922105867,60,45,7,True,False
BRO,2019-02-13,2019-02-19,28.54426568698883,28.965509542465213,35.47327451797421,1012.5585726285464,1027.50147155287,1.0125585726285464,1.02750147155287,12.902838880142212,60,45,6,True,False
ALB,2019-02-05,2019-02-20,81.29062499999999,83.27833969497681,12.144131451629114,987.204035785088,1011.3431043292212,0.987204035785088,1.0113431043292211,22.14052140401907,60,45,15,True,False
PCG,2019-02-11,2019-02-20,14.32715969467163,18.050969466209413,69.61348347089401,997.3634945898824,1256.5908645695815,0.9973634945898824,1.2565908645695816,256.9734156205397,60,45,9,True,False
FCX,2019-02-14,2019-02-20,12.146070343494417,13.633180343151093,83.56242045028498,1014.9550368618176,1139.221547908952,1.0149550368618176,1.139221547908952,122.11233446236383,60,45,6,True,False
STZ,2019-02-06,2019-02-22,174.42716633605957,165.6371412200928,5.692287530261254,992.8895838735576,942.8542335152564,0.9928895838735576,0.9428542335152564,-51.97109417568981,60,45,16,False,True
MSFT,2019-02-19,2019-02-25,107.8438959159851,111.70412213516236,9.490442756731,1023.4863208535128,1060.1215768146465,1.0234863208535128,1.0601215768146466,34.551648063465564,60,45,6,True,False
MKC,2019-02-22,2019-02-25,66.09803494262695,67.88104341506958,16.30717670713295,1077.872335803666,1106.9481700341032,1.077872335803666,1.1069481700341033,26.89101372459936,60,45,3,True,False
CHD,2019-02-25,2019-03-14,66.34315255737305,66.87654866027832,16.390432355501762,1087.3929542423566,1096.1355469857135,1.0873929542423566,1.0961355469857137,6.559064242128898,60,45,17,True,False
L,2019-02-26,2019-03-19,47.80388877868652,48.73561832237244,22.670874045146952,1083.755941369816,1104.8790644988617,1.083755941369816,1.1048790644988618,18.93448812317706,60,45,21,True,False
DGX,2019-03-14,2019-03-20,88.34415305328369,89.14540744018555,12.248828201873728,1082.1123533897105,1091.926780720869,1.0821123533897103,1.091926780720869,7.640388197048196,60,45,6,True,False
CPB,2019-02-28,2019-03-22,36.22810408401489,37.72113167762757,29.91934203115698,1083.9210372299965,1128.5914404652494,1.0839210372299966,1.1285914404652495,42.45789075755761,60,45,22,True,False
TTWO,2019-03-14,2019-03-22,93.64679847335816,98.84055438995362,11.555251979036568,1082.1123533897105,1142.1275117235832,1.0821123533897103,1.1421275117235832,57.79091846875963,60,45,8,True,False
SW,2019-03-14,2019-03-22,29.11455038166046,30.04496946620941,37.16740733428408,1082.1123533897105,1116.6936184967328,1.0821123533897103,1.1166936184967329,32.38245913513606,60,45,8,True,False
MMM,2019-03-20,2019-03-22,174.83653534698485,174.06843981933594,6.251987258996027,1093.0757913963578,1088.2736679438049,1.0930757913963578,1.088273667943805,-6.983472911893159,60,45,2,False,True
VTR,2019-03-25,2019-03-26,64.282125,64.9675,17.05368159891406,1096.2468922515934,1107.9350592774492,1.096246892251593,1.1079350592774493,9.48398507432671,60,45,1,True,False
WY,2019-03-22,2019-03-29,26.263125,26.706639313697817,42.38199640584333,1113.0836693562142,1131.880691405295,1.1130836693562145,1.131880691405295,16.552057688319337,60,45,7,True,False
TSCO,2019-03-29,2019-04-01,19.18558859539032,19.62218396949768,57.691822289647874,1106.8515677675532,1132.0395505030374,1.1068515677675532,1.1320395505030374,22.94909161721353,60,45,3,True,False
FDX,2019-03-19,2019-04-02,148.1965435409546,150.21493979644777,7.371426310488447,1092.4199001812394,1107.2983594439731,1.0924199001812394,1.1072983594439731,12.678741003108373,60,45,14,True,False
RMD,2019-04-01,2019-04-02,104.91243061065671,104.3777853050232,10.624970628500792,1114.6914938028551,1109.0109031338332,1.1146914938028551,1.109010903133833,-7.9042930659586546,60,45,1,False,True
DG,2019-03-26,2019-04-08,119.41968061065673,122.17887786483766,9.125933304894891,1089.816040544703,1114.996290661407,1.0898160405447028,1.1149962906614073,22.975437785498343,60,45,13,True,False
NXPI,2019-04-02,2019-04-08,94.38716633605956,97.701125,11.907611399208074,1123.9256978022115,1163.387029765453,1.1239256978022116,1.163387029765453,37.17401923567377,60,45,6,True,False
SLB,2019-04-02,2019-04-09,44.92245152664184,45.83707061004639,25.01924226320669,1123.9256978022115,1146.8087742284615,1.1239256978022116,1.1468087742284618,20.612341954219573,60,45,7,True,False
MET,2019-04-08,2019-04-15,44.92245152664184,45.76710591506959,25.62595051539066,1151.1805198517595,1172.8255914122165,1.1511805198517595,1.1728255914122163,19.32106544919293,60,45,7,True,False
PFE,2019-04-09,2019-04-17,40.798377428054806,38.78515170860291,28.24217663412442,1152.2349817087986,1095.377105335676,1.152234981708799,1.095377105335676,-59.10548846016718,60,45,8,False,True
DVA,2019-03-22,2019-04-18,54.76737167930603,51.05446183013916,20.32384675813821,1113.0836693562142,1037.6230585549645,1.1130836693562145,1.0376230585549644,-77.61131752916094,60,45,27,False,True
NOC,2019-04-15,2019-04-24,283.0614734344482,289.4052127990723,4.01957425580903,1137.7866114284798,1163.285742864085,1.1377866114284798,1.163285742864085,23.19805908131275,60,45,9,True,False
MGM,2019-04-08,2019-04-29,27.51375,28.42578053379059,41.84018971793229,1151.1805198517595,1189.3400504141048,1.1511805198517595,1.1893400504141047,35.81900999207937,60,45,21,True,False
HPQ,2019-04-17,2019-04-29,20.610300381660466,19.3203349237442,54.82806047063245,1130.0227956435788,1059.296491511919,1.1300227956435789,1.059296491511919,-72.91562341881536,60,45,12,False,True
ADM,2019-04-30,2019-05-01,43.431704847335816,44.417778627395634,25.43065054598215,1104.4965085888362,1129.573006302093,1.104496508588836,1.129573006302093,22.84242819836595,60,45,1,True,False
MPC,2019-03-22,2019-05-03,62.151058931350704,59.23036832237244,17.909327507769046,1113.0836693562142,1060.776064691157,1.1130836693562145,1.060776064691157,-54.48146439910465,60,45,42,False,True
ON,2019-04-25,2019-05-06,23.091539923667906,22.5687099237442,48.12296155589403,1111.2332880130627,1086.0731600264662,1.1112332880130629,1.086073160026466,-27.35743443463593,60,45,11,False,True
TMO,2019-05-01,2019-05-06,277.31858267211913,272.64360877990725,4.0521229617286,1123.728996559725,1104.785427505611,1.123728996559725,1.1047854275056113,-21.172083478179047,60,45,5,False,True
DVA,2019-05-03,2019-05-07,56.63830561065674,57.0614551525116,19.62208607188757,1111.361707658179,1119.664784389735,1.111361707658179,1.119664784389735,6.072050239507917,60,45,4,True,False
CAH,2019-05-06,2019-05-10,48.8143959159851,50.21488167762757,22.622877274432764,1104.322088032903,1136.0051055431309,1.104322088032903,1.1360051055431308,29.442690316652037,60,45,4,True,False
TPR,2019-05-10,2019-05-14,33.06652423667907,30.464759542465213,33.21070991464571,1098.1627443099503,1011.756291784247,1.0981627443099504,1.011756291784247,-88.51637156179754,60,45,4,False,True
FANG,2019-05-10,2019-05-17,108.0940209159851,109.70512213516236,10.159329211774676,1098.1627443099503,1114.5304519890635,1.0981627443099504,1.1145304519890638,14.155014482814297,60,45,7,True,False
T,2019-05-17,2019-05-20,23.735425930023197,24.36847449302673,45.66070014998359,1083.7761663229344,1112.681606938617,1.0837761663229344,1.1126816069386172,26.708982842421165,60,45,3,True,False
CNC,2019-05-07,2019-05-22,55.66781938934326,56.971500000000006,20.004994021511923,1113.6343940744173,1139.7145168965667,1.1136343940744171,1.1397145168965668,23.826773911178407,60,45,15,True,False
ELV,2019-05-22,2019-05-24,274.7873188934326,277.0514074401856,4.012500027222029,1102.5841245401668,1111.668779895646,1.1025841245401669,1.1116687798956462,6.870402451043447,60,45,2,True,False
D,2019-05-22,2019-05-24,76.76836835861205,78.11092652511597,14.36247960083779,1102.5841245401668,1121.8665888195176,1.1025841245401669,1.1218665888195176,17.058013565990905,60,45,2,True,False
ABT,2019-04-29,2019-06-06,78.59927755737304,78.81057347488404,14.081187643340291,1106.771175916355,1109.7464733790994,1.1067711759163554,1.1097464733790994,0.7587798134486547,60,45,38,True,False
PCG,2019-06-06,2019-06-07,20.58028469467163,20.8195849237442,53.87353823306268,1108.7327543457068,1121.6247043858286,1.1087327543457068,1.1216247043858287,10.661592581390323,60,45,1,True,False
DECK,2019-05-28,2019-06-10,25.506080483436584,26.736625,43.21944004821623,1102.3585163188654,1155.5419612791393,1.1023585163188654,1.155541961279139,50.92554448267583,60,45,13,True,False
EW,2019-06-07,2019-06-10,60.38684489822387,61.59918606758118,18.48543097404626,1116.2768531065549,1138.687502109704,1.116276853106555,1.138687502109704,20.15568464793296,60,45,3,True,False
HCA,2019-04-29,2019-06-11,125.84288877868651,130.2748263397217,8.794864665438327,1106.771175916355,1145.7494669713326,1.1067711759163554,1.1457494669713326,36.72577041208956,60,45,43,True,False
CMG,2019-06-11,2019-06-12,14.417405219078065,14.6680620803833,79.13834584218736,1140.9696003743568,1160.806169752048,1.1409696003743568,1.160806169752048,17.53479360756478,60,45,1,True,False
TEL,2019-06-10,2019-06-13,91.76586122131349,92.01396755981446,12.39962308215801,1137.8620909539072,1140.9385160356137,1.1378620909539072,1.1409385160356138,0.7976244747169403,60,45,3,True,False
HPQ,2019-05-28,2019-06-19,19.989989542007446,20.559714694976808,55.14552741522664,1102.3585163188654,1133.7763103610816,1.1023585163188654,1.1337763103610816,29.18165921553623,60,45,22,True,False
KEYS,2019-05-31,2019-06-19,78.61929183197022,85.95700000000001,13.827794190144225,1087.131386827371,1188.5957052022272,1.087131386827371,1.1885957052022271,99.18859128282656,60,45,19,True,False
GILD,2019-06-13,2019-06-19,66.34315255737305,67.99598377990723,17.31719671876837,1148.8774237792898,1177.4998272028367,1.1488774237792898,1.1774998272028367,26.29602617256478,60,45,6,True,False
PCAR,2019-06-19,2019-06-20,47.35699872779846,48.0026552143097,24.54859783465462,1162.5479164249748,1178.3978778516753,1.1625479164249748,1.1783978778516753,13.509015632423823,60,45,1,True,False
CNP,2019-06-20,2019-06-21,30.125055610656737,30.02498091506958,38.55444549371096,1161.4548145360766,1157.596490139762,1.1614548145360766,1.157596490139762,-6.1773757009902965,60,45,1,False,True
ODFL,2019-06-21,2019-06-24,48.47089005088806,48.8089153957367,24.01507290104913,1164.0319581508138,1172.149661449756,1.1640319581508138,1.172149661449756,5.781521679341495,60,45,3,True,False
PNC,2019-06-12,2019-07-01,135.15754133605955,138.3108148803711,8.486280232259412,1146.9847712809865,1173.7443342269844,1.1469847712809864,1.1737443342269844,24.438833840489902,60,45,19,True,False
BBY,2019-06-19,2019-07-02,68.72434744262695,72.3937853050232,16.916099747553123,1162.5479164249748,1224.620493322718,1.1625479164249748,1.224620493322718,59.68540848799557,60,45,13,True,False
SWKS,2019-06-19,2019-07-02,75.9879719467163,81.56919561004639,15.299104406157433,1162.5479164249748,1247.9356399643782,1.1625479164249748,1.2479356399643782,82.97723998301399,60,45,13,True,False
AKAM,2019-06-10,2019-07-05,80.0299928627014,80.87953816986085,14.217945675766972,1137.8620909539072,1149.940879980203,1.1378620909539072,1.149940879980203,9.7909860553616,60,45,25,True,False
CHRW,2019-07-01,2019-07-05,85.35265255737305,84.52771469497681,13.731339105047065,1172.006215780552,1160.6787142513965,1.172006215780552,1.1606787142513966,-13.660186459187344,60,45,4,False,True
PNR,2019-07-02,2019-07-05,37.43870816802978,37.81108683013916,32.049397559236574,1199.8880421814242,1211.8225539659445,1.1998880421814242,1.2118225539659444,9.522801188372796,60,45,3,True,False
FTNT,2019-07-05,2019-07-10,15.685839450359344,16.187901145935058,76.73092114953664,1203.588910029814,1242.1125664052367,1.203588910029814,1.2421125664052368,36.07795489898763,60,45,5,True,False
LW,2019-07-05,2019-07-10,63.57177091598511,64.9675,18.932757302300853,1203.588910029814,1230.0139100372307,1.203588910029814,1.2300139100372307,23.99139718734955,60,45,5,True,False
TRGP,2019-07-10,2019-07-11,40.82039923667907,41.729125,29.732612841662952,1213.6971265462928,1240.7159178463587,1.2136971265462928,1.2407159178463587,24.56437825567332,60,45,1,True,False
CVS,2019-07-08,2019-07-12,55.40769106864929,57.87105152511597,21.858112816048656,1211.1075622553078,1264.9519730193497,1.2111075622553078,1.2649519730193497,51.3683512287671,60,45,4,True,False
ADSK,2019-06-24,2019-07-15,171.4556801147461,174.81254389953614,6.748634779752499,1157.0917660084945,1179.74601369742,1.1570917660084945,1.17974601369742,20.317409909219577,60,45,21,True,False
HAL,2019-07-12,2019-07-18,23.911949618339538,21.67915553379059,51.41662403816596,1229.47172354573,1114.6689895458358,1.2294717235457302,1.1146689895458357,-117.14687471298588,60,45,6,False,True
PM,2019-07-15,2019-07-19,82.041,88.31582061004639,15.018057677595444,1232.0964699276078,1326.332087765849,1.2320964699276078,1.326332087765849,91.67718928054774,60,45,4,True,False
ARE,2019-07-10,2019-07-23,148.66429133605956,141.24934732055664,8.164012458127543,1213.6971265462928,1153.161431227409,1.2136971265462928,1.1531614312274088,-62.90255387665775,60,45,13,False,True
RTX,2019-07-15,2019-07-24,83.90599911117553,84.52662423706055,14.684247645929092,1232.0964699276078,1241.209882971389,1.2320964699276078,1.2412098829713891,6.640106690882476,60,45,9,True,False
T,2019-07-25,2019-07-29,25.37521865272522,25.71976155471802,48.27604085108992,1225.0150922843018,1241.6482594958593,1.2250150922843015,1.241648259495859,14.166503859777322,60,45,4,True,False
RJF,2019-07-02,2019-08-01,57.0285,53.60651463317871,21.040147333025143,1199.8880421814242,1127.8889658920484,1.1998880421814242,1.1278889658920483,-74.32685329744913,60,45,30,False,True
PAYX,2019-07-29,2019-08-01,86.64329847335814,83.07844274520875,13.995671297868958,1212.631125596272,1162.7385766007676,1.2126311255962718,1.1627385766007676,-52.26791869770136,60,45,3,False,True
TAP,2019-07-25,2019-08-02,56.82839923667908,52.633669847488406,21.55638921276588,1225.0150922843018,1134.59187292868,1.2250150922843015,1.13459187292868,-92.78282632083484,60,45,8,False,True
HAL,2019-07-23,2019-08-05,23.68183507633209,20.44976908493042,51.38583280313511,1216.9108177038213,1050.828415060956,1.2169108177038213,1.050828415060956,-168.35014187563024,60,45,13,False,True
EXPD,2019-07-25,2019-08-06,76.47822244262694,77.87104866027832,16.017829038891346,1225.0150922843018,1247.3251445195272,1.2250150922843015,1.2473251445195273,19.837711998421582,60,45,12,True,False
CME,2019-08-05,2019-08-07,203.39163828277583,206.6366354904175,5.545285462336371,1127.8646949302547,1145.859130771112,1.1278646949302549,1.145859130771112,15.720712015155868,60,45,2,True,False
VRTX,2019-08-02,2019-08-09,177.8688887786865,182.84853244018555,6.475318584012478,1151.7577210262773,1184.002500169342,1.1517577210262773,1.1840025001693422,29.90901892186912,60,45,7,True,False
LEN,2019-08-08,2019-08-09,48.291314987182616,49.01710516357422,23.523300319515428,1135.971105267813,1153.0440855560269,1.1359711052678132,1.1530440855560269,14.78396509738991,60,45,1,True,False
CPAY,2019-08-08,2019-08-09,292.64625,295.35225,3.881721037832581,1135.971105267813,1146.4750423961882,1.1359711052678132,1.1464750423961882,8.221490980711224,60,45,1,True,False
KDP,2019-08-09,2019-08-12,28.994489542007443,29.04546946620941,40.08431934420449,1162.2243780240235,1164.2678735858788,1.1622243780240238,1.164267873585879,-0.2829966897550093,60,45,3,False,True
SYY,2019-08-13,2019-08-14,71.14555561065673,73.00348091506959,16.035706023215273,1140.8692146308051,1170.6623586254625,1.1408692146308053,1.1706623586254623,27.481612421401,60,45,1,True,False
BKR,2019-08-01,2019-08-15,24.952470534324643,21.75911545753479,47.231659193322265,1178.5465843086374,1027.7191256384338,1.1785465843086371,1.0277191256384337,-153.03372438015072,60,45,14,False,True
WMT,2019-08-16,2019-08-20,38.04568188285828,37.93435814094544,29.554702938207164,1124.4288261294066,1121.138686007203,1.1244288261294066,1.121138686007203,-5.53570763434027,60,45,4,False,True
STZ,2019-08-20,2019-08-21,201.6507780532837,203.70809255981447,5.651700869435511,1139.6698776460908,1151.297203831353,1.1396698776460907,1.1512972038313531,9.336359103784844,60,45,1,True,False
J,2019-08-07,2019-08-30,68.94435179901123,73.16621078872681,16.53834610923323,1140.2255523287845,1210.0481175250786,1.1402255523287843,1.2100481175250786,67.47229152644036,60,45,23,True,False
HWM,2019-08-30,2019-09-04,19.9486194562912,19.997665614128117,57.44269042214087,1145.9023717768314,1148.719715037853,1.1459023717768315,1.148719715037853,0.5227211742067084,60,45,5,True,False
MDLZ,2019-09-04,2019-09-05,55.857916831970215,56.37180152511597,20.220807545287,1129.492186139917,1139.8833496204863,1.1294921861399172,1.1398833496204863,8.12178794480883,60,45,1,True,False
BKNG,2019-08-09,2019-09-06,77.10013053131104,80.21347427368164,15.07422062731832,1162.2243780240235,1209.155608485199,1.1622243780240238,1.209155608485199,44.559850474666064,60,45,28,True,False
ADP,2019-08-09,2019-09-06,170.0349719467163,173.6531354904175,6.835207867639305,1162.2243780240235,1186.955277944336,1.1622243780240238,1.186955277944336,22.381720264343585,60,45,28,True,False
INTC,2019-09-05,2019-09-06,49.954965305328365,50.224875,22.89601031853335,1143.7694010927737,1149.9492562470475,1.1437694010927737,1.1499492562470477,3.886136496934114,60,45,1,True,False
ACN,2019-08-30,2019-09-09,200.1,200.8695162200928,5.7266485346168485,1145.9023717768314,1150.3091207109896,1.1459023717768315,1.1503091207109897,2.110537441670431,60,45,10,True,False
RTX,2019-09-06,2019-09-09,84.25230254745483,84.69646115112305,13.747616517341882,1158.2683461254755,1164.3744682815843,1.1582683461254757,1.1643744682815844,3.783479341701877,60,45,3,True,False
LKQ,2019-09-06,2019-09-10,27.0135,27.476254771232608,42.87738893980697,1158.2683461254755,1178.1100624353676,1.1582683461254757,1.1781100624353675,17.50533790133136,60,45,4,True,False
FAST,2019-09-09,2019-09-10,15.867929656505584,15.887052957534792,73.38938268919615,1164.5375620465331,1165.9410093040465,1.1645375620465332,1.1659410093040463,-0.927031313837233,60,45,1,False,True
MAS,2019-09-09,2019-09-10,42.021,41.95900954246521,27.713228196533475,1164.5375620465331,1162.819606350864,1.1645375620465332,1.162819606350864,-4.045312864066545,60,45,1,False,True
COF,2019-09-10,2019-09-11,91.39567347335814,91.78408683013916,12.660301719669938,1157.0968020451485,1162.0142323339458,1.1570968020451482,1.1620142323339455,2.5983192544183566,60,45,1,True,False
CNP,2019-09-10,2019-09-11,28.79439068698883,29.17540553379059,40.18479899864662,1157.0968020451485,1172.407807079377,1.1570968020451482,1.1724078070793773,12.981500425104514,60,45,1,True,False
AVGO,2019-09-11,2019-09-12,29.646815969467163,30.12792814922333,39.46648766546536,1170.0556967792973,1189.043504687349,1.1700556967792972,1.189043504687349,16.62870870658503,60,45,1,True,False
MMM,2019-09-11,2019-09-13,142.09441868591307,142.56245691680908,8.234353661459428,1170.0556967792973,1173.9096890995788,1.1700556967792972,1.1739096890995788,1.5100269344025037,60,45,2,True,False
TKO,2019-08-21,2019-09-18,74.63729847335814,75.62217366027832,15.244208030334304,1137.7865047500245,1152.80014698335,1.1377865047500246,1.15280014698335,12.723055581592234,60,45,28,True,False
F,2019-09-10,2019-10-02,9.084539923667908,8.845575381278993,127.3698846356071,1157.0968020451485,1126.6599158490717,1.1570968020451482,1.1266599158490715,-32.720642913971005,60,45,22,False,True
UNP,2019-09-16,2019-10-02,168.89440255737304,154.42275,6.973845675549786,1177.8434988993006,1076.9204272940058,1.1778434988993003,1.0769204272940058,-103.1778355314882,60,45,16,False,True
AFL,2019-09-18,2019-10-03,52.46621862602234,50.52472423744202,22.43414472511292,1177.0347418356005,1133.478975739195,1.1770347418356004,1.133478975739195,-45.86627981398033,60,45,15,False,True
PM,2019-10-02,2019-10-07,77.86891683197021,78.06094847488404,14.62461492411414,1138.8029232254344,1141.611312056294,1.1388029232254344,1.141611312056294,0.5279745955779163,60,45,5,True,False
RVTY,2019-09-12,2019-10-09,87.44370152664185,79.54021183013917,13.41817896073066,1173.3352360731972,1067.2847969112331,1.1733352360731972,1.0672847969112331,-108.29105919494828,60,45,27,False,True
ROST,2019-09-06,2019-10-11,109.70482652664184,111.944,10.55804364126304,1158.2683461254755,1181.9096373775496,1.1582683461254757,1.1819096373775495,21.301113268571044,60,45,35,True,False
HWM,2019-10-11,2019-10-15,20.217157665252685,20.69516786956787,55.84971563954503,1129.1225066442105,1155.8192406280143,1.1291225066442103,1.1558192406280146,24.41179223653171,60,45,4,True,False
SWK,2019-10-14,2019-10-15,146.51322244262695,146.9265,7.651057393038837,1120.9810737476046,1124.1430840583207,1.1209810737476047,1.1241430840583206,0.9168861529103652,60,45,1,True,False
SW,2019-10-11,2019-10-16,29.894939160346983,32.51373377990723,37.769687390496266,1129.1225066442105,1228.0335607649145,1.1291225066442103,1.2280335607649144,96.55389805329467,60,45,5,True,False
NOW,2019-10-16,2019-10-21,51.81189229774475,48.99349255561829,22.13207380449389,1146.7046242841752,1084.327593180866,1.1467046242841752,1.084327593180866,-64.60806332077436,60,45,5,False,True
MMM,2019-10-15,2019-10-22,133.30239669799803,138.95223290252687,8.450067190491817,1126.414208751678,1174.15570429522,1.126414208751678,1.17415570429522,45.44092563049526,60,45,7,True,False
XYL,2019-10-21,2019-10-22,80.30013213729858,80.79957633972168,14.003948729172874,1124.5189333965363,1131.513124400352,1.1245189333965364,1.1315131244003522,4.738158946018984,60,45,1,True,False
HSY,2019-10-08,2019-10-23,157.83887450408935,149.5152013397217,7.1847862029840375,1134.03856783151,1074.234755722013,1.13403856783151,1.074234755722013,-62.01208543305074,60,45,15,False,True
HUBB,2019-10-22,2019-10-23,135.92793061065674,137.89102671051026,8.336548714194837,1133.1698151554356,1149.5352614225103,1.1331698151554357,1.1495352614225105,14.08274119049679,60,45,1,True,False
LVS,2019-10-23,2019-10-24,58.539253320693966,59.6301698474884,18.9926816800636,1111.8174041085465,1132.5368344414735,1.1118174041085465,1.1325368344414737,18.4750760943773,60,45,1,True,False
CNP,2019-10-24,2019-10-25,29.604795152664185,30.164910305023195,37.640540156331575,1114.3404807638267,1135.4235176483658,1.1143404807638266,1.1354235176483658,18.833272886126903,60,45,1,True,False
AZO,2019-10-25,2019-10-28,1123.5314556884764,1128.8952309570311,1.005426943491229,1129.628797409116,1135.021681582953,1.129628797409116,1.135021681582953,3.128233694844994,60,45,3,True,False
MU,2019-10-28,2019-10-29,48.52425,48.775599237442016,23.30650068655068,1130.9304659393565,1136.788537114363,1.1309304659393564,1.136788537114363,3.590352171952645,60,45,1,True,False
CBRE,2019-10-29,2019-10-30,53.01649667930603,53.75310877990723,21.265269219278093,1127.4100749484055,1143.0743295778682,1.1274100749484055,1.1430743295778685,13.39377022493636,60,45,1,True,False
MKTX,2019-10-10,2019-11-01,354.23702755737304,371.7440276794434,3.164261334659808,1120.8985296046164,1176.295253176768,1.1208985296046166,1.176295253176768,53.09952978937031,60,45,22,True,False
L,2019-10-22,2019-11-01,51.22560076332092,49.23536832237244,22.121162041438065,1133.1698151554356,1089.1435608290874,1.1331698151554357,1.0891435608290874,-46.24856770233282,60,45,10,False,True
SPGI,2019-10-30,2019-11-04,242.6094185256958,246.07367895507812,4.675690669973563,1134.3665946483072,1150.5644048163288,1.1343665946483072,1.1505644048163288,13.912879168556856,60,45,5,True,False
AVGO,2019-11-01,2019-11-04,29.31364928627014,29.937023664474488,38.97036972586891,1142.3637507004007,1166.6568806966577,1.1423637507004007,1.1666568806966575,21.984109364859933,60,45,3,True,False
DVA,2019-10-23,2019-11-05,59.42970152664184,61.94900954246521,18.70811017972433,1111.8174041085465,1158.948896045233,1.1118174041085465,1.158948896045233,44.86072563653261,60,45,13,True,False
DD,2019-11-04,2019-11-05,87.42025994110107,90.130647605896,13.239437218453034,1157.3950431110522,1193.2790504367745,1.1573950431110522,1.1932790504367743,33.5333332321743,60,45,1,True,False
AMCR,2019-11-05,2019-11-06,49.32464923667907,49.42527576255799,23.5411391264817,1161.158430045571,1163.5272930911017,1.1611584300455713,1.1635272930911016,0.0441773223933523,60,45,1,True,False
OXY,2019-11-05,2019-11-07,42.17107652664184,40.0699551525116,27.5344744711936,1161.158430045571,1103.305157208703,1.1611584300455713,1.103305157208703,-60.11773642412277,60,45,2,False,True
TSN,2019-11-01,2019-11-13,83.15155561065673,89.24535591506958,13.738332882782473,1142.3637507004007,1226.0824078036258,1.1423637507004007,1.226082407803626,81.35021094472086,60,45,12,True,False
PGR,2019-11-11,2019-11-13,73.20658316802978,72.92351908493042,15.567033516079462,1139.6093337743782,1135.202865705572,1.1396093337743782,1.1352028657055722,-6.681280268286173,60,45,2,False,True
FIS,2019-11-04,2019-11-15,134.58726427459715,136.33179389953614,8.599588150849323,1157.3950431110522,1172.397279402483,1.1573950431110522,1.172397279402483,12.67244396891715,60,45,11,True,False
AON,2019-11-14,2019-11-15,196.33812549591065,198.9005,5.835778857629186,1145.7858817155811,1160.739332671874,1.145785881715581,1.160739332671874,12.646925741905534,60,45,1,True,False
HRL,2019-11-14,2019-11-18,42.241111221313474,42.34881393241883,27.12489914653228,1145.7858817155811,1148.707306892122,1.145785881715581,1.148707306892122,0.6269319879331761,60,45,4,True,False
XYZ,2019-10-16,2019-11-19,63.851909694671626,65.66714694976807,17.95881485405074,1146.7046242841752,1179.3041340646275,1.1467046242841752,1.1793041340646275,30.273501022103574,60,45,34,True,False
MA,2019-11-15,2019-11-20,280.7803346557617,284.8575,4.129727863255775,1159.54637148218,1176.383954807382,1.15954637148218,1.176383954807382,14.501652998912276,60,45,5,True,False
NVR,2019-11-15,2019-11-27,3695.877044311523,3805.2963511962894,0.31374051614268,1159.54637148218,1193.8756413001809,1.15954637148218,1.193875641300181,31.975847805218336,60,45,12,True,False
LYV,2019-11-20,2019-11-27,67.75386122131347,69.76510305023194,17.148943620050574,1161.9071461250355,1196.3978188554458,1.1619071461250357,1.1963978188554458,32.13236776542976,60,45,7,True,False
KO,2019-11-27,2019-12-05,53.95696530532837,54.182894084930425,21.881758956247022,1180.6733088217788,1185.6170279183102,1.180673308821779,1.1856170279183105,2.577428759791246,60,45,8,True,False
AWK,2019-12-05,2019-12-06,121.96095152664184,123.06843225479126,9.74605657476625,1188.6383334909756,1199.431903322983,1.1886383334909756,1.1994319033229832,8.40549959519376,60,45,1,True,False
DVN,2019-11-06,2019-12-13,24.012,24.037974237442015,48.162300708390674,1156.473164609877,1157.7241436442305,1.156473164609877,1.1577241436442305,-1.0632182739004747,60,45,37,False,True
ADI,2019-11-27,2019-12-13,116.16805561065674,117.52121183013917,10.163493764403414,1180.6733088217788,1194.4261036207522,1.180673308821779,1.1944261036207522,11.377695386530831,60,45,16,True,False
EIX,2019-11-18,2019-12-16,70.0850280532837,72.73361164474488,16.640575221054295,1166.2551811903677,1210.3291356733278,1.1662551811903676,1.2103291356733277,41.697370166096334,60,45,28,True,False
WDC,2019-12-13,2019-12-16,40.88210991668701,42.54863081359864,29.457538118223347,1204.2863112242042,1253.3779140697943,1.2042863112242042,1.2533779140697945,46.63393862029625,60,45,3,True,False
TEL,2019-12-13,2019-12-17,95.02749335861203,95.61217366027832,12.673030390052515,1204.2863112242042,1211.695982455686,1.2042863112242042,1.211695982455686,4.993688937802062,60,45,4,True,False
AEP,2019-12-06,2019-12-19,92.2460969467163,93.51321755981446,12.848645339354524,1185.2373836080722,1201.5181669679555,1.185237383608072,1.2015181669679558,13.894027809307545,60,45,13,True,False
CNP,2019-12-17,2019-12-19,26.31314923667908,26.72662977123261,46.67123384855372,1228.067141316942,1247.364788036915,1.2280671413169422,1.2473647880369148,16.822214790618773,60,45,2,True,False
EQIX,2019-11-20,2019-12-20,565.2824999999999,581.5590505981446,2.055445102448839,1161.9071461250355,1195.3627023367528,1.1619071461250357,1.1953627023367528,31.09828636325551,60,45,30,True,False
TRGP,2019-12-19,2019-12-20,38.79938877868652,39.290346372604375,31.805598320135235,1234.037774561666,1249.652974586037,1.234037774561666,1.2496529745860374,13.131509275223834,60,45,1,True,False
TKO,2019-12-17,2019-12-23,63.93195152664184,65.09743225479126,19.208973165869647,1228.067141316942,1250.4548293493026,1.2280671413169422,1.2504548293493023,19.90916606169435,60,45,6,True,False
SYK,2019-12-19,2019-12-23,209.02445816802975,211.1143912200928,5.903796069499447,1234.037774561666,1246.3763130999523,1.234037774561666,1.2463763130999523,9.858124450624928,60,45,4,True,False
IQV,2019-12-20,2019-12-23,150.93543061065674,155.922,8.23338505892248,1242.7095192518118,1283.7658651573108,1.2427095192518118,1.283765865157311,38.52987052108983,60,45,3,True,False
ANET,2019-12-20,2019-12-23,12.795769992828369,12.899796875,97.11877596645702,1242.7095192518118,1252.8124827159274,1.2427095192518118,1.2528124827159275,7.607441462148017,60,45,3,True,False
MRVL,2019-12-24,2019-12-27,26.61330038166046,27.016485686302183,47.01833457317169,1251.3130614412294,1270.2701629898602,1.2513130614412291,1.2702701629898605,16.435518324199847,60,45,3,True,False
DELL,2019-12-27,2020-01-03,26.470400979995727,26.03867283535004,47.44083985108386,1255.7780536859505,1235.2965079166088,1.2557780536859504,1.2352965079166087,-22.97262033094421,60,45,7,False,True
INTU,2019-12-23,2020-01-09,268.1640137786865,273.863,4.694931241679842,1259.011606183819,1285.7679546401666,1.259011606183819,1.2857679546401666,24.21156889552367,60,45,17,True,False
CSX,2019-12-16,2020-01-10,24.398860585212702,24.56104707336426,49.953036808261295,1218.797180892766,1226.898888505203,1.218797180892766,1.2268988885052037,5.6560115430393125,60,45,25,True,False
STZ,2019-12-23,2020-01-10,189.1245137786865,191.9939513397217,6.657051383921146,1259.011606183819,1278.1135994705833,1.259011606183819,1.2781135994705832,16.564868081110035,60,45,18,True,False
CL,2020-01-09,2020-01-10,69.41468725204467,69.69513835525512,18.03496335151828,1251.891340647729,1256.9492660160224,1.251891340647729,1.2569492660160224,2.5490847616295014,60,45,1,True,False
EBAY,2020-01-03,2020-01-13,35.93795816802978,34.83257347488404,34.753636207211066,1248.9747242016765,1210.5585867070697,1.2489747242016764,1.2105585867070698,-40.87567080551548,60,45,10,False,True
SBAC,2020-01-13,2020-01-14,246.48318061065672,249.19534732055664,5.064443735117715,1248.3001998555287,1262.035815558076,1.2483001998555288,1.2620358155580762,11.225279687133934,60,45,1,True,False
IBM,2020-01-10,2020-01-17,131.04063100433348,130.47010218811036,9.567822574235256,1253.7735074652942,1248.314788978183,1.2537735074652945,1.2483147889781832,-7.960806783554517,60,45,7,False,True
DLR,2020-01-13,2020-01-17,120.67030561065673,123.75808969497682,10.344717314988618,1248.3001998555287,1280.242453337541,1.2483001998555288,1.2802424533375412,29.413710828819376,60,45,4,True,False
STX,2020-01-14,2020-01-17,60.98047576332092,61.47924332237244,20.538720379564168,1252.4609403156385,1262.704987745395,1.2524609403156384,1.262704987745395,7.728881501695923,60,45,3,True,False
VLO,2020-01-13,2020-01-22,97.09852805328369,90.5946793899536,12.85601568718439,1248.3001998555287,1164.686619412684,1.2483001998555288,1.164686619412684,-86.02656726211285,60,45,9,False,True
INVH,2020-01-17,2020-01-22,30.51525,31.054464694976808,41.00008739695271,1251.127916939861,1273.2357665596314,1.251127916939861,1.2732357665596314,19.583485936271018,60,45,5,True,False
VTR,2020-01-17,2020-01-22,59.58978137397766,58.630669847488406,20.99567892501478,1251.127916939861,1230.9907192764117,1.251127916939861,1.2309907192764118,-22.61931629966557,60,45,5,False,True
GD,2020-01-22,2020-01-24,183.95193061065672,185.1373807296753,6.760086095710331,1243.530888400172,1251.5446332669078,1.243530888400172,1.2515446332669078,5.518669345068929,60,45,2,True,False
MTB,2020-01-24,2020-01-27,170.90541732788083,168.23584732055664,7.28389918466544,1244.857829929458,1225.412951129702,1.244857829929458,1.225412951129702,-21.915149580815523,60,45,3,False,True
NRG,2020-01-24,2020-01-28,38.80939591598511,36.9815,32.07619702775937,1244.857829929458,1186.2258803820832,1.244857829929458,1.186225880382083,-61.06303325768658,60,45,4,False,True
EBAY,2020-01-29,2020-02-03,35.077531373977656,33.733125,34.979601565881886,1226.9980713764598,1179.9712720720895,1.22699807137646,1.1799712720720896,-49.43376864781908,60,45,5,False,True
GILD,2020-02-04,2020-02-05,68.03399999999999,66.18689122009278,17.76605032414409,1208.6954677528188,1175.879640214819,1.2086954677528188,1.1758796402148188,-35.20040264596764,60,45,1,False,True
CTSH,2019-12-23,2020-02-06,63.18157652664184,67.01647805023194,19.926878615523787,1259.011606183819,1335.429223346886,1.259011606183819,1.335429223346886,73.8231763335366,60,45,45,True,False
AIZ,2020-02-05,2020-02-06,135.27761171722412,137.26133683013916,8.926673790762855,1207.5791109931388,1225.2871779666757,1.2075791109931389,1.2252871779666754,15.27520068457693,60,45,1,True,False
CINF,2020-01-21,2020-02-07,107.32363164138792,113.07343225479129,11.614098325078649,1246.4672104876013,1313.2459601612652,1.2464672104876011,1.3132459601612652,64.21903650301488,60,45,17,True,False
ASML,2020-02-06,2020-02-07,307.6837637786865,304.51767842102055,4.014944509242421,1235.3332379662795,1222.6215809437258,1.2353332379662798,1.2226215809437255,-15.169611841463848,60,45,1,False,True
TPR,2020-02-06,2020-02-07,29.86492538166046,27.936025762557986,41.36401555266824,1235.3332379662795,1155.5462041221892,1.2353332379662798,1.1555462041221891,-82.17791328617886,60,45,1,False,True
TSCO,2020-02-07,2020-02-11,19.19159020614624,19.55421717643738,64.01016290053377,1228.4568154157091,1251.6686268561723,1.2284568154157092,1.2516686268561723,20.731685998191324,60,45,4,True,False
HWM,2020-01-29,2020-02-12,24.076449093818663,24.55826754951477,50.96258449886934,1226.9980713764598,1251.5527851379877,1.22699807137646,1.2515527851379875,22.076162905013007,60,45,14,True,False
IEX,2020-02-11,2020-02-12,174.72731938934325,176.74158683013917,7.0323085492542585,1228.736421929958,1242.9013720743517,1.228736421929958,1.2429013720743516,11.693312350389306,60,45,1,True,False
EL,2020-02-07,2020-02-13,209.9749301147461,213.6331354904175,5.850492793327223,1228.4568154157091,1249.8591196025857,1.2284568154157092,1.2498591196025857,18.92398825185819,60,45,6,True,False
AMAT,2020-02-12,2020-02-13,64.96246530532837,66.71662500000001,19.10023326261141,1240.7982406460728,1274.3030999941725,1.240798240646073,1.2743030999941725,30.989758007459614,60,45,1,True,False
CSCO,2020-02-12,2020-02-13,49.45471530532837,47.12642652511597,25.08958413743788,1240.7982406460728,1182.3824433986813,1.240798240646073,1.1823824433986814,-60.83897793143615,60,45,1,False,True
FDX,2020-02-11,2020-02-14,127.5980154762268,129.23430072021486,9.629745551637422,1228.736421929958,1244.493432479462,1.228736421929958,1.244493432479462,13.28378069509472,60,45,3,True,False
MPC,2020-02-13,2020-02-14,58.71934362602234,59.46025667762757,21.207336868815037,1245.2809009927626,1260.9936936686563,1.2452809009927626,1.2609936936686563,13.206518081232389,60,45,1,True,False
WY,2020-02-14,2020-02-18,30.335159694671628,30.644669847488405,41.2214250777245,1250.4585125747144,1263.2169621498465,1.2504585125747143,1.2632169621498464,10.244774100407083,60,45,4,True,False
KR,2020-02-13,2020-02-19,28.534260457992552,29.955014313697816,43.64160419808444,1245.2809009927626,1307.284878426354,1.2452809009927626,1.307284878426354,59.45141165417226,60,45,6,True,False
INCY,2020-02-19,2020-02-20,79.72984744262695,81.959,15.771332603527991,1257.4459424462152,1292.6026488525506,1.2574459424462152,1.2926026488525506,32.60665781503667,60,45,1,True,False
DLTR,2020-02-20,2020-02-21,91.95595866394042,92.66364408493044,13.685847950841314,1258.4952684485377,1268.180543517234,1.2584952684485378,1.268180543517234,7.15859925673044,60,45,1,True,False
NWSA,2020-02-07,2020-02-25,13.976985267162322,13.6631650762558,87.89140089471645,1228.4568154157091,1200.8747192078877,1.2284568154157092,1.2008747192078877,-30.011427742444997,60,45,18,False,True
TFC,2020-02-21,2020-02-26,54.85741683197021,51.68414408493042,23.08627526770783,1266.4534254582532,1193.1943773205771,1.2664534254582531,1.193194377320577,-75.71869594045484,60,45,5,False,True
VST,2020-02-14,2020-02-27,23.141564160346984,21.569209923744204,54.0351768752681,1250.4585125747144,1165.496073289306,1.2504585125747143,1.165496073289306,-87.37839387127246,60,45,13,False,True
MHK,2020-02-18,2020-02-28,136.86840305328369,119.61016316986084,9.161251636062588,1253.8858813971688,1095.7788030296006,1.2538858813971687,1.0957788030296003,-160.45674305199486,60,45,10,False,True
FFIV,2020-02-21,2020-02-28,132.2260836639404,120.45973664474488,9.577939468259617,1266.453425458253,1153.756065945861,1.266453425458253,1.1537560659458612,-115.11756900379578,60,45,7,False,True
ES,2020-03-03,2020-03-05,93.07651377868652,97.201375,12.579300967831704,1170.8374798586324,1222.7253506120724,1.1708374798586323,1.2227253506120723,49.494307922969256,60,45,2,True,False
AEE,2020-03-03,2020-03-05,84.21208316802978,85.55719847488403,13.903438031837316,1170.8374798586324,1189.5392071731562,1.1708374798586323,1.1895392071731563,16.341350627492147,60,45,2,True,False
ROL,2020-03-05,2020-03-06,26.2064293384552,26.573372774124145,45.89200026841194,1202.6654622345045,1219.505230482716,1.2026654622345043,1.219505230482716,14.417597555494012,60,45,1,True,False
CHD,2020-03-03,2020-03-13,75.0375,65.91702194976807,15.603364715757222,1170.8374798586324,1028.5273344588054,1.1708374798586323,1.0285273344588055,-144.50951021414448,60,45,10,False,True
ECL,2020-03-04,2020-03-13,198.0089586639404,173.76308110046386,5.842887911361583,1156.9441509188327,1015.2782060028426,1.1569441509188327,1.015278206002843,-143.83816727291185,60,45,9,False,True
EBAY,2020-03-05,2020-03-13,37.49873954200744,34.53272423744202,32.072157009097204,1202.6654622345045,1107.538953695097,1.2026654622345043,1.107538953695097,-97.43671295533704,60,45,8,False,True
PSA,2020-03-06,2020-03-13,225.10250049591065,206.1168912200928,5.257750320516369,1183.53274413141,1083.7111508762805,1.18353274413141,1.0837111508762802,-102.08883715013737,60,45,7,False,True
DLR,2020-03-03,2020-03-16,130.79536072540282,132.35378816986085,8.951674381759892,1170.8374798586324,1184.7880148890188,1.1708374798586323,1.1847880148890189,11.594909535638864,60,45,13,True,False
ERIE,2020-03-18,2020-03-23,168.9844438934326,179.91,6.459958338868554,1091.6324674684452,1162.2111047458416,1.0916324674684452,1.1622111047458417,68.32479370518217,60,45,5,True,False
ED,2020-03-18,2020-03-23,88.95445866394043,72.46375,12.271812833941302,1091.6324674684452,889.2615772455141,1.0916324674684452,0.8892615772455141,-204.3517842676449,60,45,5,False,True
CAG,2020-03-18,2020-04-06,29.054520915985105,31.42428053379059,37.57186258982006,1091.6324674684452,1180.6687501995373,1.0916324674684452,1.1806687501995372,86.76398151342414,60,45,19,True,False
FTNT,2020-03-25,2020-04-07,19.905947908401487,22.1709082069397,54.00797469455164,1075.0799309080105,1197.4058493956263,1.0750799309080106,1.1974058493956266,120.05343270731235,60,45,13,True,False
CRWD,2020-03-23,2020-04-09,11.565780419826506,15.112439885616304,89.72843066037728,1037.779326433552,1356.0155143856423,1.037779326433552,1.3560155143856425,315.8423931112713,60,45,17,True,False
WST,2020-04-07,2020-04-09,165.92291633605956,164.70759828948977,7.005682603037341,1162.4032884207527,1153.889155924741,1.1624032884207527,1.1538891559247413,-10.830424940357034,60,45,2,False,True
CNC,2020-04-09,2020-04-13,65.16256225204468,65.88703816986084,17.921413862915376,1167.8052464868797,1180.7888792437786,1.1678052464868798,1.1807888792437786,10.635038631168072,60,45,4,True,False
NEM,2020-04-09,2020-04-13,51.155566068649286,57.191391220092775,22.82850794612885,1167.8052464868797,1305.594128918052,1.1678052464868798,1.305594128918052,135.31548305576712,60,45,4,True,False
PKG,2020-03-18,2020-04-29,87.3336459159851,100.2698396949768,12.499563667805589,1091.6324674684452,1253.3292452280225,1.0916324674684452,1.2533292452280225,159.3518160468809,60,45,42,True,False
TER,2020-04-09,2020-04-30,63.64180561065673,66.66664694976807,18.349656099187296,1167.8052464868797,1223.3100448141777,1.1678052464868798,1.2233100448141776,53.11368303599693,60,45,21,True,False
ENPH,2020-04-29,2020-04-30,44.55226377868652,47.48624332237244,27.247651351379567,1213.9445503563468,1293.8886020347802,1.2139445503563469,1.2938886020347802,77.43621852604247,60,45,1,True,False
MKC,2020-04-06,2020-05-06,74.4872219467163,80.27983969497681,15.036891208221478,1120.0562528154203,1207.1592157068264,1.1200562528154203,1.2071592157068265,84.77574742288402,60,45,30,True,False
KKR,2020-04-30,2020-05-08,25.95297053432465,26.936525762557984,47.70902124513977,1238.190822596581,1285.1152798761336,1.238190822596581,1.2851152798761336,44.40115117707978,60,45,8,True,False
APD,2020-04-30,2020-05-11,226.0229586639404,228.8855,5.478163943679591,1238.190822596581,1253.872293331075,1.238190822596581,1.253872293331075,13.189407618566293,60,45,11,True,False
VRSK,2020-05-06,2020-05-11,160.07999999999998,158.12089694976808,7.7236754074345315,1236.4059592221197,1221.2744831724135,1.2364059592221197,1.2212744831724136,-17.589156492100756,60,45,5,False,True
KEYS,2020-05-11,2020-05-12,99.80988213729856,101.34930152511598,12.660762748323275,1263.6692376784467,1283.159461317772,1.2636692376784469,1.283159461317772,16.94339494032897,60,45,1,True,False
AON,2020-04-13,2020-05-13,188.76433316802976,194.9025,6.367654191155355,1201.9859972380505,1241.0717209916563,1.2019859972380504,1.2410717209916566,36.64266603537635,60,45,30,True,False
AJG,2020-05-13,2020-05-19,86.19307652664185,89.74510591506959,14.7576482252025,1272.0071028281393,1324.4267030281371,1.2720071028281392,1.3244267030281371,49.82316639414148,60,45,6,True,False
CSGP,2020-05-11,2020-05-21,64.55225664138794,65.36730152511598,19.57591110561176,1263.6692376784467,1279.6244838693904,1.2636692376784469,1.2796244838693904,13.411952469395828,60,45,10,True,False
AMAT,2020-05-15,2020-05-21,53.18657984733581,56.8115801525116,24.16409225060372,1285.2054219251231,1372.8002637078575,1.2852054219251232,1.3728002637078576,84.93683609710138,60,45,6,True,False
GM,2020-05-19,2020-05-21,24.762375,25.27735591506958,52.63636312280652,1303.401362283106,1330.5080847300237,1.303401362283106,1.3305080847300237,24.47281299990459,60,45,2,True,False
EL,2020-05-21,2020-05-27,179.87988828277588,189.75508110046388,7.264277349164809,1306.6973980228652,1378.4335375270311,1.306697398022865,1.3784335375270311,69.051008568616,60,45,6,True,False
DE,2020-05-21,2020-05-27,141.1405423278809,151.924,9.258129354408329,1306.6973980228652,1406.532044039131,1.306697398022865,1.4065320440391311,97.12141657420398,60,45,6,True,False
HST,2020-05-19,2020-05-28,11.645820343494414,12.633680343151092,111.92009869972036,1303.401362283106,1413.9627509461873,1.303401362283106,1.4139627509461874,107.84402454985208,60,45,9,True,False
GLW,2020-05-27,2020-05-28,22.921454847335813,23.19839408493042,58.92905312312816,1350.7396303580356,1367.059397402127,1.3507396303580357,1.367059397402127,13.601968016331284,60,45,1,True,False
CPT,2020-05-27,2020-06-02,94.39717347335817,94.14290744018555,14.309110968659,1350.7396303580356,1347.1013094738082,1.3507396303580357,1.3471013094738082,-6.336161824059218,60,45,6,False,True
MRK,2020-04-13,2020-06-04,78.11155365371704,77.5089327507019,15.388069254987254,1201.9859972380505,1192.712825047951,1.2019859972380504,1.1927128250479506,-11.667871012385833,60,45,52,False,True
HWM,2020-05-28,2020-06-04,14.35717538166046,15.1624150762558,94.88529646181028,1362.2848424430572,1438.6902495875534,1.3622848424430571,1.438690249587553,73.60443205246543,60,45,7,True,False
PRU,2020-05-28,2020-06-04,64.30213164138793,63.29833683013917,21.1856871252807,1362.2848424430572,1341.0187596339606,1.3622848424430571,1.3410187596339609,-23.969386411173677,60,45,7,False,True
TPR,2020-06-04,2020-06-05,15.67783507633209,17.901044847488404,88.45406110499285,1386.768181835879,1583.4201147829565,1.386768181835879,1.5834201147829563,193.6817446504588,60,45,1,True,False
NTAP,2020-05-21,2020-06-08,45.86292015266418,48.58569561004639,28.49136936054777,1306.6973980228652,1384.272999264976,1.306697398022865,1.384272999264976,74.88463084482305,60,45,18,True,False
LVS,2020-06-04,2020-06-08,53.886930610656734,54.722625,25.734777730346927,1386.768181835879,1408.274591196126,1.386768181835879,1.408274591196126,18.711366587215025,60,45,4,True,False
AES,2020-06-05,2020-06-08,14.487239542007446,14.49275,97.662939315594,1414.866396241547,1415.404563766075,1.4148663962415469,1.415404563766075,-2.292103435479476,60,45,3,False,True
HPE,2020-06-05,2020-06-08,11.175585076332093,11.4542700381279,126.6033399215924,1414.866396241547,1450.1488431908176,1.4148663962415469,1.4501488431908176,32.41743170983841,60,45,3,True,False
CCEP,2020-06-05,2020-06-08,41.590784694671626,42.70863454246521,34.018747340989975,1414.866396241547,1452.894247778801,1.4148663962415469,1.452894247778801,35.1600908932337,60,45,3,True,False
ED,2020-06-09,2020-06-24,77.288625,70.28483969497681,18.87117939772867,1458.5275077787771,1326.3578188245087,1.4585275077787772,1.3263578188245089,-134.95457428087184,60,45,15,False,True
CAG,2020-07-01,2020-07-02,35.41770152664184,35.88205152511597,40.41867572478623,1431.536592922603,1450.3050049337337,1.431536592922603,1.4503050049337338,15.886570413274512,60,45,1,True,False
GOOGL,2020-07-06,2020-07-07,74.44470497131347,74.7691000442505,19.272208917452364,1434.713907005258,1440.9657166226923,1.434713907005258,1.4409657166226923,3.376129993806444,60,45,1,True,False
META,2020-07-07,2020-07-09,239.52970866394045,244.87750000000003,5.975660222693777,1431.3481522165378,1463.3047361826957,1.431348152216538,1.4633047361826954,29.06193107775857,60,45,2,True,False
PNW,2020-07-13,2020-07-14,78.35915969467163,78.83056774520874,17.90071583140602,1402.6850504820811,1411.123592035383,1.4026850504820811,1.4111235920353828,5.62473291078436,60,45,1,True,False
PFE,2020-07-06,2020-07-16,33.175973007202145,33.75920448303223,43.24557132638723,1434.713907005258,1459.9360853930616,1.434713907005258,1.4599360853930616,22.327528395405352,60,45,10,True,False
FFIV,2020-07-16,2020-07-17,146.2730969467163,147.676125,9.695375381970653,1418.1725831817996,1431.7754668298207,1.4181725831817995,1.4317754668298208,10.752935598009572,60,45,1,True,False
PM,2020-07-17,2020-07-24,75.83790305328368,76.9615,18.65660897327772,1414.878102618458,1435.840611496913,1.4148781026184578,1.435840611496913,18.11179016433971,60,45,7,True,False
EQT,2020-07-07,2020-08-04,13.366679656505584,15.582205152511598,107.08329884451884,1431.3481522165378,1668.5939310030008,1.431348152216538,1.668593931003001,234.1458367032435,60,45,28,True,False
BMY,2020-07-07,2020-08-07,59.789878320693965,61.529221372604376,23.93963982564473,1431.3481522165378,1472.9873984125106,1.431348152216538,1.4729873984125106,38.73491064534392,60,45,31,True,False
UBER,2020-07-09,2020-08-07,34.25712167930603,33.0734551525116,41.68584136314707,1428.0369398815776,1378.6948048187576,1.4280369398815775,1.3786948048187575,-52.148866807520335,60,45,29,False,True
HBAN,2020-07-24,2020-08-11,9.764880228996276,10.084955152511595,145.14649381587705,1417.338127770788,1463.795880677422,1.4173381277707882,1.463795880677422,43.57661889818564,60,45,18,True,False
MAR,2020-08-10,2020-08-11,94.297125,101.1294103050232,15.46978545196898,1458.7562924875003,1564.4502803028497,1.4587562924875004,1.5644502803028495,102.67078124255886,60,45,1,True,False
PRU,2020-08-10,2020-08-11,68.18407652664185,71.28433969497681,21.3943836566814,1458.7562924875003,1525.0845121475372,1.4587562924875004,1.5250845121475372,63.34437885540183,60,45,1,True,False
WYNN,2020-07-16,2020-08-12,84.4922219467163,89.44525286483766,16.784652486428254,1418.1725831817996,1501.3074858970012,1.4181725831817995,1.5013074858970012,80.21542264612276,60,45,27,True,False
RTX,2020-08-11,2020-08-12,65.22259744262695,65.09743225479126,23.454658907407563,1529.773776071968,1526.8380692842002,1.529773776071968,1.5268380692842003,-5.992318633123887,60,45,1,False,True
LHX,2020-08-11,2020-08-12,182.4111673278809,183.2483263397217,8.38640417953264,1529.773776071968,1536.7945299078033,1.529773776071968,1.5367945299078034,3.954185529855522,60,45,1,True,False
LYB,2020-08-11,2020-08-12,71.80588164138794,71.99398377990723,21.30429626519935,1529.773776071968,1533.7811597591,1.529773776071968,1.5337811597591002,0.9438287513009982,60,45,1,True,False
FRT,2020-08-12,2020-08-13,82.5812709159851,82.75860305023194,18.82705317784942,1554.7619790296412,1558.100620551248,1.5547619790296412,1.5581006205512482,0.2257789220261656,60,45,1,True,False
CZR,2020-08-14,2020-08-17,39.21960076332092,41.29933969497681,39.6010113839962,1553.1358563040578,1635.4956214123029,1.5531358563040578,1.6354956214123029,79.17113363052863,60,45,3,True,False
CTVA,2020-08-19,2020-08-27,28.164074618339537,29.225379771232607,55.54371764856206,1564.3374084340844,1623.286242185341,1.5643374084340844,1.6232862421853411,55.7612101006373,60,45,8,True,False
MRVL,2020-08-28,2020-08-31,36.768375,37.97100667762757,42.76633871952532,1572.4487794165266,1623.880933096778,1.5724487794165265,1.6238809330967778,48.235823967737815,60,45,3,True,False
PKG,2020-08-31,2020-09-02,103.12153469467162,104.29782347488404,15.349538656694522,1582.867983133527,1600.9234732368338,1.5828679831335273,1.6009234732368338,14.87169864693601,60,45,2,True,False
EFX,2020-08-31,2020-09-03,168.2941117172241,173.163375,9.405367585249438,1582.867983133527,1628.665194177393,1.582867983133527,1.628665194177393,42.58567786655499,60,45,3,True,False
ADI,2020-09-03,2020-09-09,121.41067347335814,114.90251908493045,12.94094478496856,1571.1688217245746,1486.947155131881,1.5711688217245747,1.486947155131881,-87.2797825695502,60,45,6,False,True
WBD,2020-08-25,2020-09-11,22.941465305328368,23.398294847488405,68.3974999032286,1569.1388710011197,1600.3848695668023,1.5691388710011196,1.6003848695668026,28.07647482511516,60,45,17,True,False
SPG,2020-08-31,2020-09-17,69.84490255737305,71.43426622009278,22.662612806042706,1582.867983133527,1618.8871164297384,1.5828679831335273,1.6188871164297385,32.817378196647724,60,45,17,True,False
GE,2020-09-17,2020-09-18,33.958930360794064,34.472966381073,46.5781378488238,1581.7437395436737,1605.6865801554868,1.5817437395436738,1.605686580155487,20.755410292113996,60,45,1,True,False
ALL,2020-08-04,2020-09-24,96.62829183197022,89.63516030502319,14.66034565601308,1416.6041584067889,1314.0824330037829,1.4166041584067888,1.3140824330037828,-105.2524119944162,60,45,51,False,True
MPWR,2020-09-29,2020-09-30,273.4166387786865,275.3222614593506,5.730759290704368,1566.8849429141178,1577.8056077959106,1.5668849429141178,1.5778056077959106,7.775974331082807,60,45,1,True,False
INTC,2020-09-03,2020-10-02,52.52625,51.474250000000005,29.912069141135618,1571.1688217245746,1539.7013249881002,1.5711688217245747,1.5397013249881002,-34.57836688318707,60,45,29,False,True
JBL,2020-09-25,2020-10-06,34.48723622131347,35.50224045753479,44.12351113007841,1521.6979512567684,1566.4835019707564,1.5216979512567683,1.5664835019707564,41.69736926076053,60,45,11,True,False
MKTX,2020-09-30,2020-10-06,487.7637490081787,499.3202223205567,3.200228682800412,1560.9555400062343,1597.938897372524,1.5609555400062345,1.597938897372524,33.824462928910634,60,45,6,True,False
TROW,2020-10-06,2020-10-07,134.2170688934326,134.97247328948976,12.009408426454922,1611.8675981428703,1620.9395580622602,1.6118675981428705,1.6209395580622603,5.839152763184757,60,45,1,True,False
KLAC,2020-10-02,2020-10-08,19.21860413360596,20.538725286483764,81.48376772016618,1566.0042751285737,1673.5727205121468,1.5660042751285734,1.673572720512147,104.32886838793274,60,45,6,True,False
CFG,2020-10-06,2020-10-08,28.014,28.395794847488403,57.53793096818985,1611.8675981428703,1633.8352837216687,1.6118675981428705,1.6338352837216688,18.721982696933765,60,45,2,True,False
EIX,2020-10-07,2020-10-08,54.13705561065674,54.952509542465215,29.5616738225529,1600.381979675642,1624.4881628250826,1.600381979675642,1.624488162825083,20.881313006939763,60,45,1,True,False
NCLH,2020-10-08,2020-10-09,18.32915969467163,18.290849237442018,89.1609727799552,1634.2457086160694,1630.8299109818322,1.634245708616069,1.6308299109818325,-6.680873253835216,60,45,1,False,True
MELI,2020-10-08,2020-10-09,1159.1193090820311,1164.5474398803713,1.409902928724668,1634.2457086160694,1641.8988461261497,1.634245708616069,1.6418988461261497,4.376992955337983,60,45,1,True,False
CI,2020-10-08,2020-10-09,176.4881938934326,178.41075,9.259801874355755,1634.2457086160694,1652.0481972552166,1.634245708616069,1.6520481972552166,14.516194733275825,60,45,1,True,False
STT,2020-10-09,2020-10-12,66.08302805328368,66.25685591506958,24.79900535045846,1638.7933662678786,1643.1041243423658,1.6387933662678786,1.643104124342366,1.028860583876849,60,45,3,True,False
MRNA,2020-09-21,2020-10-13,68.63429847335816,75.8920353050232,22.86681449680849,1569.4477713088672,1735.4090931052062,1.5694477713088673,1.7354090931052062,162.6564649319248,60,45,22,True,False
NRG,2020-10-09,2020-10-13,32.54626377868652,32.68365076255799,50.35273410833321,1638.7933662678786,1645.7111765367042,1.6387933662678786,1.6457111765367043,3.6333057260210353,60,45,4,True,False
BKNG,2020-10-12,2020-10-13,73.26981667327881,73.56319847488403,22.297842043004504,1633.7587987006686,1640.300579771154,1.6337587987006688,1.640300579771154,3.267721692013538,60,45,1,True,False
EVRG,2020-10-09,2020-10-16,53.44670816802978,54.33282061004639,30.66219459420619,1638.7933662678786,1665.9635183973392,1.6387933662678786,1.6659635183973391,23.86539524479531,60,45,7,True,False
DGX,2020-09-22,2020-10-19,117.32863164138791,120.47973091506958,13.408300106426612,1573.1775041241106,1615.428388850777,1.5731775041241105,1.6154283888507772,39.06227883369161,60,45,27,True,False
MS,2020-10-16,2020-10-19,51.55576377868652,52.163903627395634,31.55020081916085,1626.5947006027786,1645.7816349556854,1.6265947006027786,1.6457816349556853,15.914558017348329,60,45,3,True,False
CB,2020-10-13,2020-10-22,122.23108316802978,127.46623377990724,13.533837886361802,1654.2556642705215,1725.107343962359,1.6542556642705215,1.725107343962359,67.47231668360428,60,45,9,True,False
EQT,2020-10-13,2020-10-23,15.60780038166046,15.76211545753479,105.98903265153952,1654.2556642705215,1670.6113698859908,1.6542556642705215,1.6706113698859908,13.030838581312535,60,45,10,True,False
META,2020-10-22,2020-10-26,280.00993011474606,283.0184236602784,5.886030495719288,1648.146987759622,1665.8550725147995,1.648146987759622,1.6658550725147996,14.39408269490309,60,45,4,True,False
RL,2020-10-23,2020-10-26,77.29863213729858,76.59168225479127,21.676877416979963,1675.5929733404491,1660.2685073973898,1.675592973340449,1.66026850739739,-18.66032742379707,60,45,3,False,True
BDX,2020-10-23,2020-10-28,184.81394892883296,184.0619299545288,9.066377202868363,1675.5929733404494,1668.7748856556934,1.675592973340449,1.6687748856556934,-10.162455543752005,60,45,5,False,True
BAC,2020-10-13,2020-10-29,25.65281938934326,23.34832061004639,64.486310029444,1654.2556642705215,1505.6470415263086,1.6542556642705215,1.5056470415263086,-151.76852545000995,60,45,16,False,True
L,2020-11-03,2020-11-04,38.04901377868652,36.79159637260437,42.94325463552938,1633.9484873289011,1579.9508914763687,1.6339484873289012,1.5799508914763687,-57.21149523133772,60,45,1,False,True
TRI,2020-11-04,2020-11-05,86.32558903884888,88.37738954162599,18.920922969790254,1633.3598205258295,1672.1817797882525,1.6333598205258295,1.6721817797882526,35.51641766210878,60,45,1,True,False
AZN,2020-11-05,2020-11-06,112.17606274795531,111.32430725479126,14.442905828568922,1620.1483104883569,1607.8464861116222,1.620148310488357,1.6078464861116222,-15.529819173334545,60,45,1,False,True
DD,2020-10-26,2020-11-10,74.24631023025512,77.68498451232911,22.48778671251434,1669.6351886491484,1746.9633624782368,1.6696351886491485,1.7469633624782368,73.91157527796099,60,45,15,True,False
HAL,2020-10-26,2020-11-10,13.046519961833951,14.222884542465213,127.97552094608126,1669.6351886491484,1820.181058677952,1.6696351886491485,1.820181058677952,147.05605378147652,60,45,15,True,False
MET,2020-11-06,2020-11-10,41.79088545799255,45.777099237442016,39.01502244790636,1630.472334261463,1785.9945543488377,1.6304723342614629,1.7859945543488376,152.1057531987642,60,45,4,True,False
T,2020-10-23,2020-11-11,21.42309404182434,21.86972449302673,78.21433122914863,1675.5929733404491,1710.5258753878177,1.675592973340449,1.7105258753878174,31.54678319864001,60,45,19,True,False
FANG,2020-11-10,2020-11-11,33.45671862602234,34.082948474884034,51.45189010183574,1721.411409914142,1753.6321192762632,1.721411409914142,1.7536321192762632,28.745665832930623,60,45,1,True,False
LYB,2020-11-10,2020-11-11,80.42018725204467,82.30882347488404,21.40521514230092,1721.411409914142,1761.8380745895613,1.721411409914142,1.7618380745895614,36.9434151909154,60,45,1,True,False
MDLZ,2020-11-11,2020-11-12,57.22860076332092,57.77109923744202,30.43508709738512,1741.7574486931528,1758.268437003227,1.7417574486931529,1.758268437003227,13.010962424378022,60,45,1,True,False
ALL,2020-11-11,2020-11-13,95.15755561065671,95.14240744018556,18.303932226040622,1741.7574486931526,1741.4801776074996,1.7417574486931526,1.7414801776074995,-3.7605087119534346,60,45,2,False,True
MO,2020-11-11,2020-11-16,39.85992015266418,40.78959637260437,43.69696281433058,1741.7574486931528,1782.3814759052468,1.7417574486931529,1.7823814759052468,37.09988828749579,60,45,5,True,False
WFC,2020-11-10,2020-11-17,24.372180610656734,24.517735686302185,70.63017615918433,1721.411409914142,1731.6919905478435,1.721411409914142,1.7316919905478436,6.827477233239279,60,45,7,True,False
APO,2020-11-10,2020-11-17,43.57177423667908,44.79758969497681,39.507489425689805,1721.411409914142,1769.8403011706869,1.721411409914142,1.769840301170687,44.93763954545989,60,45,7,True,False
TKO,2020-11-12,2020-11-17,40.89043393135071,41.91902862739563,42.339829121088165,1731.2939853405342,1774.844509005934,1.7312939853405342,1.7748445090059342,40.04438517105336,60,45,5,True,False
TGT,2020-11-16,2020-11-17,165.08249999999998,163.918,10.607485451142056,1751.1102169881583,1738.7578001803035,1.7511102169881585,1.7387578001803037,-15.842284825023173,60,45,1,False,True
VTRS,2020-11-17,2020-11-18,15.397695343494414,16.451769084930422,114.31635405995804,1760.2083925942748,1880.706259625578,1.7602083925942749,1.880706259625578,116.8569523790834,60,45,1,True,False
AOS,2020-11-17,2020-11-19,56.21809362602234,56.33182061004639,31.31035364350217,1760.2083925942748,1763.7692246828767,1.7602083925942749,1.763769224682877,0.0368544713248866,60,45,2,True,False
KHC,2020-11-17,2020-11-24,31.845914923667905,32.903538169860845,55.27265888932231,1760.2083925942748,1818.666041514515,1.7602083925942749,1.818666041514515,54.87877448613153,60,45,7,True,False
CRWD,2020-11-20,2020-11-24,36.315649360656735,36.40678673744202,48.72628201634394,1769.5265723540208,1773.9673578774905,1.7695265723540208,1.7739673578774904,0.8972915932381511,60,45,4,True,False
JBHT,2020-11-18,2020-11-25,133.11652805328367,136.21185877990723,13.34298032861709,1776.1712152287691,1817.4721522246712,1.7761712152287692,1.8174721522246715,37.70729362844872,60,45,7,True,False
TROW,2020-11-17,2020-11-30,142.83137450408935,144.86753244018556,12.32368167502217,1760.2083925942748,1785.3013548387946,1.7602083925942749,1.7853013548387946,21.54745249708685,60,45,13,True,False
FE,2020-12-08,2020-12-09,29.264625,30.434775762557987,61.34057190306478,1795.108834028727,1866.8865510168412,1.795108834028727,1.866886551016841,68.11572160306878,60,45,1,True,False
GEN,2020-12-08,2020-12-17,19.80989923667908,20.48975,90.61675743938102,1795.108834028727,1856.7147057435573,1.795108834028727,1.8567147057435571,57.954048175058006,60,45,9,True,False
BDX,2020-12-16,2020-12-18,187.96783831787107,190.46308568573,9.62187451152604,1808.602952497372,1832.6119095461256,1.808602952497372,1.832611909546126,20.36774218671076,60,45,2,True,False
DDOG,2020-12-17,2020-12-18,105.58276377868653,109.18537786483763,17.20661278734961,1816.7217333580604,1878.7105189607144,1.8167217333580603,1.8787105189607145,58.29335335033511,60,45,1,True,False
AKAM,2020-12-18,2020-12-21,106.11302755737304,107.15639408493044,17.298658127256843,1835.6129865631808,1853.6618274248187,1.8356129865631807,1.8536618274248189,14.359566047650333,60,45,3,True,False
LOW,2020-12-16,2020-12-22,164.2020551147461,163.9379942703247,11.014496446061536,1808.6029524973717,1805.694455264948,1.8086029524973717,1.805694455264948,-6.522794640185566,60,45,6,False,True
DXCM,2020-12-18,2021-01-04,90.4101803627014,91.47174308013916,20.30316695751732,1835.6129865631808,1857.166071651195,1.8356129865631807,1.8571660716511948,17.860306029800086,60,45,17,True,False
NEM,2021-01-05,2021-01-06,63.75186122131348,62.76859923744202,28.71523737270601,1830.649827921828,1802.415226655401,1.830649827921828,1.802415226655401,-31.86766632100398,60,45,1,False,True
GILD,2021-01-05,2021-01-07,60.26011454200744,61.86905152511597,30.37912957576073,1830.649827921828,1879.5279330109151,1.830649827921828,1.8795279330109151,45.16792732815475,60,45,2,True,False
INTC,2021-01-06,2021-01-07,50.465218626022335,51.46425667762757,35.96106052854449,1814.78278159662,1850.709249440715,1.81478278159662,1.8507092494407151,32.26097581305726,60,45,1,True,False
EQT,2021-01-07,2021-01-13,14.967480038166045,16.551719466209413,122.1308042007276,1827.9903739195563,2021.4748093129936,1.8279903739195564,2.021474809312993,189.63497021020453,60,45,6,True,False
COST,2021-01-05,2021-01-15,379.04941534423824,360.8794675598145,4.829580930125696,1830.649827921828,1742.896594600795,1.830649827921828,1.742896594600795,-91.32677974355532,60,45,10,False,True
REGN,2021-01-14,2021-01-15,513.3565255737304,517.8409255981445,3.5826734235024107,1839.18878095454,1855.2549217423616,1.83918878095454,1.8552549217423615,12.37169708512488,60,45,1,True,False
PG,2020-11-16,2021-01-19,144.8523887786865,135.63214694976807,12.088928817484684,1751.1102169881583,1639.6473698383686,1.7511102169881585,1.639647369838369,-114.85360473661603,60,45,64,False,True
DLR,2020-12-23,2021-01-21,139.29961072540283,139.93998950958252,13.115615412306386,1827.0001213583728,1835.3990832098743,1.8270001213583733,1.8353990832098743,4.736562646932953,60,45,29,True,False
AZN,2021-01-20,2021-01-25,105.35265305328367,107.40626908493044,17.50259352912749,1843.944663606817,1879.8882702736291,1.8439446636068169,1.8798882702736293,32.21977373293225,60,45,5,True,False
PLD,2021-01-22,2021-01-25,100.14004133605955,101.33930438995364,18.2997417463831,1832.5368949220183,1854.4830990942585,1.8325368949220184,1.8544830990942585,18.25918417822368,60,45,3,True,False
META,2021-01-25,2021-01-27,278.2790846557617,282.3887337799072,6.655244389552418,1852.0153168850404,1879.366036161539,1.8520153168850404,1.879366036161539,23.61933792345189,60,45,2,True,False
HRL,2021-01-26,2021-01-27,47.0235,48.475750000000005,39.372927346515965,1851.4528490788932,1908.632182817872,1.8514528490788933,1.908632182817872,53.41924870708135,60,45,1,True,False
CCI,2021-01-26,2021-01-27,160.64027755737305,162.68861927032472,11.525458479226314,1851.4528490788932,1875.0609264427856,1.8514528490788933,1.875060926442785,19.88156358837045,60,45,1,True,False
OTIS,2021-01-08,2021-01-28,67.50373622131347,62.56869847488404,27.04579963611205,1825.692524530604,1692.2204824440234,1.825692524530604,1.6922204824440237,-136.98995509355518,60,45,20,False,True
GIS,2021-01-27,2021-01-28,59.12954847335815,60.31982347488404,31.61750071457696,1869.5285411090144,1907.162061820302,1.8695285411090143,1.9071620618203025,33.85683010835851,60,45,1,True,False
IDXX,2021-02-03,2021-02-11,504.4220984344482,519.0403377990723,3.6866132853135674,1859.6092094941844,1913.5010049437008,1.8596092094941843,1.9135010049437011,50.11868523507883,60,45,8,True,False
SBAC,2021-02-03,2021-02-17,277.04845866394044,259.2103263397217,6.7122164059749885,1859.6092094941844,1739.8758050556105,1.8596092094941843,1.7398758050556105,-123.3328894531237,60,45,14,False,True
UAL,2021-02-17,2021-02-18,45.43270484733581,45.17740076255799,39.90233753566683,1812.87112397672,1802.6838942116808,1.81287112397672,1.8026838942116807,-13.802784783227708,60,45,1,False,True
ED,2021-02-11,2021-02-23,72.34615255737305,68.5357146949768,25.540625395279367,1847.765981257597,1750.445015222146,1.8477659812575973,1.750445015222146,-100.9191770319312,60,45,12,False,True
PH,2021-02-23,2021-02-24,283.701777557373,285.7770534210205,6.328703363181494,1795.4643937679143,1808.59819910571,1.795464393767915,1.8085981991057096,9.529742744921805,60,45,1,True,False
IR,2021-02-24,2021-02-25,45.86292015266418,47.98599332237244,39.36321227785289,1805.3118616515371,1888.8828415121773,1.8053118616515371,1.8888828415121772,79.87678515747643,60,45,1,True,False
PPL,2021-01-19,2021-03-01,28.694340305328367,26.52673091506958,64.41550664269073,1848.360468545508,1708.7328114685342,1.848360468545508,1.7087328114685345,-143.18475035698748,60,45,41,False,True
JBHT,2021-03-02,2021-03-03,149.09451427459717,151.18436450958254,12.050852897491826,1796.7160593461658,1821.900537105763,1.796716059346166,1.821900537105763,21.5658611631452,60,45,1,True,False
ALL,2021-03-03,2021-03-04,109.98496530532836,111.46423664474489,16.365212799726162,1799.9273619921976,1824.1359522502848,1.7999273619921976,1.824135952250285,20.584526943844597,60,45,1,True,False
CAG,2021-01-27,2021-03-09,35.19759030532837,36.44176908493042,53.11524240413687,1869.5285411090144,1935.6133985816605,1.8695285411090143,1.9356133985816608,62.279715532955606,60,45,41,True,False
AMCR,2021-03-09,2021-03-11,58.82939923667907,59.42027576255799,31.217423421583245,1836.5022656087767,1854.9479083070128,1.8365022656087768,1.8549479083070128,14.754192524320388,60,45,2,True,False
DTE,2021-03-09,2021-03-11,106.2147858695984,106.84016891479492,17.290457732160572,1836.502265608777,1847.3154247181576,1.836502265608777,1.8473154247181576,7.129341419053844,60,45,2,True,False
PGR,2021-03-11,2021-03-12,92.16606274795532,93.29332633972167,19.93852797606255,1837.6556205436436,1860.131597204474,1.8376556205436436,1.860131597204474,18.77818944308251,60,45,1,True,False
CTAS,2021-03-11,2021-03-12,88.92194119262695,89.95249880981446,20.665941340201133,1837.6556205436432,1858.9530638081376,1.8376556205436432,1.858953063808138,17.600834580142873,60,45,1,True,False
LOW,2021-03-12,2021-03-17,170.1650418319702,174.72259255981447,10.757260826717811,1830.5097385758504,1879.536500486269,1.8305097385758504,1.879536500486269,45.316715671356405,60,45,5,True,False
MRK,2021-03-17,2021-03-18,73.25226029205322,73.6845138244629,25.30146753789376,1853.3896858567284,1864.326334575132,1.8533896858567285,1.864326334575132,7.218932697971695,60,45,1,True,False
PPL,2021-03-08,2021-03-19,28.414199618339534,29.63517461872101,64.31578683706945,1827.4816057990656,1906.0095736569915,1.827481605799066,1.9060095736569915,74.79447667846966,60,45,11,True,False
PG,2021-03-23,2021-03-24,130.47520866394044,130.87453244018556,14.265005133121386,1861.2295213361945,1866.9258770541085,1.8612295213361945,1.8669258770541088,1.9682003195239304,60,45,1,True,False
VZ,2021-02-18,2021-03-26,56.968468626022336,57.4012853050232,31.83052717031267,1813.336388451709,1827.1131715124104,1.8133363884517089,1.8271131715124105,10.136333500737235,60,45,36,True,False
DLR,2021-03-24,2021-03-29,139.25959744262695,142.87852194976807,13.421763236457796,1869.1093452793623,1917.6816931848248,1.8691093452793623,1.9176816931848253,44.78555686699838,60,45,5,True,False
EBAY,2021-03-22,2021-04-05,59.94995816802978,63.31832347488404,31.043151685304792,1861.0356449378253,1965.6003200900204,1.8610356449378256,1.9656003200900205,100.73803918716705,60,45,14,True,False
POOL,2021-03-12,2021-04-06,342.98140255737303,358.32075000000003,5.337052460941079,1830.5097385758504,1912.376640593753,1.8305097385758504,1.9123766405937532,78.12401563873323,60,45,25,True,False
TER,2021-04-05,2021-04-06,130.62527755737304,132.1538912200928,14.528724055453528,1897.8186122980997,1920.0274183911504,1.8978186122981,1.9200274183911503,18.390960062361955,60,45,1,True,False
ADSK,2021-04-06,2021-04-09,287.00341534423825,292.4137175598145,6.676623332968624,1916.2136995290264,1952.3362495399545,1.9162136995290264,1.9523362495399543,32.25400006185919,60,45,3,True,False
ICE,2021-02-03,2021-04-12,116.69831938934324,116.78157633972168,15.935184150252653,1859.6092094941844,1860.935924330253,1.8596092094941843,1.8609359243302528,-2.3938302977558124,60,45,68,False,True
PANW,2021-04-12,2021-04-13,58.01065739822388,59.4069500617981,33.30543344094795,1932.07008884218,1978.5742212129355,1.93207008884218,1.9785742212129356,42.59348806069988,60,45,1,True,False
HAS,2021-03-29,2021-04-15,98.049,100.2698396949768,19.300157103544347,1892.36110384542,1935.2236588602595,1.89236110384542,1.93522365886026,39.03497025213437,60,45,17,True,False
AKAM,2021-04-09,2021-04-16,104.32213164138794,105.92701335525511,18.43782364661663,1923.4730656430356,1953.0635916569984,1.9234730656430357,1.9530635916569985,25.713989356662974,60,45,7,True,False
FCX,2021-04-15,2021-04-16,36.98848622131347,38.11093606758118,52.65924450088585,1947.7857396457932,2006.8931005403865,1.9477857396457936,2.0068931005403865,55.1526820544068,60,45,1,True,False
DVA,2021-03-26,2021-04-19,108.3841668319702,113.42326335525512,17.08059401108612,1851.265950886709,1937.3367127836143,1.851265950886709,1.9373367127836143,82.282159233235,60,45,24,True,False
SW,2021-04-16,2021-04-19,50.31514591598511,50.614679389953615,39.38811949667057,1981.8189798312376,1993.617040097162,1.9818189798312376,1.9936170400971625,7.822624245996167,60,45,3,True,False
LULU,2021-04-13,2021-04-23,322.8313484344482,338.4406803588867,6.053312360763937,1954.198991920335,2048.6871538018054,1.954198991920335,2.048687153801805,90.48527573574825,60,45,10,True,False
ROL,2021-04-06,2021-04-27,35.37768061065674,36.03197423744202,54.16448072494073,1916.2136995290264,1951.653174065489,1.9162136995290264,1.9516531740654892,31.571607662868477,60,45,21,True,False
DASH,2021-04-26,2021-04-28,153.2765969467163,159.92998950958253,13.154226272166966,2016.2350384648423,2103.755269714338,2.0162350384648424,2.103755269714338,83.40024094131604,60,45,2,True,False
MTCH,2021-04-27,2021-04-28,153.54673622131347,155.36228244018557,13.151249398533247,2019.3314223772925,2043.2081234962432,2.0193314223772925,2.043208123496244,19.8141615730774,60,45,1,True,False
BKR,2021-05-04,2021-05-06,21.740864542007444,22.9085400762558,92.21558211215536,2004.8464793627345,2112.5243584715686,2.0048464793627345,2.1125243584715685,103.56050827100012,60,45,2,True,False
SLB,2021-05-04,2021-05-06,28.25411977100372,30.21488454246521,70.95766902709326,2004.846479362734,2143.9777770560827,2.004846479362734,2.1439777770560826,134.98247343692992,60,45,2,True,False
RVTY,2021-05-06,2021-05-10,135.78786122131348,141.36928244018554,15.09091105229192,2049.162535671801,2133.391266831174,2.049162535671801,2.133391266831174,80.04617735687043,60,45,4,True,False
AMD,2021-04-27,2021-05-11,85.71283316802977,73.5332146949768,23.55926583850792,2019.3314223772925,1732.3885529590357,2.0193314223772925,1.7323885529590357,-290.6945893935929,60,45,14,False,True
MRK,2021-05-10,2021-05-18,75.2475277519226,75.6682550392151,27.55089025452896,2073.136379017842,2084.727790337123,2.073136379017842,2.0847277903371237,7.4335471499261985,60,45,8,True,False
ADI,2021-05-21,2021-05-25,159.76984744262694,164.22784255981446,12.448964213185922,1988.969113159437,2044.466534835862,1.9889691131594367,2.044466534835862,51.46398602842987,60,45,4,True,False
AMGN,2021-05-07,2021-05-27,251.9058887786865,238.79054866027835,8.154644417461718,2054.2029496548485,1947.25201457516,2.0542029496548486,1.94725201457516,-110.9523900439192,60,45,20,False,True
CRM,2021-05-27,2021-06-01,229.6347642745972,237.881,8.646645914602237,1985.5704963655933,2056.8727768114945,1.9855704963655931,2.0568727768114945,67.25983717272425,60,45,5,True,False
OXY,2021-05-10,2021-06-02,27.72385408401489,28.665660305023195,74.77807280096664,2073.136379017842,2143.562833176804,2.073136379017842,2.143562833176804,66.20975494676713,60,45,23,True,False
ASML,2021-06-01,2021-06-07,685.0823602294921,679.8399026794434,2.934954159434686,2010.68532271088,1995.2989501187049,2.01068532271088,1.9952989501187048,-19.392356865005013,60,45,6,False,True
AXON,2021-06-08,2021-06-09,148.16404133605957,152.77358110046387,13.554311967694812,2008.261638663381,2070.740778657612,2.008261638663381,2.0707407786576115,58.4001375769094,60,45,1,True,False
ADP,2021-05-25,2021-06-11,197.26858316802975,200.2298368301392,10.135564585514691,1999.4284653925424,2029.442443138944,1.9994284653925425,2.029442443138944,25.985106837870035,60,45,17,True,False
MSCI,2021-06-11,2021-06-14,478.1389438934326,480.0898215789795,4.184748981858571,2000.8914586449744,2009.0553920532975,2.000891458644974,2.009055392053298,4.153986557624876,60,45,3,True,False
NKE,2021-05-10,2021-06-18,138.069,126.6166603050232,15.015219774300112,2073.136379017842,1901.1769815678244,2.073136379017842,1.9011769815678248,-175.93371081060332,60,45,39,False,True
TMO,2021-06-15,2021-06-18,472.986375,482.8984446411133,4.2285703422494985,2000.0561576130997,2041.970041327823,2.0000561576130997,2.041970041327823,37.87185751578272,60,45,3,True,False
WMT,2021-05-21,2021-06-21,47.53042142486572,45.197391220092776,41.84623349707773,1988.969113159437,1891.3405864547733,1.9889691131594367,1.8913405864547732,-101.50883640427789,60,45,31,False,True
TTD,2021-06-18,2021-06-23,61.84090637397766,64.91552404785156,32.175722382246654,1989.7758353556128,2088.7038800617283,1.9897758353556128,2.0887038800617286,94.84956499069835,60,45,5,True,False
MPWR,2021-06-18,2021-06-25,352.9463740081787,361.9789236602783,5.63761517864327,1989.7758353556128,2040.6978743761388,1.9897758353556128,2.040697874376139,46.89156531079425,60,45,7,True,False
HUM,2021-06-25,2021-06-29,441.6107096557617,444.7775,4.521187509851837,1996.604824712436,2010.9224776631252,1.996604824712436,2.0109224776631254,10.31012564831417,60,45,4,True,False
ABT,2021-06-29,2021-06-30,115.7978678627014,116.9415,17.239406483563776,1996.286514015116,2016.0020532976732,1.9962865140151165,2.0160020532976737,15.70325071524462,60,45,1,True,False
HD,2021-06-30,2021-07-01,318.0989724426269,319.7500486602783,6.32150252034468,2010.863456015119,2021.3007384862835,2.010863456015119,2.0213007384862838,6.4051182766627335,60,45,1,True,False
PDD,2021-06-02,2021-07-07,137.6988198852539,113.8730353050232,14.793396244460771,2037.0332049571955,1684.5689328266792,2.037033204957196,1.6845689328266793,-356.18587426830027,60,45,35,False,True
FICO,2021-07-07,2021-07-08,520.26,517.3511803588867,3.7491999283345865,1950.558754715352,1939.653008325352,1.950558754715352,1.939653008325352,-14.795958153040829,60,45,1,False,True
MU,2021-07-01,2021-07-09,82.28111786270141,77.37129866027833,24.16756366858504,1988.534154669186,1869.8757864933848,1.988534154669186,1.8698757864933848,-122.5167781169639,60,45,8,False,True
CHD,2021-07-08,2021-07-12,86.81338164138793,86.87653816986085,22.26802812250784,1933.1628238004323,1934.569195152587,1.9331628238004324,1.9345691951525872,-2.4613606667981003,60,45,4,False,True
TDY,2021-06-22,2021-07-14,432.216,438.6105715789795,4.526483729705608,1956.4186917184388,1985.3636159291275,1.956418691718439,1.9853636159291277,25.00314190304107,60,45,22,True,False
ZBH,2021-06-23,2021-07-14,161.6147483139038,152.78764266967775,12.184900345782902,1969.259602613703,1861.702199997111,1.969259602613703,1.861702199997111,-111.38836441920284,60,45,21,False,True
INTC,2021-06-15,2021-07-19,58.23910408401489,54.382794847488405,34.34215187664712,2000.056157613099,1867.622200128989,2.000056157613099,1.8676222001289893,-136.30163584185175,60,45,34,False,True
IEX,2021-07-12,2021-07-19,222.20104133605955,224.30778816986088,8.65859153083845,1923.9480546558896,1942.1895149486625,1.9239480546558896,1.9421895149486623,14.375322723167985,60,45,7,True,False
DTE,2021-07-12,2021-07-19,115.27761122131346,116.49172805023194,16.689693985436907,1923.9480546558896,1944.211292993108,1.9239480546558896,1.944211292993108,16.395078989569356,60,45,7,True,False
CCEP,2021-07-15,2021-07-20,62.141055610656736,57.36130438995362,31.120805584506517,1933.879710475256,1785.1300019934465,1.933879710475256,1.7851300019934466,-152.46871819427815,60,45,5,False,True
CB,2021-07-21,2021-08-04,169.10451427459716,170.49471183013918,11.101942860840976,1877.388654986845,1892.8225488137527,1.877388654986845,1.8928225488137531,11.66368262310766,60,45,14,True,False
TPR,2021-08-04,2021-08-09,43.17157652664184,43.48824332237244,43.599372776988346,1882.2536583553372,1896.0601320284904,1.882253658355337,1.8960601320284904,10.02815988276916,60,45,5,True,False
PFG,2021-08-09,2021-08-10,64.89243061065673,64.9675,29.02133016864708,1883.2646541978893,1885.443267731579,1.8832646541978888,1.885443267731579,-1.590094388239777,60,45,1,False,True
MOS,2021-08-10,2021-08-11,32.70634362602234,33.973006677627566,57.53695376048585,1881.8233808850084,1954.7033143153344,1.8818233808850084,1.9547033143153345,69.0434067351257,60,45,1,True,False
HBAN,2021-08-11,2021-08-12,14.87743488550186,15.22238454246521,127.64633924582964,1899.0501005025112,1943.0816614379876,1.8990501005025116,1.9430816614379876,40.18942917353547,60,45,1,True,False
D,2021-07-19,2021-08-13,77.0385,77.43126622009278,24.79386655084308,1910.0822882771245,1919.820481523784,1.9100822882771245,1.919820481523784,5.908290476858383,60,45,25,True,False
XEL,2021-07-19,2021-08-17,69.40468774795532,69.60517938995362,27.5209405914141,1910.0822882771245,1915.6000068456349,1.9100822882771245,1.9156000068456347,1.69203627338743,60,45,29,True,False
SNA,2021-08-12,2021-08-17,230.54520767211912,229.69509255981447,8.310525467124839,1915.9518196827307,1908.886916391935,1.9159518196827308,1.908886916391935,-10.889742026870408,60,45,5,False,True
DLR,2021-08-16,2021-08-17,158.96944438934327,161.0394351196289,12.023798306136104,1911.416536175983,1936.3056872125087,1.9114165361759832,1.9363056872125093,21.0414288131376,60,45,1,True,False
LOW,2021-08-19,2021-08-23,198.849375,208.70559255981448,9.497970562722536,1888.6655101657748,1982.2795744086816,1.8886655101657748,1.9822795744086816,89.74311915833255,60,45,4,True,False
APP,2021-08-20,2021-08-23,66.53325,70.53471469497681,28.367687610409504,1887.394451705278,2000.906752156463,1.887394451705278,2.000906752156463,109.62399924732335,60,45,3,True,False
DLTR,2021-08-23,2021-08-24,102.72133316802976,103.93800286483766,18.72536751387868,1923.4947150869327,1946.27730230266,1.9234947150869333,1.9462773023026605,18.912815198337512,60,45,1,True,False
BKNG,2021-08-25,2021-08-26,89.65800392532348,89.955,21.587030401918906,1935.4500565113224,1941.861319804615,1.9354500565113224,1.941861319804615,2.533951916976548,60,45,1,True,False
REG,2021-08-26,2021-08-30,66.9934790840149,68.25585591506959,28.9639605111348,1940.3964826929423,1976.959915377782,1.9403964826929423,1.976959915377782,32.6460762867689,60,45,4,True,False
ALLE,2021-08-30,2021-08-31,142.01097244262695,142.9285,13.756489906438542,1953.5725090105195,1966.1944675924012,1.95357250901052,1.9661944675924012,8.70219160527904,60,45,1,True,False
MMM,2021-07-15,2021-09-02,168.503948638916,162.18475145721436,11.476761975586289,1933.879710475256,1861.3557885440705,1.933879710475256,1.8613557885440704,-76.31915743020477,60,45,49,False,True
AJG,2021-08-25,2021-09-02,143.34163927459716,144.61765744018555,13.502357488765798,1935.4500565113224,1952.679309945256,1.9354500565113224,1.952679309945256,13.34112406747704,60,45,8,True,False
BDX,2021-08-18,2021-09-03,194.6593232574463,195.86765438842772,9.794633903532604,1906.616807216096,1918.451968278301,1.906616807216096,1.918451968278301,8.010092286710687,60,45,16,True,False
BAX,2021-09-02,2021-09-03,81.0405,81.00947805023193,23.919119758688627,1938.4174248040056,1937.6754070723557,1.9384174248040056,1.9376754070723552,-4.61811056352667,60,45,1,False,True
CSGP,2021-09-03,2021-09-07,87.30363213729858,87.52621469497682,22.242610597577155,1941.860693384055,1946.8115105403049,1.941860693384055,1.9468115105403048,1.0621449523252977,60,45,4,True,False
PYPL,2021-08-31,2021-09-08,291.0754576721191,296.4017127990723,6.686764396084297,1946.353006935868,1981.96842008324,1.946353006935868,1.98196842008324,31.68709172035301,60,45,8,True,False
MTCH,2021-09-03,2021-09-08,145.41266633605957,158.6506307296753,13.354137176030244,1941.860693384055,2118.642285827804,1.9418606933840548,2.118642285827804,172.72108946453682,60,45,5,True,False
CNP,2021-09-10,2021-09-17,26.703345534324644,24.46775954246521,74.01641753283626,1976.4859725921715,1811.0159063881435,1.9764859725921715,1.811015906388144,-169.25756808300798,60,45,7,False,True
GPN,2021-09-09,2021-09-22,170.2850969467163,158.43073950958254,11.633078174832905,1980.9398447901503,1843.0371780115615,1.9809398447901505,1.8430371780115615,-141.72664380139054,60,45,13,False,True
DELL,2021-09-17,2021-09-24,51.424583261489865,51.991226184844976,38.01840538147908,1955.080653008945,1976.623513375606,1.955080653008945,1.976623513375606,17.611156200276355,60,45,7,True,False
GIS,2021-09-23,2021-09-24,60.210090305328364,60.28983969497681,31.54732722759405,1899.467421265182,1901.9833013566224,1.899467421265182,1.9019833013566227,-1.285570631181372,60,45,1,False,True
CCEP,2021-09-03,2021-09-27,60.15005893135071,56.19189122009278,32.28360417070083,1941.860693384055,1814.0767737525548,1.9418606933840548,1.814076773752555,-131.5398570986365,60,45,24,False,True
SCHW,2021-09-24,2021-09-27,74.06701377868652,75.962,25.924188064239534,1920.12719455529,1969.2531737357635,1.9201271945552905,1.9692531737357637,45.236598812182365,60,45,3,True,False
KEY,2021-08-12,2021-09-28,20.850420152664185,21.96900954246521,91.89032190499611,1915.9518196827305,2018.73935879106,1.9159518196827303,2.01873935879106,98.8528479298559,60,45,47,True,False
XOM,2021-09-24,2021-09-28,56.72835076332092,59.87005152511597,33.847752820566654,1920.12719455529,2026.466705376715,1.9201271945552905,2.026466705376715,102.392916921493,60,45,4,True,False
RF,2021-09-27,2021-09-28,20.97047908401489,21.939025762557986,92.15943221912246,1932.627445745796,2021.888157718044,1.932627445745796,2.021888157718044,85.30619636878464,60,45,1,True,False
MS,2021-09-28,2021-10-01,104.32213164138794,97.8810353050232,18.96054128476572,1978.0040839013,1855.8774108965035,1.9780040839013,1.8558774108965037,-125.96055449959454,60,45,3,False,True
PRU,2021-09-28,2021-10-06,107.02348622131348,107.02646183013916,18.48196273303032,1978.0040839013,1978.0590789927244,1.9780040839013,1.9780590789927244,-3.901068071469581,60,45,8,False,True
NSC,2021-10-06,2021-10-07,252.876375,264.63760401916505,7.608137060613019,1923.9181203909757,2013.3991627700425,1.9239181203909757,2.0133991627700425,85.54372509590621,60,45,1,True,False
PFG,2021-10-06,2021-10-08,66.0730209159851,68.19588835525514,29.118058985638424,1923.9181203909757,1985.731899706332,1.9239181203909757,1.985731899706332,57.904129295259054,60,45,2,True,False
GL,2021-10-08,2021-10-11,93.68681938934326,94.90252194976809,21.01124140598465,1968.4763787483748,1994.019798723334,1.9684763787483748,1.994019798723334,21.580923797487685,60,45,3,True,False
HSY,2021-10-07,2021-10-13,179.20955511474608,179.84002767944338,10.896051984494685,1952.6766286484387,1959.546290488178,1.9526766286484387,1.9595462904881784,2.9574389206027263,60,45,6,True,False
PLD,2021-10-13,2021-10-14,132.10601328277588,134.03295610046388,14.78920126239178,1953.7424184111744,1982.2403635630824,1.9537424184111745,1.9822403635630828,24.561962369934008,60,45,1,True,False
NTRS,2021-10-11,2021-10-15,116.22808316802978,120.8295543899536,16.920598946058316,1966.648781555343,2044.508430663345,1.966648781555343,2.044508430663345,73.84849189578335,60,45,4,True,False
FCX,2021-10-14,2021-10-15,37.00849667930603,38.15091316986084,52.93992686977219,1959.227107762668,2019.7065532274617,1.959227107762668,2.019706553227462,56.50051180380365,60,45,1,True,False
CPB,2021-09-07,2021-10-18,43.06152091598511,41.039471372604375,45.47255533039485,1958.117392463088,1866.169632720908,1.958117392463088,1.866169632720908,-95.77204676736368,60,45,41,False,True
TXT,2021-09-28,2021-10-18,72.81638877868652,73.41327194976807,27.16427053136512,1978.0040839013,1994.2179798361783,1.9780040839013,1.9942179798361783,12.241673871140849,60,45,20,True,False
AFL,2021-10-15,2021-10-18,55.83790637397766,55.51223091506958,35.801198759966184,1999.063984435157,1987.4044125995456,1.999063984435157,1.9874044125995456,-15.6460402326461,60,45,3,False,True
EPAM,2021-10-18,2021-10-19,619.619652557373,636.2617270812989,3.208784776914663,1988.226108603251,2041.626943991904,1.988226108603251,2.041626943991904,49.37098233605752,60,45,1,True,False
DOV,2021-10-18,2021-10-19,164.1120137786865,172.97346755981445,12.115055216399186,1988.226108603251,2095.5831104591857,1.988226108603251,2.0955831104591858,103.27319263687218,60,45,1,True,False
CNC,2021-10-18,2021-10-21,65.14255561065673,67.88603816986084,30.521156100882163,1988.226108603251,2071.9603680527675,1.988226108603251,2.071960368052768,79.67407297286059,60,45,3,True,False
WSM,2021-10-19,2021-10-21,93.65180585861204,93.3283125,21.47238153216661,2010.927306572515,2003.981133753275,2.0109273065725146,2.003981133753275,-10.961081259565615,60,45,2,False,True
OMC,2021-10-15,2021-10-22,77.00848622131348,72.46375,25.95900896805163,1999.063984435157,1881.0871361086515,1.999063984435157,1.881087136108652,-121.85699944704923,60,45,7,False,True
D,2021-10-21,2021-10-22,76.80838164138794,77.50123091506958,26.36168719837102,2024.798531043372,2043.0632068717864,2.024798531043372,2.0430632068717864,14.196814090498949,60,45,1,True,False
HUBB,2021-10-21,2021-10-25,190.9754448852539,191.86402671051027,10.602402482999617,2024.798531043372,2034.2196331938185,2.024798531043372,2.0342196331938185,5.3620839862092,60,45,4,True,False
RL,2021-10-22,2021-10-25,121.65079133605956,123.28832347488404,16.57515922752978,2016.381236550188,2043.523592491401,2.016381236550188,2.043523592491401,23.082451112171384,60,45,3,True,False
DG,2021-10-22,2021-10-25,219.89988828277583,220.16985877990723,9.16954188697569,2016.381236550188,2018.8567423318816,2.0163812365501883,2.0188567423318817,-1.559732197188623,60,45,3,False,True
J,2021-09-28,2021-10-26,114.61760578536986,115.66047884368898,17.257419314841233,1978.0040839013,1996.001381560864,1.9780040839013,1.996001381560864,14.023292194101488,60,45,28,True,False
GOOGL,2021-10-19,2021-10-28,143.4591906967163,147.06093897247314,14.017417056421074,2010.9273065725145,2061.4145142860434,2.0109273065725146,2.061414514286044,46.414865892670605,60,45,9,True,False
GRMN,2021-10-25,2021-10-28,165.20255511474608,145.79706011962892,12.170366375314057,2010.5756218844729,1774.403638099574,2.010575621884473,1.774403638099574,-239.95696304488297,60,45,3,False,True
AME,2021-10-25,2021-10-29,131.28561122131347,131.60416316986084,15.314516215300731,2010.5756218844729,2015.454090865917,2.010575621884473,2.015454090865917,0.8524392686938427,60,45,4,True,False
HAS,2021-10-28,2021-10-29,94.9974719467163,95.11242366027832,20.533159311896902,1950.5982257093824,1952.958547557127,1.9505982257093823,1.9529585475571272,-1.5432349255220288,60,45,1,False,True
ON,2021-10-29,2021-11-01,46.273125,53.723125,42.30212686397527,1957.4516041425857,2272.602449279201,1.9574516041425856,2.2726024492792014,310.920791083194,60,45,3,True,False
BEN,2021-11-01,2021-11-02,33.54676377868652,35.832073474884034,59.724782587501096,2003.573173196309,2140.062797946814,2.003573173196309,2.1400627979468143,132.34598877936173,60,45,1,True,False
ALGN,2021-11-02,2021-11-03,663.3315,666.7264675598145,3.082258787431188,2044.5593448549112,2055.023513449193,2.0445593448549118,2.055023513449193,6.364585735977926,60,45,1,True,False
SWKS,2021-10-29,2021-11-04,167.7338188934326,172.18386927032472,11.669987704663338,1957.4516041425857,2009.383637326049,1.9574516041425856,2.009383637326049,47.9651979419948,60,45,6,True,False
MDLZ,2021-11-03,2021-11-04,63.08152423667907,61.7391154575348,32.502378922013506,2050.299603718722,2006.668124910737,2.0502996037187224,2.006668124910737,-47.68844653661472,60,45,1,False,True
PDD,2021-10-26,2021-11-05,101.65079847335817,86.92651622009278,19.76786448485928,2009.4192089990845,1718.351592779716,2.009419208999084,1.718351592779716,-294.79538702114723,60,45,10,False,True
MTD,2021-10-29,2021-11-08,1471.3352755737303,1526.1165648803712,1.3303912688284456,1957.4516041425857,2030.3321531313056,1.9574516041425856,2.030332153131306,68.89276523144645,60,45,10,True,False
PHM,2021-11-08,2021-11-10,50.47522576332092,51.42427576255798,40.31443587765215,2034.8802524454168,2073.1406677843456,2.0348802524454173,2.0731406677843456,34.152394418698805,60,45,2,True,False
WBD,2021-11-08,2021-11-11,26.843414923667908,27.146419847488406,75.80556565667275,2034.8802524454168,2057.8497120923867,2.034880252445417,2.057849712092387,18.876729682432146,60,45,3,True,False
TAP,2021-11-04,2021-11-12,46.68332984733581,47.3163301525116,43.78128369341168,2043.8561077993224,2071.5696737382395,2.0438561077993223,2.07156967373824,23.598140157379703,60,45,8,True,False
MA,2021-11-11,2021-11-15,358.5591948852539,364.9574446411133,5.686039490231656,2038.781741703222,2075.1624424834035,2.038781741703222,2.0751624424834034,32.26675659599505,60,45,4,True,False
SNA,2021-11-12,2021-11-15,221.1204995040893,221.6191307296753,9.246779641656488,2044.6525331673267,2049.263266232769,2.044652533167327,2.049263266232769,0.5168172660421533,60,45,3,True,False
WDC,2021-11-12,2021-11-15,45.162405275344845,45.646099401474,45.27333122984811,2044.652533167327,2066.5509775535043,2.044652533167327,2.0665509775535043,17.78724087545629,60,45,3,True,False
BALL,2021-11-04,2021-11-16,91.82588877868652,95.8820353050232,22.25795072591464,2043.8561077993224,2134.1376173196136,2.0438561077993223,2.1341376173196136,86.1035157951726,60,45,12,True,False
MKC,2021-11-16,2021-11-17,82.92143725204467,83.32831774520875,25.1601469458862,2086.315546225526,2096.552719222949,2.086315546225526,2.0965527192229487,6.054304731974298,60,45,1,True,False
SW,2021-11-17,2021-11-23,54.13705561065674,50.9944904575348,38.472317779886296,2082.7780071205625,1961.876241905658,2.0827780071205626,1.961876241905658,-124.94641946393062,60,45,6,False,True
AEE,2021-10-25,2021-12-01,85.21258316802978,81.94900286483765,23.59482070763939,2010.5756218844729,1933.572029765671,2.0105756218844726,1.933572029765671,-80.94773977045179,60,45,37,False,True
BDX,2021-11-18,2021-12-01,192.3341866607666,182.19142097473144,10.820481488549191,2081.14850637799,1971.3988980295549,2.08114850637799,1.971398898029555,-113.80215575284296,60,45,13,False,True
META,2021-11-16,2021-12-02,344.00190156555175,311.24429389953616,6.064837248662607,2086.315546225526,1887.645987075599,2.086315546225526,1.8876459870755984,-202.6435206832284,60,45,16,False,True
PNC,2021-11-24,2021-12-02,208.4041530532837,197.651125,9.824805560013782,2047.530281647865,1941.8838718429795,2.047530281647865,1.9418838718429796,-109.63582395837648,60,45,8,False,True
PPG,2021-12-07,2021-12-08,166.44318061065673,166.3667719497681,11.79532783174124,1963.2518806604128,1962.350615456047,1.9632518806604131,1.962350615456047,-4.82686770048258,60,45,1,False,True
YUM,2021-12-07,2021-12-08,130.00497244262695,131.98397805023194,15.101359923189277,1963.251880660413,1993.1375566308657,1.963251880660413,1.9931375566308656,25.929286533161303,60,45,1,True,False
DTE,2021-12-08,2021-12-13,115.06750713729858,115.8720353050232,17.11122636718495,1968.946162133986,1982.7126257306984,1.968946162133986,1.9827126257306984,9.81480480884784,60,45,5,True,False
KMB,2021-11-23,2021-12-14,135.50772244262694,139.4002662200928,15.137873265457385,2051.298728827262,2110.223563210785,2.051298728827262,2.110223563210785,54.7633120914852,60,45,21,True,False
PGR,2021-12-03,2021-12-16,96.17806225204468,101.1294103050232,20.27666334096905,1950.1701890714733,2050.5670066256816,1.950170189071473,2.050567006625682,96.39608035851074,60,45,13,True,False
HCA,2021-12-15,2021-12-16,245.51269438934324,254.8725,7.964287368019669,1955.33365061352,2029.877832205593,1.95533365061352,2.0298778322055933,70.55897010925423,60,45,1,True,False
AMT,2021-12-08,2021-12-17,276.5282096557617,279.11037500000003,7.120236176211621,1968.946162133986,1987.331789230992,1.968946162133986,1.987331789230992,14.4293491456408,60,45,9,True,False
CB,2021-12-15,2021-12-17,192.55623671722407,194.2628206100464,10.154610850049997,1955.33365061352,1972.663345928093,1.95533365061352,1.972663345928093,13.401698318031777,60,45,2,True,False
COR,2021-12-16,2021-12-20,124.3921668319702,124.64764408493042,15.9587888489157,1985.1483249305077,1989.2254324662003,1.9851483249305075,1.9892254324662004,0.1027337782961694,60,45,4,True,False
T,2021-12-20,2021-12-23,18.15862235069275,18.75949831008911,108.59516988510676,1971.938679052976,2037.1909059435,1.971938679052976,2.0371909059435,61.243097305527726,60,45,3,True,False
SRE,2021-12-17,2021-12-27,64.04200713729858,64.95750286483765,31.096252522719137,1991.466426003218,2019.9349123302436,1.991466426003218,2.0199349123302435,24.45708498869203,60,45,10,True,False
UPS,2021-12-27,2021-12-28,212.99644438934325,214.4527175598145,9.359595776914176,1993.5606214042325,2007.190749620608,1.9935606214042323,2.007190749620608,9.629376845350862,60,45,1,True,False
GPC,2021-12-28,2021-12-29,137.48870816802977,138.74059255981447,14.632864379193894,2011.8536202933476,2030.1722748167624,2.0118536202933472,2.0301722748167625,14.27662862830516,60,45,1,True,False
HSIC,2021-12-29,2021-12-30,76.67831938934326,78.02096755981445,26.317253457027192,2017.962766028229,2053.297578234133,2.017962766028229,2.053297578234133,31.2635518616421,60,45,1,True,False
BKR,2021-12-13,2022-01-05,25.302645915985103,25.9969952287674,77.27766941932623,1955.329506529762,2008.987203184488,1.955329506529762,2.008987203184488,49.69337994501189,60,45,23,True,False
KHC,2021-12-17,2022-01-05,36.07803137397766,37.05146469497681,55.1988661842459,1991.466426003218,2045.198841628336,1.991466426003218,2.045198841628336,49.69575035748676,60,45,19,True,False
CCL,2021-12-23,2022-01-05,21.550770915985105,21.779105915069582,92.18657571116351,1986.6917746804015,2007.7411963610116,1.9866917746804016,2.0077411963610112,17.054988709568306,60,45,13,True,False
VTR,2022-01-04,2022-01-05,52.20609030532837,53.683144084930426,38.97684163958463,2034.828514452638,2092.3994057133373,2.034828514452638,2.092399405713337,53.44366334053325,60,45,1,True,False
GE,2022-01-05,2022-01-07,62.164539178848266,62.145993520736695,33.35680435898793,2073.610371455481,2072.991747566145,2.073610371455481,2.072991747566145,-4.765226008357331,60,45,2,False,True
BA,2022-01-05,2022-01-10,216.74831938934324,214.1528645095825,9.566904035507983,2073.610371455481,2048.77990369232,2.073610371455481,2.04877990369232,-28.95285803830893,60,45,5,False,True
LHX,2022-01-07,2022-01-11,218.47918011474607,224.8875,9.378826787839072,2049.078387045298,2109.1809092501594,2.0490783870452978,2.1091809092501594,55.94426290856609,60,45,4,True,False
IVZ,2022-01-05,2022-01-12,24.452220534324645,24.977504771232606,84.80253842568877,2073.610371455481,2118.1558081402777,2.073610371455481,2.1181558081402776,40.35367050520063,60,45,7,True,False
META,2021-12-16,2022-01-19,339.1495009918213,319.4201965789795,5.853313418197776,1985.1483249305077,1869.666522679112,1.9851483249305075,1.8696665226791125,-119.33661709900504,60,45,34,False,True
DIS,2022-01-10,2022-01-21,158.05898572540283,141.1593807296753,13.043012893215828,2061.5653887050457,1841.1436228555167,2.061565388705046,1.8411436228555167,-224.32447486108936,60,45,11,False,True
PHM,2022-01-14,2022-01-24,56.29813545799255,50.64466316986084,36.75084727632428,2069.004178158501,1861.234281516441,2.069004178158501,1.8612342815164409,-211.7001351017352,60,45,10,False,True
PDD,2022-01-20,2022-01-27,69.25461122131347,53.87305152511597,29.06166936389793,2012.654613239108,1565.6408110471575,2.012654613239108,1.5656408110471578,-450.5920976162363,60,45,7,False,True
AXP,2022-01-26,2022-01-27,177.0384719467163,176.61164694976807,10.64916102680298,1885.311195699724,1880.7658675769571,1.885311195699724,1.8807658675769572,-8.311405186042748,60,45,1,False,True
BALL,2022-01-28,2022-02-01,94.2871178627014,97.45125,19.545306024325164,1842.8705727781144,1904.7145037030175,1.8428705727781147,1.9047145037030175,58.09634584842206,60,45,4,True,False
JNJ,2022-01-28,2022-02-01,170.94543061065673,171.6541354904175,10.780461145963091,1842.8705727781144,1850.51073819833,1.8428705727781147,1.85051073819833,3.9467841092389335,60,45,4,True,False
RJF,2022-02-01,2022-02-02,106.22308316802976,108.70562213516236,17.492982762949293,1858.158562885674,1901.5855742460744,1.858158562885674,1.9015855742460743,39.66726722326848,60,45,1,True,False
MDT,2022-01-13,2022-02-04,108.78436835861206,101.56919274520877,19.121471193959117,2080.1171659222377,1942.15239327119,2.0801171659222377,1.9421523932711904,-141.98704221024127,60,45,22,False,True
PH,2022-01-05,2022-02-07,325.6427509918213,302.8485,6.367746142482261,2073.610371455481,1928.462367631539,2.073610371455481,1.928462367631539,-149.1500765630292,60,45,33,False,True
MOH,2022-02-04,2022-02-09,293.7968188934326,310.2348196411133,6.283606153546136,1846.1034990910528,1949.393421741175,1.8461034990910528,1.949393421741175,99.49442572929,60,45,5,True,False
ON,2022-02-09,2022-02-10,66.30313164138794,65.56719847488404,27.61672721920555,1831.075500319287,1810.7514348083823,1.831075500319287,1.8107514348083824,-23.965892446032058,60,45,1,False,True
BA,2022-02-09,2022-02-11,215.01745866394043,217.7610601196289,8.51593871352163,1831.0755003192871,1854.439842170259,1.8310755003192871,1.854439842170259,19.678826508482416,60,45,2,True,False
KKR,2022-02-02,2022-02-14,73.03649999999999,62.02897137260437,25.69081766019138,1876.367404038568,1593.5749931828102,1.876367404038568,1.5935749931828105,-286.2623532529788,60,45,12,False,True
DIS,2022-02-11,2022-02-16,153.61676328277588,154.9025057296753,11.895848965822603,1827.4018146304252,1842.696812587688,1.8274018146304252,1.842696812587688,11.624899330044627,60,45,5,True,False
AZN,2022-02-16,2022-02-17,121.00047244262694,121.97898091506958,14.873347469921036,1799.6820706637957,1814.2357671766963,1.7996820706637957,1.8142357671766969,10.939778675060552,60,45,1,True,False
AAPL,2022-02-01,2022-02-24,174.09699950408935,152.50371183013917,10.673122271943738,1858.158562885674,1627.690763288348,1.858158562885674,1.6276907632883482,-233.95364892349997,60,45,23,False,True
DD,2022-02-17,2022-02-24,101.72447420883178,91.52325387191772,17.685320222052038,1799.0299008030636,1618.6180524890292,1.7990299008030637,1.6186180524890292,-183.82949626732648,60,45,7,False,True
HCA,2022-02-28,2022-03-03,246.5832367172241,262.86850000000004,6.870933993506285,1694.2571433891824,1806.1521124720075,1.6942571433891824,1.8061521124720072,108.3945598269636,60,45,3,True,False
PWR,2022-02-25,2022-03-04,107.48371530532836,110.59467652511596,15.679427576022228,1685.283129731688,1734.0612208691614,1.685283129731688,1.7340612208691617,45.35874678687264,60,45,7,True,False
WM,2022-03-03,2022-03-04,151.325625,151.674125,11.399938557531158,1725.102827180001,1729.0757057673006,1.725102827180001,1.7290757057673007,0.5187000543521663,60,45,1,True,False
FE,2022-03-04,2022-03-07,42.22110076332092,42.968506677627566,40.45488384976295,1708.0497273892856,1738.2859468411868,1.7080497273892856,1.7382859468411869,26.78988377767064,60,45,3,True,False
DE,2022-03-04,2022-03-07,379.0594301147461,394.1228473205567,4.506020934163905,1708.0497273892854,1775.925800658713,1.7080497273892854,1.7759258006587129,64.3920977413793,60,45,3,True,False
MSCI,2022-02-07,2022-03-08,552.0258749999999,467.77600476074224,3.332304038598222,1839.5180526732167,1558.7718698235626,1.839518052673217,1.5587718698235626,-284.1444727721514,60,45,29,False,True
NOW,2022-02-10,2022-03-08,120.15404877090454,101.949,15.423963410443026,1853.2516518590185,1572.4576457312562,1.8532516518590183,1.5724576457312562,-284.21971542535243,60,45,26,False,True
WEC,2022-03-07,2022-03-08,94.69732652664185,95.64215744018556,18.06456083490231,1710.6656159431298,1727.7335714595365,1.7106656159431295,1.7277335714595363,13.629556329004116,60,45,1,True,False
NEE,2022-03-07,2022-03-08,81.00047908401488,84.26784255981445,21.1192036798795,1710.6656159431298,1779.6697306847398,1.7106656159431295,1.7796697306847398,65.5137793949823,60,45,1,True,False
LYB,2022-03-14,2022-03-15,104.81238213729858,102.97848377990724,15.95996085850052,1672.8015163974844,1643.53257039505,1.6728015163974843,1.64353257039505,-32.5852800892269,60,45,1,False,True
PAYX,2022-03-07,2022-03-18,123.61177805328369,125.62715744018556,13.839017955115375,1710.6656159431298,1738.5564874648342,1.7106656159431295,1.7385564874648345,24.441649418296493,60,45,11,True,False
CVS,2022-03-16,2022-03-18,107.0535,108.44575,15.622045284780606,1672.3946248942607,1694.1444174419964,1.6723946248942607,1.6941444174419964,18.38325350539958,60,45,2,True,False
CRWD,2022-03-18,2022-03-21,50.42520152664184,50.724625,33.39410749214281,1683.9046000936414,1693.9035797486345,1.6839046000936415,1.6939035797486346,6.621171475150732,60,45,3,True,False
COO,2022-03-18,2022-03-21,104.72734055328368,104.64764694976807,16.078939761073148,1683.9046000936412,1682.623211443371,1.6839046000936413,1.682623211443371,-4.647916461807199,60,45,3,False,True
LOW,2022-03-18,2022-03-21,231.7658188934326,236.38175,7.265543332202542,1683.9046000936412,1717.4418475668683,1.6839046000936413,1.7174418475668685,30.13590102556668,60,45,3,True,False
GWW,2022-03-16,2022-03-22,502.1409596557617,505.8069675598145,3.3305281967851337,1672.3946248942607,1684.6043675883457,1.6723946248942607,1.6846043675883458,8.852743701602549,60,45,6,True,False
BALL,2022-03-22,2022-03-23,94.14704847335815,93.40327194976808,17.929628924209364,1688.0216434368635,1674.6860063663548,1.6880216434368636,1.674686006366355,-16.69834472031198,60,45,1,False,True
EVRG,2022-03-08,2022-03-24,64.54225713729858,65.06744847488403,26.01667860848329,1679.1751606071837,1692.8388948451038,1.6791751606071836,1.692838894845104,10.29172018246777,60,45,16,True,False
FTNT,2022-03-25,2022-03-29,66.63329847335815,68.87754656219482,25.15544340073421,1676.1901683507906,1732.6452241267273,1.6761901683507907,1.7326452241267274,53.04622038345906,60,45,4,True,False
GRMN,2022-03-21,2022-03-30,119.58976377868652,120.9395,14.14586643123816,1691.700824956623,1710.7940132607275,1.6917008249566228,1.7107940132607276,15.690693465887534,60,45,9,True,False
V,2022-03-21,2022-03-30,216.4481663360596,225.7270763397217,7.815731838217891,1691.700824956623,1764.2222972962034,1.6917008249566228,1.7642222972962034,69.065549217328,60,45,9,True,False
ULTA,2022-03-25,2022-03-30,398.4991377868652,401.0993377990723,4.2062579549351256,1676.1901683507906,1687.1272803365591,1.6761901683507907,1.6871272803365591,7.573794537081085,60,45,5,True,False
FFIV,2022-03-29,2022-03-30,214.4871948852539,215.7520706100464,7.927197999551319,1700.2824622237588,1710.309382539015,1.700282462223759,1.7103093825390148,6.616328470493045,60,45,1,True,False
MCO,2022-03-30,2022-04-05,340.49016732788084,341.4691946411133,5.073320298016731,1727.415677179651,1732.382596320186,1.7274156771796512,1.732382596320186,1.5071208670351552,60,45,6,True,False
TPR,2022-03-30,2022-04-06,39.85992015266418,34.05296469497681,43.33715849313344,1727.415677179651,1475.7587281472872,1.7274156771796512,1.4757587281472873,-254.86012343769065,60,45,7,False,True
CARR,2022-03-21,2022-04-07,47.30363877868652,43.30833683013916,35.76259392795059,1691.700824956623,1548.8184637511738,1.6917008249566228,1.548818463751174,-146.12288049415656,60,45,17,False,True
ERIE,2022-04-07,2022-04-08,183.68179133605955,186.41673950958253,8.693012812155825,1596.7481654440985,1620.523104957116,1.5967481654440985,1.620523104957116,20.557668242616277,60,45,1,True,False
DOV,2022-03-30,2022-04-11,161.9509301147461,150.8045648803711,10.666290560700924,1727.415677179651,1608.5253068941122,1.7274156771796512,1.6085253068941123,-122.22631126961257,60,45,12,False,True
NRG,2022-04-11,2022-04-19,39.58978469467163,39.98999332237244,39.90063527916283,1579.6575598826753,1595.6261383721396,1.5796575598826754,1.5956261383721395,12.79329479120952,60,45,8,True,False
URI,2022-04-20,2022-04-21,355.63772145080566,358.8504837799072,4.4564422347281365,1584.878962135851,1599.1964518694026,1.584878962135851,1.5991964518694026,11.133414319546318,60,45,1,True,False
MTB,2022-04-21,2022-04-22,180.9204168319702,177.5411898803711,8.800988621066127,1592.2785298567103,1562.5379919076863,1.5922785298567106,1.5625379919076865,-32.895354470788334,60,45,1,False,True
INTU,2022-04-05,2022-04-25,502.1609586639404,441.3692013397217,3.303208717720058,1658.74245635739,1457.9345935985086,1.65874245635739,1.4579345935985086,-203.92453980883735,60,45,20,False,True
KMB,2022-04-22,2022-04-25,138.78936122131347,138.58066889953614,11.277648254876294,1565.217597372941,1562.864038774443,1.5652175973729414,1.562864038774443,-5.481640234645738,60,45,3,False,True
IFF,2022-03-30,2022-04-27,133.7368331680298,120.58967652511598,12.916528949128692,1727.415677179651,1557.6000478027252,1.7274156771796512,1.5576000478027252,-173.1006451019082,60,45,28,False,True
HAS,2022-04-28,2022-05-04,91.15555561065672,92.18388835525514,16.689963394503362,1521.3828863474764,1538.545722212193,1.5213828863474763,1.538545722212193,14.102907256156868,60,45,6,True,False
CVX,2022-05-09,2022-05-17,167.83387499999998,174.75257633972168,9.085753789516898,1524.8972657905551,1587.7588827064674,1.524897265790555,1.5877588827064677,59.74896076741516,60,45,8,True,False
ODFL,2022-04-29,2022-05-19,144.16704872131348,117.18137786483766,10.598977172224464,1528.0232583841737,1242.0027489992233,1.5280232583841735,1.2420027489992234,-288.7905353923338,60,45,20,False,True
HPQ,2022-04-08,2022-05-23,39.12955561065674,34.752615457534795,41.00178073984586,1604.381459595753,1424.9191191260195,1.604381459595753,1.4249191191260198,-182.4916410484552,60,45,45,False,True
GLW,2022-04-29,2022-05-23,36.14806606864929,32.87355438995362,42.27123120452097,1528.0232583841737,1389.6056181321248,1.5280232583841735,1.3896056181321248,-141.3352691285652,60,45,24,False,True
CTVA,2022-05-23,2022-05-24,59.87992347335816,60.62966984748841,23.357649673931416,1398.6542749925222,1416.166588143757,1.3986542749925222,1.416166588143757,14.697492288098374,60,45,1,True,False
BKR,2022-05-24,2022-05-25,35.22760408401489,36.34182061004639,40.01560864698698,1409.6540185969402,1454.2400710506222,1.4096540185969402,1.4542400710506225,41.72215836403439,60,45,1,True,False
LLY,2022-05-25,2022-05-26,307.1535,305.077395980835,4.486662354879408,1378.094045619452,1368.7792678718506,1.378094045619452,1.368779267871851,-12.061651061092787,60,45,1,False,True
VZ,2022-05-25,2022-05-26,50.52525,51.284346372604375,27.275353325702536,1378.094045619452,1398.7986673904954,1.378094045619452,1.3987986673904955,17.927729058033265,60,45,1,True,False
FICO,2022-05-23,2022-05-31,399.4596397705078,406.7565114593506,3.5013656843931926,1398.6542749925222,1424.2032911272568,1.3986542749925222,1.4242032911272569,22.726158568614665,60,45,8,True,False
AMD,2022-05-18,2022-06-03,100.05,105.74710305023194,15.411500930341832,1541.9206680807004,1629.7215770396033,1.5419206680807005,1.6297215770396034,84.62926671378273,60,45,16,True,False
PWR,2022-05-31,2022-06-06,123.93193774795532,134.50272232055664,11.752145593466528,1456.4661760944011,1580.6955754287817,1.456466176094401,1.5806955754287817,121.1922375828574,60,45,6,True,False
CDW,2022-06-03,2022-06-08,174.24708366394043,177.1413807296753,8.419069038351028,1466.998227098042,1491.3655139119603,1.466998227098042,1.4913655139119606,21.40892307290869,60,45,5,True,False
ERIE,2022-06-07,2022-06-08,173.14652755737305,177.18136927032472,8.543804617222285,1479.3301016006894,1513.8030008575672,1.4793301016006897,1.5138030008575671,31.47976615441962,60,45,1,True,False
META,2022-04-29,2022-06-13,204.5622367172241,170.5047013397217,7.469723067686395,1528.0232583841737,1273.6229007462985,1.5280232583841735,1.2736229007462985,-257.20200379700555,60,45,45,False,True
CHTR,2022-05-26,2022-06-14,489.36455511474605,456.69155342102056,2.846044774781507,1392.7534350476,1299.764609300745,1.3927534350476,1.2997646093007449,-95.68134379120328,60,45,19,False,True
DHI,2022-06-03,2022-06-14,75.09752755737304,66.02696755981445,19.534574237178237,1466.9982270980418,1289.8086994529544,1.4669982270980415,1.2898086994529545,-179.94633457163832,60,45,11,False,True
GD,2022-06-08,2022-06-15,233.61675,217.09139694976807,6.369966410930353,1488.1308505307134,1382.8649066719706,1.4881308505307134,1.3828649066719707,-108.1369396159455,60,45,7,False,True
IQV,2022-06-08,2022-06-17,222.111,195.86202671051024,6.699942148433501,1488.1308505307134,1312.264248035356,1.4881308505307134,1.312264248035356,-178.6669975939235,60,45,9,False,True
BMY,2022-06-22,2022-06-24,76.50823622131347,78.58069274520875,17.524147852469067,1340.7416434739264,1377.0596780164817,1.3407416434739263,1.3770596780164814,33.600233221064855,60,45,2,True,False
VRTX,2022-06-23,2022-06-24,275.1375,286.1168797607422,4.895049953678793,1346.8118066302989,1400.556419019542,1.346811806630299,1.400556419019542,50.99724416359345,60,45,1,True,False
INCY,2022-06-22,2022-06-27,72.54625713729858,77.87104866027832,18.481196637567177,1340.7416434739264,1439.1501626641657,1.3407416434739263,1.4391501626641656,95.62862738410126,60,45,5,True,False
BIIB,2022-06-24,2022-06-27,211.4856948852539,210.21484732055663,6.466915824027244,1367.660186808846,1359.441722582779,1.367660186808846,1.359441722582779,-10.94556613545842,60,45,3,False,True
FDS,2022-06-24,2022-06-27,390.8153051147461,392.1538311004639,3.4995051854668064,1367.660186808846,1372.3443654367477,1.367660186808846,1.3723443654367475,1.9441740756560648,60,45,3,True,False
AJG,2022-06-27,2022-07-07,165.51270767211912,168.56566889953615,8.33165702227364,1378.9951131519356,1404.431339001074,1.3789951131519356,1.404431339001074,22.6527993969853,60,45,10,True,False
CRWD,2022-06-27,2022-07-08,46.27812856864929,46.226875,29.797987857402767,1378.9951131519356,1377.4678599356755,1.3789951131519356,1.3774678599356756,-4.283716189347615,60,45,11,False,True
PAYC,2022-06-27,2022-07-08,306.5531938934326,318.8505047607422,4.498387688080383,1378.9951131519356,1434.3131849539382,1.3789951131519356,1.434313184953938,52.50476350389681,60,45,11,True,False
WST,2022-07-07,2022-07-08,313.72679232788084,316.7015553588867,4.392144261517164,1377.933330607089,1390.9989189830949,1.377933330607089,1.390998918983095,10.296656126415884,60,45,1,True,False
CDNS,2022-07-08,2022-07-11,158.57925,158.7905601196289,8.788147810256863,1393.6178886396756,1395.4749132047775,1.3936178886396755,1.3954749132047777,-0.9320682367424524,60,45,3,False,True
DHR,2022-07-08,2022-07-12,231.84459361267088,234.19136319732667,6.011000157147986,1393.6178886396756,1407.7243209818316,1.3936178886396755,1.4077243209818318,11.305090132534588,60,45,4,True,False
SYY,2022-06-27,2022-07-18,85.97296530532836,88.1359103050232,16.03986914089224,1378.9951131519356,1413.688467905988,1.3789951131519356,1.413688467905988,31.900671172994635,60,45,21,True,False
GPC,2022-07-18,2022-07-20,138.84938877868652,140.92950000000002,9.765651673036826,1355.9547658267206,1376.2684074552435,1.3559547658267206,1.3762684074552436,17.581418455240964,60,45,2,True,False
GRMN,2022-07-08,2022-07-21,102.77136122131348,106.47673377990724,13.56037199544903,1393.6178886396756,1443.8641189159357,1.3936178886396755,1.4438641189159358,47.408748268704585,60,45,13,True,False
TDY,2022-07-20,2022-07-21,398.0989438934326,399.5201412200928,3.509629624465353,1397.1798469567616,1402.1677231966194,1.3971798469567616,1.4021677231966194,2.188528669704283,60,45,1,True,False
LRCX,2022-07-21,2022-07-22,46.90043740081787,47.48024961662293,30.11105726272734,1412.221756222986,1429.680515054721,1.412221756222986,1.4296805150547207,14.61685656045688,60,45,1,True,False
TEL,2022-07-21,2022-07-22,122.5512428627014,125.07742938995362,11.52352047384088,1412.221756222986,1441.3323183905177,1.412221756222986,1.4413323183905178,26.257008092918117,60,45,1,True,False
PAYX,2022-07-22,2022-07-25,122.74134030532836,122.24884255981446,11.58054813366571,1421.4119993964982,1415.7086055488526,1.4214119993964982,1.4157086055488526,-8.540514452590969,60,45,3,False,True
FSLR,2022-07-11,2022-07-28,71.48572194671631,89.58518225479126,19.532612966567445,1396.302939420866,1749.8326925222436,1.396302939420866,1.7498326925222436,350.3836174694345,60,45,17,True,False
SWK,2022-07-22,2022-07-28,116.058,99.75010305023194,12.247428004932864,1421.4119993964982,1221.68220559235,1.4214119993964982,1.22168220559235,-202.3728880091371,60,45,6,False,True
MHK,2022-07-25,2022-07-29,134.3971668319702,134.53270610046388,10.54232567036301,1416.8587019167394,1418.2876010263226,1.4168587019167391,1.4182876010263226,-1.4062471933598315,60,45,4,False,True
TECH,2022-07-28,2022-07-29,94.18706938934324,94.70761975479128,15.078387206419766,1420.189102090444,1428.0381620611126,1.420189102090444,1.428038162061113,5.000832706517031,60,45,1,True,False
XOM,2022-07-29,2022-08-01,94.49722194671632,94.7426059150696,15.126967788486953,1429.45643248948,1433.168347874571,1.42945643248948,1.4331683478745711,0.8492906047270026,60,45,3,True,False
GM,2022-07-29,2022-08-01,35.767875,36.04197137260437,39.96481290793709,1429.4564324894802,1440.4106427393583,1.4294564324894805,1.4404106427393584,8.08434317464912,60,45,3,True,False
FAST,2022-08-01,2022-08-02,25.44771696567535,25.632177957534797,56.10051331924808,1427.629984577325,1437.9783409080178,1.4276299845773253,1.4379783409080178,7.482748005206986,60,45,1,True,False
ZBH,2022-07-28,2022-08-03,110.81538213729858,114.99247805023194,12.815811981145824,1420.189102090444,1473.7219779378106,1.420189102090444,1.4737219779378106,50.638964767338166,60,45,6,True,False
XYZ,2022-08-02,2022-08-03,76.65831274795532,80.98948377990723,18.61853130298276,1427.2651955316485,1507.9052389686174,1.4272651955316484,1.5079052389686174,77.70487300246873,60,45,1,True,False
MTCH,2022-08-03,2022-08-04,60.09003137397766,63.54821183013917,24.121578304521176,1449.4663971085365,1532.8831677730009,1.4494663971085364,1.5328831677730008,80.434421099583,60,45,1,True,False
PFG,2022-08-04,2022-08-09,68.0740209159851,71.06444847488403,21.651447041321266,1473.9010587522473,1538.6481426746552,1.4739010587522474,1.5386481426746552,61.73453472098095,60,45,5,True,False
DAL,2022-08-09,2022-08-15,33.516749999999995,34.572705152511595,44.72633951707018,1499.0815400087615,1546.3105486747952,1.4990815400087618,1.5463105486747952,44.18361657735,60,45,6,True,False
NKE,2022-08-01,2022-08-17,114.057,116.71161164474488,12.516811634334813,1427.629984577325,1460.8572584969088,1.4276299845773253,1.4608572584969088,30.338786676509244,60,45,16,True,False
CPAY,2022-08-04,2022-08-17,222.99144488525388,228.4857061004639,6.609675360015188,1473.9010587522473,1510.216341727908,1.4739010587522474,1.510216341727908,33.33116557518042,60,45,13,True,False
CME,2022-06-22,2022-08-19,206.70330610656737,206.3667662200928,6.486309622849948,1340.7416434739264,1338.5587415698135,1.3407416434739263,1.3385587415698137,-4.862202289156585,60,45,58,False,True
VLO,2022-08-18,2022-08-19,119.22958316802978,118.20087213516236,12.830219176508312,1529.7416843695482,1516.543096348567,1.5297416843695482,1.5165430963485669,-16.244872801699557,60,45,1,False,True
AIZ,2022-08-17,2022-08-30,169.2845969467163,160.81954389953614,9.062458582527777,1534.1346484895246,1457.420455850554,1.5341346484895246,1.457420455850554,-79.70574774331067,60,45,13,False,True
COF,2022-08-15,2022-09-06,113.12653469467162,104.58767938995362,13.446987223785545,1521.2110667103811,1406.3891885220849,1.521211066710381,1.406389188522085,-117.74947844352867,60,45,22,False,True
LULU,2022-09-07,2022-09-08,329.3646122131348,334.4726946411133,4.482478559530989,1476.3698125136152,1499.266682477346,1.476369812513615,1.499266682477346,19.92123346873973,60,45,1,True,False
KHC,2022-07-13,2022-09-09,38.62430204200744,36.25186545753479,35.57866857245449,1374.20124119496,1289.7931062468415,1.37420124119496,1.2897931062468415,-87.07212929556022,60,45,58,False,True
INVH,2022-09-08,2022-09-12,38.68933316802978,39.54022137260437,38.24235785429062,1479.5713241556705,1512.1112953690065,1.4795713241556705,1.5121112953690066,29.54828859381155,60,45,4,True,False
ECL,2022-09-12,2022-09-13,173.9869438934326,170.07492366027833,8.57000764328102,1491.0694389978232,1457.5433956990212,1.4910694389978232,1.4575433956990211,-36.47465613349891,60,45,1,False,True
CTAS,2022-09-08,2022-09-15,106.9409406967163,101.01196875,13.8354059214022,1479.5713241556705,1397.541590576244,1.4795713241556705,1.397541590576244,-84.90684649415812,60,45,7,False,True
ALL,2022-09-16,2022-09-20,129.0244867172241,131.38427194976808,11.35960109997226,1465.666701236335,1492.47292015964,1.4656667012363351,1.4924729201596398,23.84807930190891,60,45,4,True,False
UAL,2022-09-08,2022-09-23,38.11904847335816,33.65316316986084,38.81448733406239,1479.5713241556705,1306.2302756076983,1.4795713241556705,1.3062302756076984,-176.12685014773524,60,45,15,False,True
TEAM,2022-09-13,2022-09-23,247.22355610656737,216.39175,5.99835501706035,1482.9346581073291,1297.9945392629688,1.4829346581073293,1.2979945392629688,-187.72104804173068,60,45,10,False,True
ROL,2022-09-08,2022-10-05,35.75787167930603,36.76160877990723,41.377499685249305,1479.5713241556705,1521.103455719869,1.4795713241556705,1.5211034557198693,38.53145678432361,60,45,27,True,False
ACGL,2022-09-30,2022-10-05,45.75286454200744,48.225875,30.160670760194435,1379.9370837872607,1454.5247379972918,1.3799370837872609,1.454524737997292,71.75319238824659,60,45,5,True,False
FANG,2022-10-05,2022-10-06,134.78736122131346,138.08091889953613,10.44165504264078,1407.4031299807718,1441.7933231198135,1.407403129980772,1.4417933231198137,31.54099668594131,60,45,1,True,False
DXCM,2022-10-05,2022-10-07,89.35465255737304,103.57818225479129,15.750753762677364,1407.4031299807718,1631.4344438809353,1.407403129980772,1.6314344438809354,220.9924763263018,60,45,2,True,False
WRB,2022-10-05,2022-10-14,45.182579847335816,47.85606106758118,31.14924235703551,1407.4031299807718,1490.6800444471778,1.407403129980772,1.490680044447178,80.37883129197803,60,45,9,True,False
STLD,2022-10-14,2022-10-21,80.93044438934325,86.12691316986084,17.704813579035573,1432.8584307818278,1524.86094181017,1.4328584307818275,1.5248609418101702,89.04479165575026,60,45,7,True,False
IBM,2022-10-21,2022-10-24,128.45419438934326,130.83454389953613,11.155693176985157,1432.9955799043216,1459.55002869402,1.4329955799043217,1.4595500286940202,23.661903181100115,60,45,3,True,False
NCLH,2022-10-24,2022-10-25,14.957474809169767,15.372310114383698,97.57376260224518,1459.4570961589936,1499.9341377489675,1.4594570961589937,1.4999341377489674,37.517650356065815,60,45,1,True,False
ADSK,2022-10-07,2022-10-26,201.6907913360596,213.2233368301392,7.237516826507707,1459.740496046386,1543.2074881122528,1.459740496046386,1.5432074881122528,80.46404408170815,60,45,19,True,False
ITW,2022-10-25,2022-10-26,201.16052755737303,207.92598377990723,7.394337471647219,1487.4488267338063,1537.47489319288,1.4874488267338066,1.53747489319288,47.00114273914687,60,45,1,True,False
KIM,2022-10-26,2022-10-28,20.530260457992554,20.59969561004639,74.52704257093043,1530.0595951451007,1535.234391678136,1.5300595951451008,1.535234391678136,2.1095025462120702,60,45,2,True,False
MNST,2022-10-06,2022-10-31,23.029008673667903,23.2208838262558,61.736379102743655,1421.7276098379336,1433.5732869984968,1.4217276098379337,1.4335732869984967,8.990376263726603,60,45,25,True,False
PTC,2022-10-26,2022-10-31,114.7973678627014,116.0119646949768,13.328350846641928,1530.059595145101,1546.2481678628874,1.530059595145101,1.5462481678628874,13.11226495477854,60,45,5,True,False
NOW,2022-10-28,2022-10-31,83.28762519836425,83.55819847488404,18.15893758886433,1512.4147879018203,1517.3281111433578,1.5124147879018206,1.517328111143358,1.883580342491996,60,45,3,True,False
IT,2022-10-07,2022-11-02,297.6887785491943,326.33675,4.903579178095078,1459.740496046386,1600.218092347219,1.459740496046386,1.6002180923472191,137.4176377124395,60,45,26,True,False
ADP,2022-10-31,2022-11-02,240.7102913360596,243.5181793899536,6.396951601371613,1539.8120836288335,1557.7740076116634,1.5398120836288336,1.5577740076116633,14.86433789158923,60,45,2,True,False
KLAC,2022-10-31,2022-11-07,31.80189229774475,33.059462213516234,48.41888241153594,1539.8120836288335,1600.7022135048585,1.5398120836288336,1.6007022135048583,57.74961557889105,60,45,7,True,False
ETR,2022-11-02,2022-11-07,54.10704183197021,55.267350669860846,28.980752445514938,1568.0627848914498,1601.6894080827014,1.56806278489145,1.6016894080827015,30.45687099827751,60,45,5,True,False
ARE,2022-10-31,2022-11-08,144.28211171722413,147.176375,10.672231403479062,1539.8120836288335,1570.7003311252108,1.5398120836288336,1.5707003311252108,27.777735081623177,60,45,8,True,False
MS,2022-11-07,2022-11-08,85.56275664138794,85.5671956100464,18.358062162777607,1570.7664052412122,1570.847896103783,1.5707664052412122,1.5708478961037828,-3.0601234387740988,60,45,1,False,True
EMN,2022-11-07,2022-11-08,80.98047244262695,81.45925000000001,19.396854054587894,1570.766405241212,1580.0531836461894,1.570766405241212,1.5800531836461895,6.135958816090124,60,45,1,True,False
EBAY,2022-11-08,2022-11-09,40.60029183197021,41.32932347488404,38.72116388843467,1572.090553943994,1600.319507669115,1.572090553943994,1.600319507669115,25.05654366350791,60,45,1,True,False
NVR,2022-10-05,2022-11-11,4254.126,4493.812028564454,0.3308324976695029,1407.4031299807718,1486.6990574672336,1.407403129980772,1.4866990574672336,76.40182529901381,60,45,37,True,False
COO,2022-11-02,2022-11-11,69.54475713729857,76.06695085525513,22.547534126774007,1568.0627848914498,1715.1221703285062,1.56806278489145,1.7151221703285062,143.77620048183644,60,45,9,True,False
TECH,2022-11-08,2022-11-11,79.1645625,84.16039813995361,19.858513762947837,1572.090553943994,1671.300424757438,1.572090553943994,1.671300424757438,95.9664798347428,60,45,3,True,False
J,2022-11-08,2022-11-11,98.87734059906003,104.33418223953248,15.899401666947124,1572.090553943994,1658.8510710187877,1.572090553943994,1.6588510710187878,83.5295754498311,60,45,3,True,False
MHK,2022-11-11,2022-11-14,103.36165255737303,108.41576622009278,16.195064879066333,1673.9486691741688,1755.800367848091,1.6739486691741687,1.755800367848091,78.42194963689963,60,45,3,True,False
IP,2022-11-11,2022-11-14,35.52775332069397,36.17190362739563,47.116648611696434,1673.9486691741688,1704.2988728281475,1.6739486691741687,1.7042988728281476,26.9719561119764,60,45,3,True,False
AMD,2022-11-11,2022-11-14,69.61479183197021,75.18239122009278,24.045876244442308,1673.9486691741688,1807.826475039597,1.6739486691741687,1.807826475039597,130.3960307212144,60,45,3,True,False
CDNS,2022-11-11,2022-11-14,162.55123622131347,165.94698377990724,10.29797562963525,1673.9486691741688,1708.9179947769608,1.6739486691741687,1.7089179947769608,31.58645893884068,60,45,3,True,False
HRL,2022-11-09,2022-11-17,47.53375332069397,47.8160801525116,33.08466073153686,1572.6381019117234,1581.9787893578196,1.5726381019117237,1.5819787893578197,6.186070554826529,60,45,8,True,False
EIX,2022-11-17,2022-11-23,60.33014923667908,62.28883969497681,27.71871720504621,1672.274345629742,1726.5667325355191,1.672274345629742,1.7265667325355192,50.89354582761189,60,45,6,True,False
EPAM,2022-11-14,2022-12-01,355.7978051147461,368.1758053588868,4.851724416606717,1726.232898450292,1786.287544463553,1.726232898450292,1.786287544463553,56.54212557034748,60,45,17,True,False
CCI,2022-11-14,2022-12-14,140.12002805328368,142.9085057296753,12.319672800763746,1726.232898450292,1760.5860310356709,1.726232898450292,1.760586031035671,30.86631365589301,60,45,30,True,False
BR,2022-11-23,2022-12-16,147.43368061065672,133.69311450958253,11.31494059577271,1668.2033379257075,1512.7296487397648,1.6682033379257075,1.5127296487397648,-158.65462217260824,60,45,23,False,True
HST,2022-12-01,2022-12-16,18.97948431301117,16.901544847488406,89.81390936716436,1704.621683924303,1517.9938170973874,1.704621683924303,1.5179938170973877,-189.85048232793747,60,45,15,False,True
STX,2022-11-14,2022-12-20,56.5682709159851,50.04496469497681,30.515921213396886,1726.232898450292,1527.168199759141,1.726232898450292,1.527168199759141,-202.3180997893603,60,45,36,False,True
ALGN,2022-11-14,2022-12-30,214.84737549591063,207.99595610046387,8.034693905223659,1726.232898450292,1671.1838407915648,1.726232898450292,1.671183840791565,-58.44647439796904,60,45,46,False,True
GE,2023-01-04,2023-01-05,54.62426427268981,55.75822068214417,30.07889798997856,1643.0376728358674,1677.1458320009274,1.643037672835867,1.6771458320009274,30.78797566022331,60,45,1,True,False
HAS,2022-12-30,2023-01-06,60.31013877868652,63.5582051525116,27.10118333508452,1634.4761280055736,1722.50257028713,1.6344761280055735,1.7225025702871302,84.66946358326368,60,45,7,True,False
FDX,2023-01-05,2023-01-09,144.8346644668579,149.62700759124758,11.392731920093285,1650.0625050075723,1704.6603854928462,1.6500625050075723,1.7046603854928462,51.24315759477349,60,45,4,True,False
TSN,2023-01-05,2023-01-09,64.47222244262694,66.11692652511597,25.59338646152524,1650.0625050075723,1692.1560522055622,1.6500625050075723,1.6921560522055623,38.75132864077682,60,45,4,True,False
WDC,2023-01-06,2023-01-09,27.148867332458494,28.18695690536499,61.0076235956442,1656.2878792667088,1719.6192571891513,1.6562878792667088,1.719619257189151,59.95547078598656,60,45,3,True,False
WBD,2023-01-06,2023-01-09,10.885440114498138,11.384305343151093,152.15626211205978,1656.2878792667086,1732.1933477562204,1.6562878792667086,1.7321933477562204,72.51698726248878,60,45,3,True,False
INTC,2023-01-09,2023-01-10,28.854420152664183,29.225379771232607,59.325493496952646,1711.8027151252184,1733.8100775642315,1.7118027151252184,1.7338100775642316,18.561749646323733,60,45,1,True,False
CTSH,2023-01-09,2023-01-10,58.59928469467162,60.51972423744202,29.212007007329067,1711.8027151252184,1767.902608505779,1.7118027151252184,1.767902608505779,52.62018805692946,60,45,1,True,False
SWK,2023-01-09,2023-01-10,81.61078469467162,81.68913835525512,20.975202254573865,1711.802715125218,1713.4461990033435,1.7118027151252182,1.7134461990033436,-1.7817650360032076,60,45,1,False,True
UAL,2023-01-09,2023-01-10,42.59128469467163,43.01848091506958,40.19138486657044,1711.8027151252184,1728.9723228327769,1.7118027151252184,1.728972322832777,13.72883266960048,60,45,1,True,False
TXN,2023-01-10,2023-01-11,176.7183198852539,178.1308912200928,9.81843791873205,1735.0978528959968,1748.967096852893,1.7350978528959968,1.7489670968528932,10.385179007147372,60,45,1,True,False
SWKS,2023-01-10,2023-01-11,97.03849286270142,98.03096183013916,17.880511142634557,1735.0978528959963,1752.8437053269863,1.7350978528959966,1.7528437053269863,14.257910872766844,60,45,1,True,False
MAS,2023-01-10,2023-01-11,49.99498622131348,50.34481393241882,34.70543716554328,1735.097852895997,1747.2387765425294,1.735097852895997,1.7472387765425297,8.658587017094078,60,45,1,True,False
SPGI,2023-01-11,2023-01-12,337.13158580017085,346.08986898803715,5.171311938898483,1743.4125946282018,1789.7386714296483,1.7434125946282018,1.7897386714296484,42.7929255353888,60,45,1,True,False
TEL,2023-01-11,2023-01-12,122.97145866394042,124.64764408493042,14.177375901449173,1743.4125946282018,1767.1765054221055,1.7434125946282018,1.7671765054221058,20.25332169385365,60,45,1,True,False
CPT,2023-01-12,2023-01-13,118.91943061065672,117.14139694976808,14.731319738435474,1751.8401554382751,1725.6473730740236,1.7518401554382752,1.7256473730740236,-29.670269892763827,60,45,1,False,True
MAR,2023-01-12,2023-01-13,158.4491801147461,159.51020133972168,11.056164217256432,1751.8401554382754,1763.5709803395998,1.7518401554382754,1.7635709803395998,8.2154137655466,60,45,1,True,False
CNP,2023-01-12,2023-01-17,31.22560408401489,30.814584923744203,56.10268261663776,1751.8401554382751,1728.780877940252,1.7518401554382752,1.728780877940252,-26.539898531401604,60,45,5,False,True
NOW,2023-01-13,2023-01-17,81.77486816024779,82.9585,21.33551470325248,1744.7089019895,1769.962296509771,1.7447089019895,1.769962296509771,21.73872332177189,60,45,4,True,False
TRMB,2023-01-17,2023-01-18,54.72735076332092,55.722125000000005,31.69687001907077,1734.6857236330768,1766.216953311414,1.7346857236330768,1.766216953311414,28.030327001392838,60,45,1,True,False
QCOM,2023-01-13,2023-01-24,119.87990969467162,130.48472805023195,14.55380560790536,1744.7089019895,1899.049366843472,1.7447089019895,1.899049366843472,150.69670658513883,60,45,11,True,False
DHR,2023-01-18,2023-01-24,244.81205738067624,241.9002601165772,7.159335892658495,1752.6917493610467,1731.8452146960371,1.7526917493610468,1.7318452146960372,-24.331071629066628,60,45,6,False,True
PWR,2023-01-17,2023-01-25,148.57424999999998,149.925,11.675547570545213,1734.6857236330768,1750.4564695139911,1.7346857236330768,1.7504564695139913,12.285603687767434,60,45,8,True,False
AXP,2023-01-26,2023-01-30,157.72881889343262,174.70259828948974,11.176831839191454,1762.90848496618,1952.6215629514436,1.7629084849661802,1.9526215629514436,185.99754793734564,60,45,4,True,False
KMX,2023-01-05,2023-02-01,63.83189923667907,70.15490744018555,25.85012391515078,1650.0625050075723,1813.5130505847296,1.6500625050075723,1.81351305058473,159.98697002156518,60,45,27,True,False
MDT,2023-01-24,2023-02-01,81.77086835861206,83.958,21.723764321776507,1776.3710726095003,1823.883804927712,1.7763710726095003,1.823883804927712,43.91247744067459,60,45,8,True,False
GEN,2023-01-24,2023-02-01,22.83140969467163,22.838575381278996,77.80382798807503,1776.3710726095003,1776.9285904577157,1.7763710726095003,1.7769285904577157,-2.9957818148518527,60,45,8,False,True
PRU,2023-01-30,2023-02-01,103.33163877868652,103.948,17.698120453011192,1828.775789712236,1839.6842248496075,1.8287757897122363,1.8396842248496077,7.239975122809483,60,45,2,True,False
MLM,2023-02-01,2023-02-02,358.6292372131348,363.548145980835,5.137569704531733,1842.4827042655256,1867.7539409298176,1.8424827042655256,1.8677539409298176,21.56100001909704,60,45,1,True,False
TSCO,2023-02-01,2023-02-02,45.47272576332092,46.39878988456727,40.51841347394449,1842.4827042655252,1880.0053532335696,1.8424827042655252,1.8800053532335697,33.80016091054517,60,45,1,True,False
TYL,2023-02-02,2023-02-03,342.38109645080567,335.4721946411133,5.37639378449053,1840.775598885164,1803.6306221378784,1.840775598885164,1.8036306221378784,-40.78938296830847,60,45,1,False,True
NDSN,2023-02-02,2023-02-03,247.35361072540283,247.26630438995363,7.441878828802232,1840.775598885164,1840.1258757157643,1.840775598885164,1.8401258757157644,-4.330624644000636,60,45,1,False,True
FTV,2023-02-01,2023-02-06,51.27656770133972,51.62451205062867,35.93225496287237,1842.4827042655252,1854.9851293370664,1.8424827042655252,1.8549851293370665,8.804957237938424,60,45,5,True,False
HUBB,2023-02-06,2023-02-07,239.9499168319702,241.7690543899536,7.665066856104637,1839.232154633799,1853.1759656361928,1.839232154633799,1.8531759656361928,10.251402882124012,60,45,1,True,False
CME,2023-01-11,2023-02-09,177.69880561065673,188.4157395095825,9.811054095929432,1743.4125946282018,1848.5570128530624,1.7434125946282018,1.8485570128530624,101.5524486173797,60,45,29,True,False
LMT,2023-02-07,2023-02-13,472.7862627868652,484.9474074401856,3.8763989547352526,1832.7081748801909,1879.849623302706,1.832708174880191,1.879849623302706,43.4288906243321,60,45,6,True,False
GILD,2023-02-13,2023-02-14,86.7433469467163,87.54620133972169,21.28255023987441,1846.1196393683465,1863.206428322788,1.8461196393683463,1.863206428322788,13.377462886749754,60,45,1,True,False
EVRG,2023-02-03,2023-03-01,62.91144106864929,58.430769084930425,29.347006701822,1846.2624826629303,1714.7681719280667,1.8462624826629304,1.7147681719280667,-135.0553413894545,60,45,26,False,True
PNC,2023-02-01,2023-03-03,163.93193110656736,151.5341956100464,11.239315561211692,1842.4827042655256,1703.1406427756908,1.8424827042655256,1.7031406427756908,-142.8876848368759,60,45,30,False,True
KR,2023-03-03,2023-03-06,46.72335076332092,45.67715076255799,38.136014844661446,1781.8423983023304,1741.9444995427502,1.7818423983023304,1.7419444995427502,-43.421685657425314,60,45,3,False,True
IRM,2023-03-06,2023-03-07,54.78737832069397,54.82257347488404,32.3916581879967,1774.6540315803795,1775.794060984778,1.7746540315803796,1.7757940609847782,-2.410418688166601,60,45,1,False,True
CSX,2023-02-03,2023-03-08,32.40619438934326,29.755115457534792,56.972517676128966,1846.2624826629303,1695.2238413596592,1.8462624826629304,1.6952238413596592,-154.58012762729368,60,45,33,False,True
CAH,2023-02-09,2023-03-08,80.15005561065674,72.90353244018556,22.99630872557137,1843.155423194376,1676.5121391792147,1.8431554231943763,1.6765121391792148,-170.16295157753507,60,45,27,False,True
PSX,2023-02-14,2023-03-14,107.55375,96.33180725479129,17.229589632506006,1853.1069759371428,1659.7575075577186,1.8531069759371428,1.659757507557719,-196.8623328629192,60,45,28,False,True
CPB,2023-03-15,2023-03-16,53.63680561065674,54.24286545753479,31.94308218556011,1713.3248897921198,1732.6843092903134,1.7133248897921198,1.7326843092903137,15.913410299111092,60,45,1,True,False
ED,2023-03-15,2023-03-16,94.02699335861206,95.51221755981446,18.22162794526061,1713.3248897921196,1740.3880926017268,1.7133248897921196,1.7403880926017268,23.609489827213338,60,45,1,True,False
INTC,2023-03-15,2023-03-17,27.743864542007444,29.9050400762558,61.755091371569605,1713.3248897921198,1846.788482379628,1.7133248897921198,1.846788482379628,129.90347921533612,60,45,2,True,False
SO,2023-03-16,2023-03-17,67.43370152664184,68.9655,25.581345142222855,1725.0447929706654,1764.2302584059707,1.7250447929706654,1.7642302584059708,35.69619038392875,60,45,1,True,False
AEP,2023-03-16,2023-03-24,92.2460969467163,85.60717652511597,18.70046376018592,1725.0447929706656,1600.8939022197703,1.7250447929706656,1.6008939022197703,-127.47682944608572,60,45,8,False,True
EW,2023-03-17,2023-04-03,82.7413469467163,82.26884255981446,21.21537298849039,1755.388537044677,1745.3641802378563,1.755388537044677,1.7453641802378563,-13.525109524103073,60,45,17,False,True
CME,2023-03-17,2023-04-03,187.3036117172241,190.70460305023195,9.371888352557884,1755.388537044677,1787.2622481056435,1.755388537044677,1.7872622481056435,28.3310602758163,60,45,17,True,False
ICE,2023-04-03,2023-04-04,104.53224335861204,105.79707347488404,16.55122660504185,1730.136847361769,1751.0713372330683,1.730136847361769,1.7510713372330684,17.453281686704486,60,45,1,True,False
KMI,2023-04-04,2023-04-11,17.628810839653013,17.821084923744202,98.21308139326052,1731.3798338612346,1750.263664131897,1.7313798338612347,1.7502636641318972,15.402186772669438,60,45,7,True,False
DHI,2023-03-15,2023-04-12,97.3386459159851,100.4897309150696,17.601692253567244,1713.3248897921196,1768.789318210837,1.7133248897921196,1.7687893182108372,51.98231421071455,60,45,28,True,False
STX,2023-04-03,2023-04-12,66.033,67.78608969497681,26.20109410994153,1730.136847361769,1776.069715443025,1.730136847361769,1.776069715443025,42.426661518451056,60,45,9,True,False
APA,2023-04-04,2023-04-12,39.60979515266418,40.13991984748841,43.71090098265204,1731.3798338612346,1754.552061905155,1.7313798338612347,1.754552061905155,19.68629614815404,60,45,8,True,False
NTAP,2023-04-11,2023-04-12,65.42269438934326,67.12642366027832,26.4617251312291,1731.1973562752055,1776.2809719407187,1.7311973562752057,1.7762809719407189,41.57613733729704,60,45,1,True,False
ADM,2023-04-12,2023-04-18,81.43069438934326,81.98898377990723,21.72322415205685,1768.937227077342,1781.0650726502784,1.768937227077342,1.7810650726502784,8.577843273208828,60,45,6,True,False
WY,2023-04-12,2023-04-18,31.265625,31.474254771232605,56.57770241526731,1768.937227077342,1780.7410201891057,1.768937227077342,1.7807410201891058,8.254114864497524,60,45,6,True,False
WFC,2023-04-18,2023-04-19,41.23060408401489,41.94901622009277,42.54593989382421,1754.1948031445606,1784.760322705124,1.7541948031445609,1.784760322705124,27.02656443471369,60,45,1,True,False
WTW,2023-04-18,2023-04-21,239.67977755737303,240.67960305023195,7.318910343717474,1754.1948031445606,1761.5124362861582,1.7541948031445609,1.7615124362861585,3.8019259021666585,60,45,3,True,False
COST,2023-04-21,2023-04-24,509.62468011474607,505.8469561004639,3.453434637684245,1759.9555225270174,1746.9093995644837,1.7599555225270174,1.7469093995644838,-16.552987884625054,60,45,3,False,True
DG,2023-04-12,2023-04-25,218.48919488525388,222.47870133972168,8.096222918512524,1768.9372270773415,1801.2371606675576,1.7689372270773418,1.8012371606675577,28.729759202471087,60,45,13,True,False
LHX,2023-04-19,2023-04-27,204.5021938934326,194.152875,8.60273452633504,1759.2780841182953,1670.2456411497112,1.7592780841182951,1.6702456411497113,-92.461966693852,60,45,8,False,True
ALLE,2023-04-27,2023-04-28,110.5952709159851,111.24435305023194,15.521368678516687,1716.5899739874387,1726.6646170957224,1.7165899739874388,1.7266646170957225,6.631388517200321,60,45,1,True,False
HUM,2023-04-28,2023-05-01,526.6231653442383,530.9643654785157,3.2848361787011604,1729.870826064877,1744.1309573249337,1.7298708260648772,1.7441309573249335,10.786129476666927,60,45,3,True,False
SWK,2023-04-28,2023-05-01,82.73134744262696,86.39678244018555,20.909496575823557,1729.870826064877,1806.5132265952325,1.7298708260648772,1.8065132265952324,73.10601647769522,60,45,3,True,False
LKQ,2023-05-01,2023-05-02,57.75886454200744,57.87105152511597,30.400608190779327,1755.904610485865,1759.315163003453,1.755904610485865,1.7593151630034531,-0.1046672559014041,60,45,1,False,True
MAA,2023-05-01,2023-05-02,154.00695767211914,153.72310305023194,11.401462875620116,1755.9046104858653,1752.6682525523452,1.755904610485865,1.7526682525523452,-6.744930796558492,60,45,1,False,True
HAL,2023-04-25,2023-05-03,34.08703469467163,29.28534923744202,51.77558057970246,1764.8760115570844,1516.2659592479074,1.7648760115570843,1.5162659592479075,-251.89119427998207,60,45,8,False,True
RCL,2023-05-02,2023-05-03,66.53325,67.84605725479126,26.29785367183069,1749.6816728113297,1784.205685897148,1.7496816728113296,1.784205685897148,30.99012572711013,60,45,1,True,False
GPC,2023-05-02,2023-05-04,170.9854438934326,171.90401049041748,10.232927628049003,1749.6816728113297,1759.0812983198189,1.7496816728113296,1.759081298319819,5.890862537358316,60,45,2,True,False
CTSH,2023-04-12,2023-05-05,62.00098622131348,63.13841316986084,28.53079176455505,1768.937227077342,1801.38891849374,1.768937227077342,1.80138891849374,28.88136527082702,60,45,23,True,False
GRMN,2023-05-04,2023-05-05,100.2901178627014,102.50871755981446,17.09952402403908,1714.9132797669736,1752.850278587484,1.7149132797669735,1.7528502785874842,34.46923526215619,60,45,1,True,False
EQIX,2023-05-05,2023-05-08,735.3675,736.2117270812988,2.374750571133275,1746.3143906178484,1748.3192193613293,1.7463143906178484,1.7483192193613293,-1.489804866498389,60,45,3,False,True
CCL,2023-05-08,2023-05-09,10.15507461833954,10.484754771232604,172.32153732512472,1749.9380698836237,1806.749060655739,1.7499380698836235,1.806749060655739,53.25430364157614,60,45,1,True,False
CTAS,2023-05-08,2023-05-11,116.37065625,118.36828411483764,15.037623111140816,1749.9380698836237,1779.977644831365,1.7499380698836235,1.7799776448313651,26.50965923302647,60,45,3,True,False
AMD,2023-05-09,2023-05-11,94.93744438934326,98.11092366027832,18.40400884398137,1747.2295661664623,1805.634306734943,1.7472295661664623,1.8056343067349432,54.85187669557945,60,45,2,True,False
FTNT,2023-05-09,2023-05-11,66.49322908401489,67.25635591506959,26.276804273692584,1747.2295661664623,1767.28210054209,1.7472295661664623,1.7672821005420902,16.538022708919243,60,45,2,True,False
TPR,2023-05-15,2023-05-16,42.021,42.61867938995361,41.262916733758495,1733.9090240692658,1758.5710189704052,1.7339090240692658,1.7585710189704054,21.16951485809977,60,45,1,True,False
CMS,2023-03-17,2023-05-17,61.770871679306026,59.220375,28.41773945101625,1755.388537044677,1682.9091869414765,1.755388537044677,1.6829091869414765,-75.91764782718678,60,45,61,False,True
NSC,2023-05-16,2023-05-18,213.36662450408932,213.9829513397217,8.205312360330439,1750.7398013253878,1755.7969555278053,1.750739801325388,1.7557969555278052,1.550617445564285,60,45,2,True,False
ACN,2023-05-17,2023-05-18,281.3305974426269,284.3977385406494,6.119676313281033,1721.6521933708457,1740.4221040979046,1.7216521933708455,1.7404221040979049,15.307836429590225,60,45,1,True,False
AIG,2023-05-08,2023-05-24,54.40719106864929,55.072448474884034,32.16372754247883,1749.9380698836237,1771.335227843374,1.7499380698836235,1.771335227843374,17.87588466202351,60,45,16,True,False
GEHC,2023-05-18,2023-06-07,80.46020816802978,81.44925286483765,21.748870295148507,1749.9186313671282,1771.4292361941068,1.7499186313671282,1.7714292361941069,17.98925695941739,60,45,20,True,False
WFC,2023-05-24,2023-06-08,40.91044438934326,41.67915076255799,41.73389346075621,1707.3521275770431,1739.433237459391,1.7073521275770431,1.739433237459391,28.63432451731137,60,45,15,True,False
COIN,2023-05-11,2023-06-13,62.44120484733581,51.774099237442016,28.307845284574423,1767.5759662008006,1465.613190961711,1.7675759662008006,1.4656131909617112,-305.19596439625207,60,45,33,False,True
BBY,2023-06-08,2023-06-13,74.86741683197022,76.93151622009277,22.52156886708757,1686.1316840821682,1732.6184406002835,1.6861316840821683,1.7326184406002838,43.06800639343305,60,45,5,True,False
LH,2023-06-13,2023-06-14,193.49017513275143,197.5987525177002,8.722325602376303,1687.6843083686729,1723.5206580827555,1.687684308368673,1.7235206580827556,32.425144747631066,60,45,1,True,False
ROL,2023-06-07,2023-06-16,41.25061454200745,41.629176525115966,40.53125185129601,1671.9390470228377,1687.282638101535,1.6719390470228377,1.6872826381015351,11.98436939357316,60,45,9,True,False
WST,2023-06-13,2023-06-16,357.01841633605954,366.6465715789795,4.7271631690284135,1687.6843083686726,1733.1981692186916,1.6876843083686728,1.7331981692186915,42.09297837243162,60,45,3,True,False
ERIE,2023-05-12,2023-06-21,234.12699950408933,211.31428816986084,7.495537002519264,1754.9075880717112,1583.9140661382107,1.754907588071711,1.5839140661382107,-174.3323435877105,60,45,40,False,True
ODFL,2023-06-16,2023-06-27,166.9584375,168.7705682296753,10.166561207601514,1697.393173969262,1715.8163119486817,1.697393173969262,1.7158163119486816,15.009928493501548,60,45,11,True,False
COO,2023-06-21,2023-06-28,92.0009793319702,94.62016960525511,18.118814418079506,1666.948670797536,1714.4052932848244,1.666948670797536,1.7144052932848244,44.07526852320575,60,45,7,True,False
LKQ,2023-06-27,2023-06-28,55.55776377868652,56.89153816986085,30.51024736547399,1695.0811159602968,1735.7749025647597,1.6950811159602968,1.7357749025647595,37.262930585937966,60,45,1,True,False
CDW,2023-06-16,2023-06-30,179.57975049591064,183.0284351196289,9.452029915855766,1697.3931739692616,1729.9902442029986,1.6973931739692616,1.7299902442029986,29.169686815564773,60,45,14,True,False
VZ,2023-06-29,2023-06-30,36.8083959159851,36.9815,46.352411571028384,1706.1579167671018,1714.1817085139865,1.706157916767102,1.7141817085139863,4.603452121603596,60,45,1,True,False
IEX,2023-06-30,2023-07-03,214.6372637786865,213.8430219497681,8.004335319353105,1718.0286313130491,1711.67125338973,1.7180286313130493,1.71167125338973,-9.787077808022104,60,45,3,False,True
ZBRA,2023-06-30,2023-07-03,290.99543110656737,293.7430696411133,5.903971154392037,1718.0286313130491,1734.2506099637044,1.718028631313049,1.7342506099637045,12.769699409378518,60,45,3,True,False
GL,2023-06-14,2023-07-05,109.69481938934324,109.00546755981446,15.45078448361576,1694.871013353898,1684.2199868024625,1.694871013353898,1.6842199868024623,-14.03011755159173,60,45,21,False,True
HLT,2023-07-03,2023-07-10,144.56225049591063,148.17587500000002,11.906317696675824,1721.2040813507442,1764.229042732925,1.7212040813507443,1.7642290427329252,39.53952825809711,60,45,7,True,False
TECH,2023-07-03,2023-07-11,81.19057652664183,82.79857633972168,21.19955486196048,1721.2040813507442,1755.2929616061526,1.7212040813507443,1.7552929616061526,30.612383212451505,60,45,8,True,False
HST,2023-07-10,2023-07-11,17.408699618339536,17.881054389953615,98.92775136755226,1722.2035074754956,1768.93250287901,1.7222035074754956,1.7689325028790102,43.23785939316008,60,45,1,True,False
CNP,2023-07-06,2023-07-12,29.44471530532837,29.985000000000003,58.41375513292369,1719.9763898041017,1751.536447660717,1.7199763898041018,1.751536447660717,28.088545019150388,60,45,6,True,False
PGR,2023-05-18,2023-07-14,137.0685,114.14289694976809,12.7667453234487,1749.9186313671282,1457.2332958383386,1.7499186313671282,1.4572332958383385,-295.892487455995,60,45,57,False,True
DOC,2023-07-12,2023-07-14,21.320654465675357,21.269360686302186,82.36797561030399,1756.1391470244664,1751.9141822560969,1.7561391470244665,1.7519141822560969,-7.733018097650074,60,45,2,False,True
WYNN,2023-07-12,2023-07-14,108.85440305328368,109.79507347488403,16.132917895519988,1756.139147024466,1771.3149057028886,1.756139147024466,1.7713149057028887,11.648304625695346,60,45,2,True,False
AEP,2023-07-13,2023-07-14,87.20358366394042,87.00647805023193,20.067200399545644,1749.931788942837,1745.9764310926737,1.7499317889428374,1.7459764310926738,-7.4512660701991535,60,45,1,False,True
AEE,2023-07-14,2023-07-17,84.98247244262694,85.23735877990723,20.12483157358793,1710.2579446149446,1715.387489223119,1.7102579446149446,1.7153874892231191,1.7038991743363567,60,45,3,True,False
DLTR,2023-06-28,2023-07-18,146.41316633605956,149.60515267944336,11.703156506716406,1713.4962002748068,1750.852516018729,1.7134962002748069,1.750852516018729,33.891967027628425,60,45,20,True,False
IFF,2023-07-19,2023-07-20,83.08152091598511,83.74810591506959,20.35775265363961,1691.353052895811,1704.9232254297997,1.6913530528958112,1.7049232254297997,10.173896255662612,60,45,1,True,False
EG,2023-07-18,2023-07-21,357.77880610656734,367.4461898803711,4.7517411353993655,1700.0722703506497,1746.0091755003257,1.7000722703506497,1.7460091755003255,42.49082370382485,60,45,3,True,False
ELV,2023-07-20,2023-07-21,469.4346122131348,478.0508635406495,3.6138422636966654,1696.4626416578812,1727.6004148598863,1.6964626416578812,1.7276004148598862,27.713710145487312,60,45,1,True,False
DUK,2023-07-14,2023-07-24,93.13654133605957,94.9525,18.362910197018294,1710.2579446149443,1743.60423048238,1.7102579446149444,1.74360423048238,29.892423692338298,60,45,10,True,False
EVRG,2023-07-14,2023-07-24,60.340156373977656,61.66915076255799,28.343611408877816,1710.2579446149446,1747.9264451294448,1.7102579446149446,1.7479264451294447,34.210316124755764,60,45,10,True,False
PEP,2023-07-21,2023-07-24,190.20505561065676,190.4947013397217,9.009430585233256,1713.6392454846434,1716.2487885749636,1.7136392454846434,1.7162487885749635,-0.8203449437396557,60,45,3,False,True
MKC,2023-07-24,2023-07-26,88.02399335861206,89.69512786483764,19.568143672449533,1722.4661486640643,1755.167148777875,1.7224661486640644,1.7551671487778746,29.223366816368294,60,45,2,True,False
GOOG,2023-07-17,2023-07-27,126.12302755737304,131.73410305023194,13.544061090196289,1708.2179901175705,1784.2147393745547,1.7082179901175705,1.7842147393745549,72.50431652749194,60,45,10,True,False
BMY,2023-07-24,2023-07-28,64.7323469467163,60.76959923744202,26.60904833377805,1722.4661486640643,1617.021203333417,1.7224661486640644,1.6170212033334168,-108.78443268264527,60,45,4,False,True
TSCO,2023-07-31,2023-08-03,44.85641663360595,45.36330858612061,38.46421216751881,1725.3667264696392,1744.8639260771708,1.7253667264696393,1.7448639260771708,16.026968954984795,60,45,3,True,False
XEL,2023-07-24,2023-08-04,65.12254133605957,61.2393654575348,26.44961503844603,1722.4661486640643,1619.7576415505046,1.7224661486640644,1.6197576415505046,-106.05073090377437,60,45,11,False,True
ALL,2023-07-21,2023-08-16,112.07600664138792,106.9465,15.289974159837907,1713.6392454846434,1635.209221485105,1.7136392454846434,1.635209221485105,-81.77887246650835,60,45,26,False,True
PGR,2023-07-27,2023-08-17,126.57325713729858,136.45174427032472,13.883926940496458,1757.333854714925,1894.486048352495,1.757333854714925,1.8944860483524948,133.50037373450186,60,45,21,True,False
MDLZ,2023-07-31,2023-08-18,74.94745866394042,71.13441316986085,23.02101708619731,1725.3667264696392,1637.5865409999856,1.7253667264696393,1.6375865409999857,-91.14313873712332,60,45,18,False,True
TDY,2023-08-21,2023-08-24,403.3115403442383,411.524145980835,4.209645060957326,1697.798433837214,1732.3705885929037,1.697798433837214,1.7323705885929035,31.14198573325939,60,45,3,True,False
ICE,2023-08-08,2023-08-29,116.24809744262694,117.52121183013917,14.779161305512522,1718.0493835635214,1736.8649464569332,1.718049383563521,1.7368649464569332,15.36064856339135,60,45,21,True,False
ACN,2023-08-28,2023-08-29,318.9193897705078,320.2298196411133,5.292449570117695,1687.8647872931217,1694.800171298477,1.6878647872931216,1.694800171298477,3.552719046763741,60,45,1,True,False
PANW,2023-08-22,2023-09-06,120.8854094467163,122.48372566986085,14.055139541164962,1699.0612982644586,1721.5258558116632,1.6990612982644586,1.7215258558116633,19.043970393128347,60,45,15,True,False
PFE,2023-08-22,2023-09-07,37.02850332069397,34.45276622009278,45.88522748406391,1699.0612982644584,1580.87301546423,1.6990612982644584,1.58087301546423,-121.46821711395728,60,45,16,False,True
NDSN,2023-08-29,2023-09-08,242.05095767211915,233.7430706100464,7.007657352952042,1696.210173320109,1637.99134746208,1.6962101733201091,1.6379913474620802,-61.553027378811294,60,45,10,False,True
CMG,2023-09-06,2023-09-08,39.0195,39.39089345550537,43.25327667867941,1687.7212293637317,1703.785213251356,1.6877212293637316,1.703785213251356,12.672477445009465,60,45,2,True,False
SYK,2023-09-07,2023-09-12,290.145,299.6900763397217,5.800718304385842,1683.04941242603,1738.417711466614,1.68304941242603,1.7384177114666142,51.94683191669151,60,45,5,True,False
ROK,2023-08-30,2023-09-13,312.156,287.4562061004639,5.463081072016391,1705.3335351163485,1570.3965585810868,1.7053335351163486,1.5703965585810868,-138.21270662895904,60,45,14,False,True
CNC,2023-09-08,2023-09-14,65.92294438934326,68.68564122009278,25.343743004819487,1670.7341607245223,1740.7512392032672,1.6707341607245223,1.7407512392032674,66.60559307881704,60,45,6,True,False
TMUS,2023-09-12,2023-09-14,140.54023622131348,141.68911450958254,11.869806266897935,1668.1853766510628,1681.822339357062,1.6681853766510628,1.681822339357062,10.286954989991044,60,45,2,True,False
AON,2023-09-13,2023-09-15,335.5977076721191,336.5116526794434,4.93544765334264,1656.324918797529,1660.835646539212,1.6563249187975293,1.6608356465392122,1.1935671763460505,60,45,2,True,False
SO,2023-09-14,2023-09-15,69.94495866394043,70.47474713516236,23.8258528233666,1666.498290863505,1679.1209530063552,1.666498290863505,1.679120953006355,9.277042898980426,60,45,1,True,False
PCG,2023-09-15,2023-09-18,17.148569389343262,17.291349237442017,97.35125861816836,1669.4348135535613,1683.334611471286,1.6694348135535613,1.6833346114712862,10.547028492699836,60,45,3,True,False
MNST,2023-08-15,2023-09-22,29.51475,27.336325381278996,57.33985199210646,1692.371396584024,1567.4608513706007,1.692371396584024,1.5674608513706008,-128.17037746137817,60,45,38,False,True
CSGP,2023-09-08,2023-09-22,83.84190305328369,78.3208206100464,19.92719749768475,1670.7341607245223,1560.714460477133,1.6707341607245223,1.560714460477133,-113.25114886859114,60,45,14,False,True
RJF,2023-09-15,2023-09-25,107.99397244262694,100.44975,15.458592510248366,1669.4348135535613,1552.811753006321,1.6694348135535613,1.552811753006321,-119.84530711380036,60,45,10,False,True
TSN,2023-09-18,2023-09-25,54.78737832069397,50.77459923744202,30.292033879440485,1659.621120256185,1538.0658803156066,1.659621120256185,1.5380658803156066,-124.75292694115,60,45,7,False,True
PKG,2023-09-28,2023-09-29,152.31612549591063,154.45273377990725,10.407683593450738,1585.2580403417726,1607.495183324755,1.5852580403417726,1.6074951833247553,19.04438975931612,60,45,1,True,False
F,2023-09-14,2023-10-06,12.616304656505584,11.814089694976808,132.0908408790031,1666.498290863505,1560.533042029452,1.666498290863505,1.560533042029452,-109.19228016694592,60,45,22,False,True
NOC,2023-10-03,2023-10-06,442.4310964508056,418.7905,3.537976465820546,1565.3108069901305,1481.6709331092195,1.5653108069901305,1.4816709331092195,-86.68685562101018,60,45,3,False,True
HRL,2023-09-22,2023-10-09,39.35967015266418,36.68165076255799,40.889930405986114,1609.4141733450072,1499.9101468576837,1.6094141733450071,1.4999101468576834,-112.61335080752632,60,45,17,False,True
EQT,2023-10-09,2023-10-10,43.111545152664185,44.26785591506958,34.99068835582447,1508.5026409749275,1548.9627505047404,1.5085026409749276,1.5489627505047403,37.40264413833325,60,45,1,True,False
AXON,2023-10-10,2023-10-11,210.105,216.53167938995364,7.20310286588337,1513.4079276364253,1559.699960368314,1.5134079276364254,1.5596999603683142,43.218924843884,60,45,1,True,False
CDW,2023-10-11,2023-10-12,211.2555688934326,215.2223368301392,7.245175282996551,1530.583626142073,1559.323555150483,1.5305836261420729,1.5593235551504827,25.650021827117143,60,45,1,True,False
LW,2023-10-06,2023-10-13,97.43869438934324,84.0679456100464,15.6347879692449,1523.4333267774343,1314.384504623088,1.5234333267774345,1.314384504623088,-211.88663998574705,60,45,7,False,True
TRMB,2023-10-02,2023-10-16,53.55676377868652,50.12492652511597,29.45790629615372,1577.6701289177872,1476.5753886784562,1.5776701289177872,1.4765753886784565,-104.14898575692725,60,45,14,False,True
TRGP,2023-10-16,2023-10-17,87.92393725204467,87.86604866027832,16.681457059824346,1466.699383800673,1465.7337177428694,1.4666993838006734,1.4657337177428695,-3.8980991593475673,60,45,1,False,True
ROK,2023-10-12,2023-10-19,301.00043110656736,276.5316784210205,5.053628017881512,1521.1442120345623,1397.4882379002695,1.5211442120345626,1.3974882379002695,-126.57460658422792,60,45,7,False,True
GEHC,2023-09-29,2023-10-23,70.11504183197022,63.91802576255799,22.692771002412535,1591.1045881174755,1450.4771215560336,1.5911045881174757,1.4504771215560337,-143.6690482711158,60,45,24,False,True
SLB,2023-10-19,2023-10-27,60.06001377868652,55.972,24.127760823128785,1449.1136474859677,1350.4790287921644,1.4491136474859676,1.3504790287921644,-101.43421137008112,60,45,8,False,True
XEL,2023-10-17,2023-11-02,59.24961122131347,60.47974332237244,24.83171247481032,1471.2693100919512,1501.8155967314815,1.4712693100919512,1.5018155967314817,27.573201732707275,60,45,16,True,False
IBM,2023-10-27,2023-11-02,143.69180511474607,145.69711927032472,9.887910910190346,1420.8117674990426,1440.640135216348,1.4208117674990426,1.440640135216348,16.96691581458981,60,45,6,True,False
LHX,2023-10-10,2023-11-03,181.0905,183.4682175598145,8.35719117036192,1513.4079276364253,1533.2789678329214,1.5134079276364254,1.5332789678329213,16.824353301026576,60,45,24,True,False
DHI,2023-11-02,2023-11-03,112.306125,117.191375,12.708038811790372,1427.1905953017808,1489.27254190708,1.427190595301781,1.48927254190708,59.16548346809054,60,45,1,True,False
CHD,2023-10-24,2023-11-06,91.07551377868651,86.76659255981446,15.655751478659017,1425.8556095103008,1358.3962097665194,1.4258556095103008,1.3583962097665194,-70.24365156305839,60,45,13,False,True
HIG,2023-11-02,2023-11-06,73.63679847335816,74.67264408493043,19.381486225506382,1427.1905953017808,1447.26682275422,1.427190595301781,1.44726682275422,17.201770034383117,60,45,4,True,False
FRT,2023-11-03,2023-11-06,95.56775664138792,94.97248664474488,15.189165737952742,1451.5944948303752,1442.5528401925333,1.4515944948303752,1.4425528401925334,-11.935801972864963,60,45,3,False,True
YUM,2023-11-03,2023-11-06,124.32213213729858,126.31680725479129,11.676074644756469,1451.5944948303752,1474.8844703942582,1.4515944948303752,1.4748844703942583,20.36349659865823,60,45,3,True,False
KKR,2023-11-06,2023-11-08,61.02049667930603,62.57869561004639,23.632720803883963,1442.0803613363678,1478.9048416234652,1.4420803613363675,1.4789048416234654,33.9034950841376,60,45,2,True,False
META,2023-11-08,2023-11-13,318.2990846557617,326.03691220092776,4.502034348891025,1432.9934123408111,1467.829377734944,1.4329934123408117,1.467829377734944,31.935142604056864,60,45,5,True,False
SYK,2023-11-03,2023-11-14,274.4871811065674,285.97693511962893,5.288387198915514,1451.5944948303752,1512.356762871738,1.4515944948303752,1.512356762871738,57.79831678366054,60,45,11,True,False
A,2023-11-08,2023-11-16,110.94544438934324,113.88303244018556,12.916198769838411,1432.9934123408111,1470.9358835093929,1.4329934123408117,1.4709358835093929,35.03854187273123,60,45,8,True,False
MSCI,2023-11-13,2023-11-16,510.255,523.0083845214845,2.7825794295784707,1419.8250668395626,1455.3123722665498,1.4198250668395629,1.4553123722665495,32.612167987881094,60,45,3,True,False
BAX,2023-11-16,2023-11-21,35.307645915985105,35.74211832237244,41.28578255429936,1457.7037917915568,1475.6413250875075,1.4577037917915567,1.4756413250875076,15.004188179071662,60,45,5,True,False
WAT,2023-11-16,2023-11-22,267.8538612213135,275.65211354064945,5.442160830331034,1457.7037917915568,1500.1431351088852,1.4577037917915567,1.5001431351088852,39.48149639042799,60,45,6,True,False
FCX,2023-11-21,2023-11-22,36.98848622131347,36.781599237442016,39.48720665632019,1460.571999325457,1452.402610238822,1.4605719993254571,1.452402610238822,-11.082363696199309,60,45,1,False,True
APO,2023-11-14,2023-11-24,87.48372244262694,90.204875,16.18760591301584,1416.1520227049043,1460.2009679328548,1.4161520227049045,1.460200967932855,41.17259223731253,60,45,10,True,False
KMI,2023-11-22,2023-11-24,16.948470534324645,17.291349237442017,86.52432270415675,1466.4549338537977,1496.1222814107075,1.4664549338537975,1.4961222814107078,26.704770341645823,60,45,2,True,False
ZBRA,2023-11-22,2023-11-24,223.5116938934326,225.7170868301392,6.560976333314281,1466.4549338537977,1480.924464717188,1.4664549338537975,1.480924464717188,11.522151464819444,60,45,2,True,False
TDY,2023-11-24,2023-11-27,394.5371663360596,398.4007061004639,3.756613561375712,1482.1236695247865,1496.6374953986622,1.4821236695247866,1.4966374953986623,11.535064708952175,60,45,3,True,False
NEM,2023-11-24,2023-11-29,37.708843626022336,39.93002576255799,39.30440520064089,1482.1236695247865,1569.425912243609,1.4821236695247866,1.569425912243609,84.25069313705421,60,45,5,True,False
HUM,2023-11-27,2023-11-30,520.570152557373,483.6780534210205,2.849364239293262,1483.2939767404166,1378.174948748832,1.4832939767404167,1.378174948748832,-107.9804969170741,60,45,3,False,True
SYF,2023-11-29,2023-11-30,31.105545152664185,31.4142853050232,47.63596336501145,1481.7426093410206,1496.4497439281024,1.4817426093410206,1.4964497439281024,11.72894223381286,60,45,1,True,False
HPE,2023-11-30,2023-12-01,16.848420152664183,16.78160591506958,86.69354385327722,1460.649251363432,1454.8568883265011,1.4606492513634322,1.4548568883265012,-8.707869176620989,60,45,1,False,True
TRMB,2023-11-30,2023-12-04,46.033003320693965,47.0664551525116,31.73047913445184,1460.649251363432,1493.4411731493826,1.4606492513634322,1.4934411731493826,29.83783136143757,60,45,4,True,False
ADSK,2023-12-01,2023-12-04,218.37913927459715,222.8285324401856,6.698969425244299,1462.9151771116929,1492.7215258888607,1.4629151771116928,1.4927215258888606,26.850712074167404,60,45,3,True,False
CPT,2023-12-04,2023-12-05,91.87591683197022,92.5636956100464,16.20952406265646,1489.264884666445,1500.4134513194551,1.489264884666445,1.5004134513194551,8.15888831702432,60,45,1,True,False
GIS,2023-12-07,2023-12-08,66.10303469467162,66.3967853050232,22.154298957812056,1464.4663926443775,1470.9742314851464,1.4644663926443775,1.4709742314851464,3.572398216639158,60,45,1,True,False
ON,2023-12-08,2023-12-12,75.60778469467162,78.77059255981446,19.43308713784775,1469.292668271185,1530.755789114776,1.469292668271185,1.530755789114776,58.46307238620511,60,45,4,True,False
EBAY,2023-11-24,2023-12-15,41.69083316802978,42.70863454246521,35.550349007209064,1482.1236695247862,1518.306863605983,1.4821236695247864,1.5183068636059829,33.18276354806585,60,45,21,True,False
ADM,2023-12-04,2023-12-15,74.6172918319702,76.40178244018556,19.95870994648402,1489.2648846664447,1524.8810151180396,1.489264884666445,1.5248810151180396,32.60198455181035,60,45,11,True,False
WYNN,2023-12-15,2023-12-20,90.43519438934324,91.83405725479126,16.606715104129204,1501.831508610367,1525.0620256866082,1.5018315086103673,1.5250620256866083,20.203623541943895,60,45,5,True,False
KR,2023-12-12,2024-01-02,45.192583168029785,45.6571603050232,33.06083143647372,1494.104374297052,1509.463680712431,1.494104374297052,1.5094636807124309,12.355738360369289,60,45,21,True,False
CTVA,2023-12-20,2024-01-03,47.80388877868652,48.25585877990723,31.62911936357561,1511.9949042241687,1526.290317341534,1.5119949042241687,1.526290317341534,11.257127895799384,60,45,14,True,False
STZ,2024-01-03,2024-01-08,243.7718188934326,248.02591889953612,6.255043845993512,1524.8034155960106,1551.4129976594295,1.5248034155960106,1.5514129976594295,23.53336565016366,60,45,5,True,False
FOXA,2023-11-06,2024-01-12,31.73585931301117,30.934525762557985,45.440091825247634,1442.0803613363678,1405.6676912211235,1.4420803613363675,1.4056676912211234,-39.260418167801845,60,45,67,False,True
FOX,2023-11-06,2024-01-16,29.174579847335814,28.665660305023195,49.42934461721329,1442.0803613363678,1416.924801896963,1.4420803613363675,1.416924801896963,-28.014564602638306,60,45,71,False,True
CSCO,2023-12-19,2024-01-22,50.39518393135071,51.52422423744202,29.825214821936665,1503.0471867435456,1536.721056415344,1.5030471867435455,1.5367210564153442,30.634101428639497,60,45,34,True,False
ACGL,2024-01-17,2024-01-22,77.97897244262695,80.96949713516236,19.448616368634973,1516.58311985701,1574.744687343061,1.51658311985701,1.574744687343061,55.07023967885107,60,45,5,True,False
CDW,2024-01-19,2024-01-22,225.85287549591064,227.38625,6.707186290329438,1514.8373101576533,1525.1219386094224,1.514837310157653,1.5251219386094224,7.244669203002104,60,45,3,True,False
ORCL,2024-01-22,2024-01-23,110.11502755737304,110.2348559150696,13.887520142860836,1529.224663234694,1530.8887819658908,1.529224663234694,1.5308887819658907,-1.3959947140037912,60,45,1,False,True
MCHP,2024-01-22,2024-01-23,90.045,91.204375,16.982893700202055,1529.2246632346942,1548.9142056183657,1.5292246632346942,1.5489142056183658,16.61140351481845,60,45,1,True,False
SWKS,2024-01-23,2024-01-24,109.22458316802978,109.945,13.993094053877195,1528.3898652657729,1538.4707257535283,1.5283898652657728,1.5384707257535286,7.013999896736323,60,45,1,True,False
MO,2024-01-09,2024-01-25,41.860920152664185,40.02997423744202,36.56550385956949,1530.6656374073723,1463.7161774776534,1.5306656374073726,1.4637161774776537,-69.94384174460401,60,45,16,False,True
PFE,2024-01-03,2024-01-26,30.015,27.61618416118622,50.80137982995205,1524.8034155960106,1402.9402610263269,1.5248034155960106,1.4029402610263269,-124.79089824630591,60,45,23,False,True
MKC,2024-01-26,2024-01-29,68.87441633605957,69.24535877990724,21.684515585959648,1493.5083545131574,1501.5520617182665,1.4935083545131576,1.5015520617182665,5.048646788877477,60,45,3,True,False
SLB,2024-01-26,2024-01-29,52.436204847335816,52.75360877990723,28.48238843488765,1493.5083545131574,1502.5487766114172,1.4935083545131576,1.5025487766114172,6.04436496713538,60,45,3,True,False
T,2024-01-29,2024-01-31,17.22860931301117,17.501245228767395,85.84106824949359,1478.9222278820523,1502.325586133746,1.4789222278820526,1.502325586133746,20.422110437677475,60,45,2,True,False
EG,2024-01-29,2024-02-01,378.92936022949215,381.9589188995362,3.902896906659248,1478.9222278820523,1490.74628304391,1.4789222278820526,1.4907462830439102,8.854386650931474,60,45,3,True,False
GFS,2024-01-24,2024-02-02,60.890430610656736,54.04296469497681,25.10714896759105,1528.785112042525,1356.8647652470468,1.528785112042525,1.3568647652470467,-174.80599667276783,60,45,9,False,True
AON,2024-01-22,2024-02-05,311.4956663360596,292.16384255981444,4.909296752735166,1529.224663234694,1434.3190035455254,1.529224663234694,1.4343190035455256,-97.86920335594893,60,45,14,False,True
CVX,2024-01-31,2024-02-05,150.44518011474608,151.5441851196289,9.874491356876266,1485.5696307267533,1496.4217461486326,1.4855696307267534,1.4964217461486329,7.870124045003877,60,45,5,True,False
ON,2024-02-06,2024-02-09,77.06851377868652,81.34930438995362,18.966449964386907,1461.7161104131208,1542.9075113497354,1.4617161104131209,1.5429075113497357,78.18677731485172,60,45,3,True,False
ENPH,2024-02-08,2024-02-12,117.90892347335814,123.43825,12.467147336699576,1469.987921253991,1538.9228497343568,1.4699879212539912,1.5389228497343568,65.92601770937722,60,45,4,True,False
TTD,2024-01-24,2024-02-13,71.53575,71.35430438995361,21.37092449638852,1528.785112042525,1524.9074516100227,1.528785112042525,1.5249074516100227,-6.931352996154828,60,45,20,False,True
EFX,2024-02-09,2024-02-13,252.41613828277588,253.78304866027835,5.886731289445142,1485.9059791901284,1493.9526132792394,1.4859059791901283,1.4939526132792391,5.06677549664164,60,45,4,True,False
DOW,2024-02-20,2024-02-23,54.8173959159851,56.00198377990723,27.343110104042765,1498.8780921476848,1531.2684085388205,1.4988780921476847,1.5312684085388204,29.36016989044901,60,45,3,True,False
BBY,2024-02-13,2024-02-28,74.09702755737304,79.38028816986085,20.34792895680343,1507.7210526477324,1615.2244642509122,1.5077210526477325,1.6152244642509122,104.3804660862811,60,45,15,True,False
ALB,2024-02-28,2024-02-29,130.72533366394043,136.47172328948974,11.6406498957763,1521.7278416904703,1588.619551486211,1.5217278416904705,1.5886195514862111,63.7813624025639,60,45,1,True,False
POOL,2024-03-01,2024-03-04,396.007902557373,400.8994561004639,3.8521967514944895,1525.500355797659,1544.343582466115,1.525500355797659,1.5443435824661151,15.773382730192225,60,45,3,True,False
NKE,2024-02-13,2024-03-05,105.0424928627014,98.9505,14.353439370659638,1507.7210526477324,1420.2800024464566,1.5077210526477325,1.4202800024464566,-90.36905125636986,60,45,21,False,True
EXR,2024-03-05,2024-03-11,146.6933051147461,151.31430438995363,10.266670636041376,1506.051848125422,1553.4941256933637,1.506051848125422,1.5534941256933636,44.382731594123015,60,45,6,True,False
FE,2024-02-13,2024-03-12,37.59879183197021,38.29084637260437,40.10025267263293,1507.7210526477324,1535.472614590405,1.5077210526477325,1.5354726145904052,24.708368275434623,60,45,28,True,False
FCX,2024-03-12,2024-03-14,40.69033316802978,43.66815362739563,37.60255731011952,1530.060584918697,1642.034249401248,1.530060584918697,1.642034249401248,108.80156964823118,60,45,2,True,False
CVS,2024-02-13,2024-03-18,77.13854847335816,77.22137213516235,19.545623848087622,1507.7210526477324,1509.3398927870785,1.5077210526477325,1.5093398927870785,-1.3982208060886023,60,45,34,False,True
BG,2024-02-23,2024-03-18,93.92693725204468,94.72261164474487,16.12398887132699,1514.4768909697966,1527.3063360228946,1.5144768909697963,1.527306336022895,9.78766182610525,60,45,24,True,False
EVRG,2024-03-19,2024-03-20,51.715843626022334,52.29383969497681,29.55039014902228,1528.223356034787,1545.303365376993,1.528223356034787,1.545303365376993,14.00648262079426,60,45,1,True,False
KHC,2024-03-26,2024-03-27,36.29813877868652,36.61168606758118,42.35486758938773,1537.4028617124875,1550.6831156166324,1.5374028617124875,1.5506831156166323,10.1921679268155,60,45,1,True,False
PAYC,2024-03-19,2024-03-28,191.5457219467163,198.2708101196289,7.978373729797548,1528.223356034787,1581.8786228441252,1.528223356034787,1.5818786228441253,50.54516483045927,60,45,9,True,False
AES,2024-03-27,2024-03-28,16.888439160346984,17.321334923744203,91.3143153160144,1542.15625868325,1581.6858389210704,1.54215625868325,1.5816858389210704,36.40573814021627,60,45,1,True,False
LNT,2024-03-28,2024-04-01,49.82489923667907,50.58469561004639,31.59868274190107,1574.4011836270108,1598.4097481774916,1.5744011836270109,1.5984097481774917,20.835753618676108,60,45,4,True,False
KEYS,2024-03-04,2024-04-09,156.12802805328369,159.60015267944337,9.708396427098778,1515.7527897224772,1549.4615520375276,1.5157527897224772,1.5494615520375277,30.643547973290424,60,45,36,True,False
PSA,2024-03-11,2024-04-10,293.64675,285.1873215789795,5.199331534739113,1526.7668073486527,1482.7834343933723,1.5267668073486529,1.4827834343933726,-46.992923197022265,60,45,30,False,True
TTWO,2024-04-09,2024-04-10,155.31762549591065,151.9439942703247,9.961831994023171,1547.2480909008718,1513.640543421794,1.547248090900872,1.513640543421794,-36.6684361134005,60,45,1,False,True
AVGO,2024-04-04,2024-04-12,138.6012636795044,135.13340352630615,11.202637108242175,1552.6996597452744,1513.850480906861,1.5526996597452745,1.5138504809068614,-41.91572897906531,60,45,8,False,True
EL,2024-04-01,2024-04-16,154.25708267211914,136.30181011962893,10.243368375835066,1580.1121223921607,1396.189651348483,1.5801121223921608,1.396189651348483,-186.8987728174184,60,45,15,False,True
UNH,2024-04-17,2024-04-19,478.83930610656734,496.7515,3.125962932408989,1496.833921469571,1552.8267756185642,1.496833921469571,1.5528267756185643,52.943193451905245,60,45,2,True,False
CRWD,2024-03-14,2024-04-22,83.291625,71.39928005981446,18.588687187488805,1548.2819624626222,1327.2188824437978,1.5482819624626225,1.3272188824437978,-223.93858086373075,60,45,39,False,True
AAPL,2024-04-15,2024-04-22,175.44768061065673,165.43724427032473,8.676468009084376,1522.2661880864162,1435.41095742255,1.522266188086416,1.43541095742255,-89.81290780937525,60,45,7,False,True
XEL,2024-04-22,2024-04-24,54.86742015266418,54.282846372604375,27.05044046891304,1484.187882522482,1468.374904285287,1.484187882522482,1.468374904285287,-18.76554102400314,60,45,2,False,True
MTB,2024-04-23,2024-04-24,145.86288828277588,145.5571898803711,10.180121431135444,1484.901915014802,1481.7898681570173,1.484901915014802,1.4817898681570174,-6.078738640956317,60,45,1,False,True
KO,2024-04-22,2024-04-25,60.17006938934326,61.83906393241882,24.666547630495955,1484.187882522482,1525.3562159142934,1.484187882522482,1.5253562159142935,38.15878929337441,60,45,3,True,False
FRT,2024-04-24,2024-04-25,102.12103469467162,102.85854866027832,14.48907449408387,1479.6392791040205,1490.3251738921233,1.4796392791040205,1.4903251738921233,7.715930335106577,60,45,1,True,False
MO,2024-04-24,2024-04-26,42.72135076332092,43.4082853050232,34.63465580246559,1479.6392791040205,1503.4310205147035,1.4796392791040205,1.5034310205147037,20.808671111064317,60,45,2,True,False
MCHP,2024-04-25,2024-04-26,91.69582652664184,91.41426908493042,16.24740708115779,1489.8194212215767,1485.2448428493622,1.4898194212215767,1.485244842849362,-7.5496426362856255,60,45,1,False,True
TXN,2024-04-25,2024-04-29,176.15804232788085,177.3912557296753,8.45728870242889,1489.819421221577,1500.249062992257,1.489819421221577,1.5002490629922571,7.439573286466157,60,45,4,True,False
PCG,2024-04-26,2024-04-30,17.098545152664183,17.12143416118622,86.84292918103618,1484.887745791565,1486.8754943376684,1.484887745791565,1.4868754943376683,-0.9840146940259727,60,45,4,False,True
ZBRA,2024-04-29,2024-04-30,298.5992372131348,319.84000000000003,4.973660831952387,1485.1313305778278,1590.7756804916514,1.485131330577828,1.5907756804916515,102.5684429027542,60,45,1,True,False
AWK,2024-04-30,2024-05-02,121.57075713729856,123.66813835525514,12.3704379743409,1503.8835106606132,1529.8290349258923,1.5038835106606132,1.5298290349258925,22.91181171969288,60,45,2,True,False
PPL,2024-04-30,2024-05-02,27.373680610656734,27.976004771232606,54.93903184050238,1503.8835106606132,1536.9746168967947,1.5038835106606132,1.5369746168967948,30.050248108624142,60,45,2,True,False
PFE,2024-05-02,2024-05-03,27.22360408401489,27.84607061004639,54.80906093378362,1492.1001750779728,1526.2169808324738,1.4921001750779728,1.526216980832474,31.09848859859062,60,45,1,True,False
APTV,2024-05-03,2024-05-06,79.4897219467163,81.94900286483765,19.02062008559464,1511.9438018580452,1558.7208498853838,1.5119438018580451,1.558720849885384,43.70638337559535,60,45,3,True,False
UNP,2024-04-26,2024-05-10,244.0219438934326,247.876,6.085058261973498,1484.8877457915653,1508.3399017449428,1.4848877457915652,1.5083399017449428,20.458928305841027,60,45,14,True,False
AFL,2024-05-02,2024-05-13,83.79187499999999,86.03696183013916,17.80721788452607,1492.1001750779728,1532.0789254319411,1.4921001750779728,1.5320789254319411,36.954571253458425,60,45,11,True,False
IRM,2024-05-10,2024-05-13,79.7398469467163,80.23985877990724,19.35694593329709,1543.5199060769726,1553.1986080980582,1.5435199060769726,1.5531986080980582,6.581983506910774,60,45,3,True,False
PNC,2024-04-25,2024-05-15,157.44868011474608,160.82954866027833,9.462254114393469,1489.819421221577,1521.810058526763,1.489819421221577,1.521810058526763,28.97900782543752,60,45,20,True,False
MET,2024-05-15,2024-05-20,73.45670816802978,74.29283683013917,21.06062772834814,1547.0443848767852,1564.653779362473,1.5470443848767852,1.564653779362473,14.49769632144853,60,45,5,True,False
BA,2024-05-06,2024-05-21,180.9704448852539,185.20735305023197,8.405704709156897,1521.1841207901973,1556.7983197048186,1.5211841207901973,1.5567983197048183,32.53621647412638,60,45,15,True,False
OTIS,2024-05-13,2024-05-22,97.31863164138794,97.74110591506958,15.777469476038306,1535.4417401718138,1542.1073151292371,1.535441740171814,1.5421073151292377,3.588025902122581,60,45,9,True,False
EXPD,2024-05-13,2024-05-29,118.45920152664183,117.68112786483763,12.961776885069485,1535.4417401718138,1525.3565229673588,1.535441740171814,1.525356522967359,-13.146015467593998,60,45,16,False,True
AMD,2024-05-21,2024-05-29,164.082,167.37627671051027,9.496542873469776,1558.2117477646675,1589.4959877831016,1.5582117477646678,1.5894959877831016,28.13653228288604,60,45,8,True,False
NKE,2024-04-19,2024-06-07,95.46770816802976,95.34230438995364,15.698170089105831,1498.6683208388497,1496.6997110007935,1.4986683208388498,1.4966997110007938,-4.963977869895416,60,45,49,False,True
COIN,2024-05-29,2024-06-07,239.1395142745972,256.0619074401856,6.456371031245232,1543.9734323885648,1653.230681402212,1.5439734323885648,1.653230681402212,106.0600448998564,60,45,9,True,False
EXPE,2024-06-07,2024-06-10,119.7998678627014,122.23885305023194,13.145316173972512,1574.8071406553386,1606.868372089063,1.5748071406553386,1.606868372089063,28.87955592098001,60,45,3,True,False
LRCX,2024-05-22,2024-06-11,97.17156259918212,99.85404732894898,16.0358542950251,1558.229019460395,1601.244953735566,1.558229019460395,1.601244953735566,39.85646030197495,60,45,20,True,False
PKG,2024-06-11,2024-06-14,184.35212450408932,183.08840267944336,8.714158977195043,1606.4737207122882,1595.4614478293722,1.6064737207122883,1.5954614478293725,-14.214208051457716,60,45,3,False,True
PSA,2024-06-14,2024-06-17,281.450652557373,280.38973377990726,5.664862638166756,1594.3792861599152,1588.36932701532,1.5943792861599153,1.58836932701532,-9.19270775777045,60,45,3,False,True
AON,2024-06-12,2024-06-18,294.06697343444824,299.91997232055667,5.439899792004768,1599.6948676215266,1631.534595044672,1.5996948676215266,1.631534595044672,28.6084979604791,60,45,6,True,False
RSG,2024-06-17,2024-06-18,188.31411122131345,191.49420133972168,8.458615913830469,1592.876737975443,1619.7758988584258,1.592876737975443,1.619775898858426,23.686508246148836,60,45,1,True,False
CLX,2024-06-18,2024-06-20,137.96894389343262,138.03095610046387,11.612334823631492,1602.141571753367,1602.8616782645663,1.6021415717533674,1.6028616782645664,-2.484896738819089,60,45,2,False,True
DRI,2024-06-18,2024-06-21,153.56675049591064,154.9225,10.432867574390922,1602.141571753367,1616.2859267935778,1.6021415717533671,1.616285926793578,10.925927541663668,60,45,3,True,False
IT,2024-06-20,2024-06-21,449.8548198852539,449.775,3.5516091305210447,1597.7084857133675,1597.424996680103,1.597708485713368,1.597424996680103,-3.4786225156581168,60,45,1,False,True
ACN,2024-06-21,2024-06-24,307.1835137786865,305.20730535888674,5.1957241587365415,1596.0408037055008,1585.7729698760486,1.596040803705501,1.5857729698760483,-13.449647603033782,60,45,3,False,True
MGM,2024-06-21,2024-06-24,41.72085076332092,41.979,38.25523148508437,1596.0408037055008,1605.916362512357,1.596040803705501,1.605916362512357,6.673601640638253,60,45,3,True,False
SJM,2024-06-07,2024-06-26,114.92743774795532,106.95649713516237,13.702621162659272,1574.8071406553386,1465.584361128182,1.5748071406553386,1.4655843611281818,-112.26317102894018,60,45,19,False,True
TEAM,2024-06-27,2024-07-01,171.74583366394043,176.7915648803711,9.234465913173937,1585.9810466992983,1632.5756796244652,1.5859810466992983,1.6325756796244653,43.376076198843066,60,45,4,True,False
APO,2024-05-31,2024-07-03,117.28861835861206,120.33980152511596,13.156896213170322,1543.154178730402,1583.2982789794664,1.543154178730402,1.5832982789794663,37.01764779135442,60,45,33,True,False
PLD,2024-05-20,2024-07-08,111.23559030532836,114.57268225479126,13.980905743551068,1555.174303387059,1601.8298713900626,1.5551743033870586,1.6018298713900627,43.49856382822691,60,45,49,True,False
AXP,2024-07-03,2024-07-10,236.61825,236.45172232055663,6.785008202015907,1605.4567669966502,1604.3268753257646,1.6054567669966502,1.604326875325765,-4.33967531320809,60,45,7,False,True
CPAY,2024-06-24,2024-07-12,267.30359843444825,281.45920610046386,5.951680997104713,1590.9057472600148,1675.1554084083098,1.5909057472600148,1.6751554084083098,80.98359999262675,60,45,18,True,False
MTB,2024-07-01,2024-07-12,151.81587549591063,154.9225,10.471724394368993,1589.774006883013,1622.3057224866304,1.589774006883013,1.6223057224866304,29.31963587424775,60,45,11,True,False
FRT,2024-07-11,2024-07-12,104.28211835861204,105.86703816986083,15.42973967127355,1609.0459386423202,1633.500838729733,1.6090459386423202,1.633500838729733,21.21235331004073,60,45,1,True,False
HBAN,2024-07-12,2024-07-15,13.456724809169769,13.753120228767395,121.87564986324242,1640.0470811483824,1676.1704655283315,1.6400470811483825,1.6761704655283316,32.807166833272504,60,45,3,True,False
LEN,2024-07-12,2024-07-15,152.0605045852661,154.8499349822998,10.78549019432423,1640.0470811483822,1670.1324553433392,1.6400470811483825,1.6701324553433392,26.775194658465352,60,45,3,True,False
FDS,2024-06-24,2024-07-17,424.1819862213135,440.0698635406495,3.7505264224727655,1590.9057472600148,1650.4936509431902,1.5909057472600148,1.6504936509431902,56.3465042849723,60,45,23,True,False
TGT,2024-07-15,2024-07-17,152.92643110656738,153.96297328948975,10.779783706382526,1648.513850317805,1659.6875508522496,1.648513850317805,1.6596875508522495,7.865499133274625,60,45,2,True,False
AMCR,2024-07-17,2024-07-18,50.72535076332092,51.474250000000005,32.586429825531056,1652.9580830244054,1677.362035446842,1.6529580830244055,1.677362035446842,21.073632303965496,60,45,1,True,False
RL,2024-07-12,2024-07-19,185.91291732788085,167.05642938995362,8.821587572938531,1640.0470811483822,1473.702921485898,1.6400470811483825,1.473702921485898,-169.45790966511845,60,45,7,False,True
BAX,2024-07-08,2024-07-30,34.78738545799255,35.77210591506958,46.12314271171326,1604.5035440463687,1649.9219462192762,1.6045035440463686,1.6499219462192762,42.16397668264176,60,45,22,True,False
A,2024-07-17,2024-07-31,135.22758366394044,140.31980438995362,12.223527465611149,1652.9580830244051,1715.2029829297817,1.6529580830244053,1.7152029829297817,58.87673883942216,60,45,14,True,False
AZN,2024-07-18,2024-08-02,160.07999999999998,163.11839694976808,10.203400469646246,1633.3603471809708,1664.3623280452064,1.6333603471809708,1.6643623280452065,27.70425818900935,60,45,15,True,False
BA,2024-08-01,2024-08-05,190.095,162.43874427032472,8.683064126053369,1650.6070750421152,1410.4660330548138,1.6506070750421151,1.4104660330548138,-243.2021150953983,60,45,4,False,True
CZR,2024-08-01,2024-08-06,39.769875,33.36331106758118,41.50395431321107,1650.607075042115,1384.7093382863384,1.650607075042115,1.3847093382863385,-268.93305316910505,60,45,5,False,True
CME,2024-08-07,2024-08-08,202.0009438934326,204.5276898803711,7.438746346958434,1502.6337834694273,1521.429605949458,1.5026337834694272,1.521429605949458,15.771759090611797,60,45,1,True,False
SHOP,2024-08-08,2024-08-09,64.2721178627014,68.12592366027832,23.56186138731137,1514.3707321499098,1605.173570166034,1.5143707321499098,1.605173570166034,87.6832937138081,60,45,1,True,False
PH,2024-08-09,2024-08-12,571.3955403442383,569.67504196167,2.7140188014733755,1550.7782395723011,1546.1087746141066,1.550778239572301,1.546108774614107,-7.766351972381244,60,45,3,False,True
TRGP,2024-08-09,2024-08-13,136.7883612213135,136.82155438995363,11.337062786089357,1550.7782395723011,1551.154552609244,1.550778239572301,1.551154552609244,-2.7256197552387675,60,45,4,False,True
SBUX,2024-07-22,2024-08-14,78.3691668319702,95.34230438995364,20.40354691255799,1599.0089719541877,1945.3211803718025,1.5990089719541878,1.9453211803718025,342.7678782652886,60,45,23,True,False
KEY,2024-08-13,2024-08-16,16.098045152664184,16.18190553379059,95.75672088288326,1541.496016443716,1549.5262115523697,1.541496016443716,1.5495262115523696,4.939172880657452,60,45,3,True,False
NKE,2024-08-14,2024-08-16,78.039,82.83855725479127,20.84646782873024,1626.837502886279,1726.891318790434,1.6268375028862792,1.726891318790434,96.70008708247838,60,45,2,True,False
FIS,2024-08-12,2024-08-19,77.55875664138793,79.83006774520875,19.86152204335371,1540.4349546880323,1585.5466502438835,1.5404349546880325,1.5855466502438835,41.98571395091926,60,45,7,True,False
AXP,2024-08-16,2024-08-19,249.51469438934325,251.874,6.695067948851967,1670.5178331736856,1686.3135445491405,1.6705178331736856,1.6863135445491406,12.438879997731874,60,45,3,True,False
AVGO,2024-08-16,2024-08-20,164.55223622131348,166.96647805023196,10.151899916613308,1670.5178331736856,1695.0269745953676,1.6705178331736856,1.6950269745953677,21.143596613912905,60,45,4,True,False
NVDA,2024-08-19,2024-08-20,124.34213877868652,128.33579389953613,13.494509405061612,1677.9361611944616,1731.8285777833391,1.6779361611944617,1.731828577783339,50.48265184989964,60,45,1,True,False
AMP,2024-08-19,2024-08-20,431.45561022949215,434.6225763397217,3.889012267801927,1677.9361611944616,1690.2525312488574,1.6779361611944617,1.6902525312488574,8.948181361952265,60,45,1,True,False
KEYS,2024-08-20,2024-08-22,138.38916732788084,157.75108683013917,12.30234168811277,1702.5108224010023,1940.7077718555183,1.7025108224010024,1.9407077718555183,234.55373086025952,60,45,2,True,False
ENPH,2024-07-15,2024-08-26,114.71733366394042,124.9375,14.370224600469328,1648.5138503178048,1795.3799360211367,1.6485138503178047,1.7953799360211369,143.42219191699292,60,45,42,True,False
ECL,2024-08-22,2024-08-26,247.2135413360596,245.7170763397217,7.0786514665740805,1749.93849693547,1739.3455427944664,1.74993849693547,1.7393455427944664,-14.082238180733611,60,45,4,False,True
PG,2024-08-05,2024-09-04,170.9654448852539,173.5431898803711,9.008040531547003,1540.0636570203328,1563.2840884163409,1.5400636570203328,1.5632840884163408,20.11708365057143,60,45,30,True,False
VST,2024-08-26,2024-09-09,86.35315255737304,74.9625,20.42729639009596,1763.961441508632,1531.2812056425687,1.7639614415086322,1.5312812056425686,-235.9754785132145,60,45,14,False,True
PWR,2024-08-26,2024-09-09,273.4166387786865,251.3642604904175,6.451551190841928,1763.961441508632,1621.6893941020537,1.7639614415086322,1.6216893941020538,-145.6576982421891,60,45,14,False,True
UAL,2024-09-06,2024-09-09,45.002489542007446,46.64666316986085,37.61824258871442,1692.9145686873198,1754.7654910778758,1.69291456868732,1.7547654910778758,58.40324233079082,60,45,3,True,False
FAST,2024-09-12,2024-09-13,34.732357652664184,34.762608779907225,48.875222175151634,1697.5516969407902,1699.0302275058425,1.6975516969407902,1.6990302275058426,-1.9180513593942123,60,45,1,False,True
AMZN,2024-09-12,2024-09-13,184.8924030532837,186.9065,9.181295006759022,1697.5516969407902,1716.0437151808053,1.6975516969407902,1.7160437151808052,15.07842282789352,60,45,1,True,False
AES,2024-09-12,2024-09-13,17.95897576332092,18.3308301525116,94.5238592285334,1697.5516969407902,1732.700808878162,1.6975516969407902,1.732700808878162,31.7188594315528,60,45,1,True,False
TPR,2024-08-20,2024-09-16,40.52025,42.92852576255799,42.01629610876049,1702.5108224010023,1803.6976499521895,1.7025108224010024,1.8036976499521895,97.68061907883408,60,45,27,True,False
VST,2024-09-16,2024-09-17,85.04249999999999,90.2748396949768,20.232385452860104,1720.6126398748552,1826.4753534039264,1.7206126398748551,1.8264753534039264,102.3156255357926,60,45,1,True,False
CEG,2024-09-16,2024-09-17,195.0975,199.9,8.8192449409903,1720.6126398748552,1762.967063703961,1.7206126398748551,1.762967063703961,38.87084412552713,60,45,1,True,False
XYZ,2024-08-20,2024-09-18,66.84340255737304,67.18639122009277,25.470140017778164,1702.5108224010023,1711.2467916649844,1.7025108224010024,1.7112467916649845,5.322211649915971,60,45,29,True,False
ANET,2024-09-16,2024-09-18,88.82689247131347,90.46974188995362,19.37040227350658,1720.6126398748552,1752.4352939887112,1.7206126398748551,1.7524352939887111,28.349606179992406,60,45,2,True,False
PWR,2024-09-17,2024-09-20,274.21702656555175,286.8265162200928,6.3957719276727865,1753.8295605978583,1834.4769805526528,1.7538295605978589,1.8344769805526528,77.0591134136439,60,45,3,True,False
CRL,2024-09-18,2024-09-20,207.21355561065675,207.4762118301392,8.48894881296326,1759.025266930981,1761.2549421335736,1.759025266930981,1.7612549421335737,-1.2906050064718784,60,45,2,False,True
AVGO,2024-09-13,2024-09-23,166.82337549591062,171.91400000000002,10.253010072818176,1710.4417493411006,1762.635973658464,1.7104417493411006,1.762635973658464,48.72114659436397,60,45,10,True,False
GM,2024-09-19,2024-09-23,49.51474667930603,47.57619847488404,35.076836768844274,1736.8206869206915,1668.822547985645,1.7368206869206917,1.668822547985645,-71.40378216995259,60,45,4,False,True
EOG,2024-09-23,2024-09-24,125.77285408401488,129.33529389953614,13.947488525468287,1754.215439152195,1803.902527601849,1.754215439152195,1.803902527601849,46.128970482900286,60,45,1,True,False
AMD,2024-09-20,2024-09-25,156.078,158.42075,11.360552412373984,1773.1322994185068,1799.7472335825958,1.7731322994185068,1.7997472335825957,23.04205463108792,60,45,5,True,False
MSTR,2024-09-24,2024-09-25,150.23508366394043,152.22385305023195,11.78294482276116,1770.2117012551164,1793.6452611989862,1.7702117012551164,1.7936452611989862,19.869702981415685,60,45,1,True,False
ALB,2024-09-18,2024-09-30,90.60527755737304,96.14190744018556,19.41415902420399,1759.0252669309812,1866.5142799340629,1.7590252669309812,1.8665142799340628,103.86347345621652,60,45,12,True,False
GOOGL,2024-09-23,2024-10-01,164.43218110656738,167.60615744018557,10.668321902361068,1754.215439152195,1788.0764403897092,1.754215439152195,1.7880764403897091,30.318709357972693,60,45,8,True,False
COP,2024-10-04,2024-10-07,113.62678469467164,114.88253244018556,15.317722929396137,1740.5036053111294,1759.7388013461257,1.7405036053111294,1.7597388013461257,15.734953628338872,60,45,3,True,False
NVDA,2024-10-07,2024-10-08,125.0524928627014,130.19486450958252,14.14727359140042,1769.151829815285,1841.9023684123724,1.769151829815285,1.8419023684123723,69.13948439885985,60,45,1,True,False
CPRT,2024-09-25,2024-10-09,52.55626377868652,54.48274332237244,33.95196840920969,1784.3886075200562,1849.7963801282692,1.7843886075200563,1.8497963801282693,61.77358762056497,60,45,14,True,False
CDNS,2024-09-20,2024-10-14,278.7192765655517,284.58764598083496,6.361713912534087,1773.1322994185066,1810.4651867716036,1.7731322994185066,1.8104651867716035,33.74928986690679,60,45,24,True,False
APH,2024-09-25,2024-10-15,33.07653137397766,33.80308969497681,53.94727117378125,1784.3886075200562,1823.5844462865648,1.7843886075200563,1.823584446286565,35.58786571270207,60,45,20,True,False
COIN,2024-09-30,2024-10-15,184.2820974426269,195.58215267944337,9.77009462325127,1800.453529385676,1910.8561382973385,1.8004535293856758,1.9108561382973384,106.69129924397951,60,45,15,True,False
XYL,2024-10-14,2024-10-15,137.24858267211914,137.5611898803711,13.283659716586923,1823.1634688002796,1827.3160365796505,1.8231634688002796,1.8273160365796504,0.5020882739911485,60,45,1,True,False
DUK,2024-10-16,2024-10-17,117.65879847335816,119.72010877990724,15.931152684959374,1874.4402832079336,1907.2793324326476,1.8744402832079337,1.9072793324326476,29.05732960907335,60,45,1,True,False
ARE,2024-10-16,2024-10-17,122.1410418319702,122.10891316986084,15.346522799327408,1874.4402832079336,1873.94721996236,1.8744402832079337,1.87394721996236,-4.241450748743546,60,45,1,False,True
BRO,2024-10-10,2024-10-18,106.53324335861204,107.32630725479126,17.02043594139237,1813.2422442140207,1826.74053745637,1.8132422442140208,1.82674053745637,9.858310460678922,60,45,8,True,False
DXCM,2024-10-21,2024-10-23,71.90593774795532,72.2838396949768,26.04060874631689,1872.474391431524,1882.3151881783813,1.872474391431524,1.8823151881783813,6.086007167247772,60,45,2,True,False
PLD,2024-10-17,2024-10-30,126.1030209159851,115.84205152511598,14.935286298231391,1883.3847204520987,1730.1342049020795,1.8833847204520988,1.7301342049020796,-156.86403447537327,60,45,13,False,True
ES,2024-10-24,2024-11-04,67.26361835861206,63.3982853050232,27.462074107368352,1847.198472093947,1741.0484093266289,1.847198472093947,1.741048409326629,-109.73830964873856,60,45,11,False,True
TECH,2024-10-31,2024-11-06,75.92794438934325,80.75960305023195,24.01520913196167,1823.425463470034,1939.4587566655296,1.823425463470034,1.9394587566655297,112.27040897535994,60,45,6,True,False
BEN,2024-10-21,2024-11-07,20.890439160346983,21.44926908493042,89.63307937469048,1872.4743914315236,1922.5640384186631,1.8724743914315236,1.922564038418663,46.29460855728962,60,45,17,True,False
GFS,2024-11-06,2024-11-07,44.172076526641845,46.91652862739564,41.84568947403444,1848.41099775714,1963.254488141645,1.84841099775714,1.963254488141645,111.03182489860592,60,45,1,True,False
RSG,2024-11-07,2024-11-08,207.92391732788084,209.03542938995363,8.99588765559605,1870.460201193057,1880.459238831304,1.870460201193057,1.880459238831304,6.248118198222528,60,45,1,True,False
AJG,2024-10-10,2024-11-11,296.958402557373,295.2023311004639,6.106047946778332,1813.2422442140207,1802.5195877001647,1.8132422442140208,1.8025195877001647,-14.338418345770153,60,45,32,False,True
CHD,2024-10-17,2024-11-11,104.92243774795531,106.5167146949768,17.950256979125527,1883.3847204520985,1912.0024013470304,1.8833847204520984,1.9120024013470305,24.822293773132515,60,45,25,True,False
GD,2024-11-07,2024-11-12,308.66426477050777,314.84250000000003,6.059853422240979,1870.460201193057,1907.8994010919052,1.870460201193057,1.9078994010919053,33.66084029656349,60,45,5,True,False
CPT,2024-11-11,2024-11-14,121.57075713729856,122.89851908493044,15.50174113726402,1884.558407003595,1905.1410290076933,1.884558407003595,1.9051410290076936,16.792922568087306,60,45,3,True,False
MCO,2024-11-12,2024-11-15,478.3990836639404,478.7504952392578,3.948837943001484,1889.1204534693093,1890.5081208315328,1.8891204534693091,1.8905081208315329,-2.391961212077604,60,45,3,False,True
VLO,2024-11-14,2024-11-19,140.07,142.0489351196289,13.45605779758363,1884.790015707539,1911.4186810549336,1.884790015707539,1.9114186810549336,22.832456650632366,60,45,5,True,False
LNT,2024-11-18,2024-11-19,60.8203959159851,61.459256677627565,30.8651524582099,1877.230792515567,1896.9493273232292,1.877230792515567,1.8969493273232292,15.94435468782376,60,45,1,True,False
CF,2024-11-05,2024-11-20,86.01298622131347,87.62616316986085,20.965521055547484,1803.307073673463,1837.128168954557,1.803307073673463,1.8371281689545569,30.18066003846593,60,45,15,True,False
EIX,2024-11-20,2024-11-21,85.77286835861206,86.18688835525514,22.13081110032905,1898.2231471778343,1907.385745515301,1.8982231471778344,1.9073857455153012,5.356989444773717,60,45,1,True,False
NTAP,2024-11-11,2024-11-22,123.69181225204468,135.03245610046386,15.23591879439411,1884.558407003595,2057.343535754255,1.884558407003595,2.057343535754255,168.84322680790206,60,45,11,True,False
WRB,2024-11-19,2024-11-22,60.37017015266418,62.01897423744202,31.35797804682209,1893.0864703301577,1944.789632624132,1.8930864703301575,1.944789632624132,47.86528619102,60,45,3,True,False
PG,2024-11-19,2024-11-22,170.77534744262695,174.06291889953613,11.085244437673603,1893.0864703301577,1929.5300035363148,1.8930864703301575,1.9295300035363148,32.62091673229065,60,45,3,True,False
EG,2024-11-22,2024-11-25,386.5731948852539,391.46417366027833,5.075607246668519,1962.0937093273965,1986.9183966412124,1.962093709327396,1.9869183966412125,20.87567520784773,60,45,3,True,False
CTVA,2024-11-22,2024-11-25,60.51023954200744,61.59918606758118,32.42581295625629,1962.0937093273965,1997.4036856850155,1.962093709327396,1.9974036856850157,31.350478962606985,60,45,3,True,False
VZ,2024-11-22,2024-11-25,42.62129847335815,43.3183301525116,46.035521666564605,1962.0937093273965,1994.1819262953463,1.962093709327396,1.9941819262953464,28.13194133232764,60,45,3,True,False
KMB,2024-11-25,2024-11-26,139.1495418319702,138.98047805023194,14.234056173191869,1980.6623949101756,1978.2559315440608,1.9806623949101756,1.9782559315440609,-6.365381692569144,60,45,1,False,True
MELI,2024-11-26,2024-11-27,2095.597323852539,2108.945,0.9468670207614412,1984.2519947519024,1996.8904690997376,1.9842519947519024,1.9968904690997376,8.657331883983488,60,45,1,True,False
WDC,2024-11-26,2024-11-27,52.460077709198,55.1802589225769,37.82403841929493,1984.2519947519024,2087.1402334741906,1.9842519947519024,2.087140233474191,98.81684649406202,60,45,1,True,False
ED,2024-11-27,2024-12-05,102.36115255737305,96.64165744018555,19.514502059844983,1997.5269224289627,1885.9138231833344,1.997526922428963,1.8859138231833343,-115.49653999124077,60,45,8,False,True
AEP,2024-11-27,2024-12-11,99.64979847335816,95.16239408493044,20.04546876191637,1997.5269224289627,1907.5747979386483,1.997526922428963,1.9075747979386488,-93.8572262106818,60,45,14,False,True
F,2024-11-26,2024-12-12,11.165579847335817,10.374810114383695,177.71150463138363,1984.2519947519024,1843.723115692024,1.9842519947519024,1.843723115692024,-144.35685417032232,60,45,16,False,True
COO,2024-12-05,2024-12-13,103.62178469467165,96.36179866027832,18.679690563886066,1935.622873774091,1800.0085811534896,1.935622873774091,1.8000085811534896,-139.34992407552886,60,45,8,False,True
DD,2024-11-08,2024-12-17,107.56421512985229,100.28037824630738,17.450175834821618,1877.014467550502,1749.9102331804845,1.877014467550502,1.7499102331804846,-130.73115907074862,60,45,39,False,True
GPC,2024-11-26,2024-12-17,128.71431889343262,117.91101622009278,15.415938271753111,1984.2519947519024,1817.70894760863,1.9842519947519024,1.81770894760863,-170.34500808563303,60,45,21,False,True
MU,2024-12-17,2024-12-20,109.804875,85.36729866027832,16.820139733559753,1846.9333409260616,1435.8898921424095,1.846933340926062,1.4358898921424097,-414.3262720167206,60,45,3,False,True
APTV,2024-12-12,2024-12-27,58.71934362602234,59.200384542465216,32.17677203068177,1889.3989336457876,1904.8772775516,1.8893989336457877,1.9048772775516,11.68406769461535,60,45,15,True,False
OXY,2025-01-02,2025-01-06,50.12504847335815,51.29433969497681,34.9853930771754,1753.6445238529056,1794.5526368629253,1.7536445238529057,1.7945526368629252,37.35991584930389,60,45,4,True,False
NVDA,2025-01-06,2025-01-07,148.66429133605956,152.95348377990723,11.848833334361634,1761.498410811952,1812.3203372181065,1.761498410811952,1.8123203372181065,47.24810765812413,60,45,1,True,False
SWKS,2024-12-16,2025-01-08,90.88541633605956,91.89403244018555,20.49508405876041,1862.704247522977,1883.3759193600588,1.8627042475229767,1.8833759193600588,16.925591670198628,60,45,23,True,False
EOG,2025-01-08,2025-01-10,127.8038678627014,131.21435877990723,13.895573241672052,1775.9080064551445,1823.2987327852352,1.7759080064551445,1.8232987327852352,43.79151959085039,60,45,2,True,False
FANG,2025-01-06,2025-01-13,171.86588877868653,175.98197232055665,10.24926134749317,1761.498410811952,1803.6852267606944,1.761498410811952,1.8036852267606944,38.621632311169606,60,45,7,True,False
CVX,2025-01-13,2025-01-14,154.17705610656736,155.1324017105103,11.294915021074056,1741.4167469230451,1752.2072943353369,1.7414167469230453,1.7522072943353368,7.296923371033245,60,45,1,True,False
CVS,2025-01-14,2025-01-15,51.52575,51.78409637260437,33.881082920552764,1745.7482082936715,1754.5012631661043,1.7457482082936715,1.7545012631661043,5.252805400973102,60,45,1,True,False
JBHT,2025-01-15,2025-01-16,184.33212549591065,185.75708110046384,9.589009439941837,1767.56249146483,1781.2264042083889,1.7675624914648302,1.781226404208389,10.11512384788557,60,45,1,True,False
AMAT,2025-01-07,2025-01-17,180.1600423278809,192.9035,9.89023669149624,1781.8254609727228,1907.8612736180448,1.7818254609727229,1.907861273618045,122.34612591073142,60,45,10,True,False
EXC,2025-01-10,2025-01-17,38.06902423667908,39.58019847488404,46.627703919201785,1775.071190600789,1845.5337755501348,1.7750711906007888,1.8455337755501349,66.84197998319519,60,45,7,True,False
FTV,2025-01-16,2025-01-17,59.185568595886224,59.72897448539735,30.132825536407992,1783.4284127729472,1799.8027676370425,1.7834284127729472,1.7998027676370425,12.791123683685328,60,45,1,True,False
ROL,2025-01-17,2025-01-21,48.714343626022334,48.53572137260437,37.72213952806875,1837.6092672791008,1830.8712537128504,1.8376092672791011,1.8308712537128504,-10.406494087242436,60,45,4,False,True
L,2025-01-17,2025-01-21,86.39317347335815,86.33680725479127,21.27030636102031,1837.609267279101,1836.4103405417711,1.837609267279101,1.836410340541771,-4.872946345150695,60,45,4,False,True
IP,2025-01-17,2025-01-21,56.57827423667907,57.36130438995362,32.47906183196728,1837.6092672791008,1863.0413520435995,1.837609267279101,1.8630413520436,21.73143414517608,60,45,4,True,False
INTC,2025-01-21,2025-01-22,22.04101568698883,21.719134542465213,83.52498466170164,1840.975497184067,1814.0903795248407,1.840975497184067,1.814090379524841,-30.54018353593483,60,45,1,False,True
PH,2025-01-21,2025-01-22,678.1689320983886,679.4700925598145,2.7146267103208714,1840.975497184067,1844.5076621270675,1.840975497184067,1.8445076621270675,-0.1533182163109359,60,45,1,False,True
NTAP,2025-01-22,2025-01-23,125.0625,125.28732347488403,14.576903478641084,1823.0239912975503,1826.301221390668,1.8230239912975503,1.826301221390668,-0.3720951195709858,60,45,1,False,True
ALGN,2025-01-22,2025-01-23,228.114,231.5141898803711,7.991723398377788,1823.0239912975503,1850.19736832344,1.8230239912975503,1.85019736832344,23.500155666268256,60,45,1,True,False
AZN,2025-01-23,2025-01-24,137.56875,138.15089122009277,13.242301722315158,1821.7268950617436,1829.4357847432088,1.8217268950617436,1.8294357847432088,4.057727001660169,60,45,1,True,False
MTCH,2024-12-23,2025-01-27,33.556770915985105,34.04297137260437,52.48906300018023,1761.3634626917578,1786.883669089963,1.7613634626917578,1.786883669089963,21.97195926642325,60,45,35,True,False
PDD,2025-01-21,2025-01-27,108.12403469467162,109.79507347488403,17.02651498700308,1840.9754971840675,1869.4274640192173,1.8409754971840675,1.8694274640192168,24.74156387394669,60,45,6,True,False
EG,2025-01-08,2025-01-28,367.39359645080566,369.085354019165,4.833802286189112,1775.9080064551445,1784.0856280567575,1.7759080064551445,1.784085628056758,4.617627967101271,60,45,20,True,False
VTR,2025-01-27,2025-01-28,61.21059030532837,61.65915362739563,30.533232056116105,1868.9571580844413,1882.653246088984,1.8689571580844413,1.882653246088984,9.944477600368828,60,45,1,True,False
PANW,2025-01-23,2025-01-29,187.11351427459715,192.8435324401856,9.735945060538388,1821.7268950617436,1877.5140371177988,1.8217268950617436,1.8775140371177987,52.08790112387578,60,45,6,True,False
CHTR,2025-01-27,2025-01-31,363.03143110656737,360.569625,5.14819654151602,1868.9571580844413,1856.2832964007284,1.8689571580844413,1.8562832964007283,-16.39910213819826,60,45,4,False,True
HBAN,2025-01-29,2025-01-31,17.238614542007447,17.30134446620941,108.87154066865092,1876.7945241813609,1883.624027675256,1.8767945241813608,1.8836240276752565,3.0690849420388986,60,45,2,True,False
PTC,2025-01-31,2025-02-03,192.95643061065672,189.905,9.693773554638122,1870.47594425095,1840.8960668935529,1.8704759442509504,1.8408960668935528,-33.29124936854191,60,45,3,False,True
ZTS,2025-01-28,2025-02-06,173.336625,175.94198377990725,10.918601684334922,1892.5935656819304,1921.0404404445228,1.8925935656819304,1.921040440444523,24.63324075646574,60,45,9,True,False
MAA,2025-02-06,2025-02-07,157.7788469467163,159.79006011962892,11.70542799534784,1846.868932123795,1870.4110431026188,1.846868932123795,1.8704110431026189,19.82483100359741,60,45,1,True,False
CPRT,2025-02-06,2025-02-07,58.93945484733581,59.37030152511597,31.33501890893851,1846.868932123795,1860.3695209188895,1.846868932123795,1.8603695209188895,9.793350342052008,60,45,1,True,False
ES,2025-02-07,2025-02-11,58.87942347335815,60.16990076255799,31.415769681369664,1849.7424068108503,1890.2837441073907,1.8497424068108503,1.8902837441073908,36.801311145622094,60,45,4,True,False
EXR,2025-02-11,2025-02-12,155.94793011474607,154.10290267944336,11.890567945434968,1854.309458979332,1832.371034898673,1.854309458979332,1.8323710348986733,-25.625104574536408,60,45,1,False,True
VZ,2025-01-28,2025-02-14,40.62029847335816,41.119429389953616,46.59231066269087,1892.5935656819308,1915.8492284093,1.8925935656819308,1.9158492284093005,19.44721993327812,60,45,17,True,False
HAS,2025-02-12,2025-02-18,59.35966683197021,60.78958969497681,31.080103776439397,1844.9046052725016,1889.34675624705,1.8449046052725016,1.88934675624705,40.707899613028985,60,45,6,True,False
BBY,2025-02-14,2025-02-18,90.045,91.05444847488404,20.719519308501813,1865.6891161340457,1886.6044033003436,1.8656891161340456,1.8866044033003435,17.162993646863242,60,45,4,True,False
DELL,2025-02-18,2025-02-19,116.56825713729856,118.75059255981446,16.061844341414023,1872.3012012892136,1907.3535331464184,1.872301201289214,1.9073535331464184,31.272677122768755,60,45,1,True,False
ADI,2025-02-19,2025-02-20,230.13501427459715,243.41822328948976,8.1838707118617,1883.3952030957496,1992.103268312267,1.8833952030957497,1.9921032683122668,104.83256674510903,60,45,1,True,False
LII,2025-02-19,2025-02-20,633.2964704589843,648.9453845214844,2.9739549973028447,1883.3952030957496,1929.9343692742848,1.88339520309575,1.9299343692742843,42.72583660616488,60,45,1,True,False
XYZ,2025-01-31,2025-02-24,93.39667347335816,67.97599713516236,20.027222326976265,1870.47594425095,1361.370407523798,1.8704759442509504,1.3613704075237982,-512.3373830789267,60,45,24,False,True
CSX,2025-01-24,2025-02-25,32.06602423667908,31.95401431369781,57.14574621282164,1832.43688308345,1826.0359924514453,1.83243688308345,1.826035992451445,-10.0593635075395,60,45,32,False,True
UDR,2025-02-07,2025-02-26,42.99148622131347,43.76810591506958,43.025784158488136,1849.7424068108503,1883.157078127632,1.8497424068108503,1.883157078127632,29.68177183184298,60,45,19,True,False
ON,2025-02-20,2025-02-28,56.278125,47.91602862739563,33.65405711017782,1893.9872328037256,1612.568763919288,1.893987232803726,1.6125687639192878,-284.9250248811611,60,45,8,False,True
VTRS,2025-02-25,2025-02-28,11.35567538166046,9.625185114383696,158.99013368808258,1805.440347048665,1530.3094681084065,1.805440347048665,1.5303094681084064,-278.46662875541574,60,45,3,False,True
SYY,2025-02-26,2025-03-03,74.77736786270141,75.66214694976807,24.130541059152872,1804.4183455062948,1825.7685435950368,1.8044183455062948,1.8257685435950368,17.72001119964034,60,45,5,True,False
BMY,2025-02-28,2025-03-03,58.99948622131348,59.720125,28.915534191239814,1706.0016610979724,1726.8393163426158,1.7060016610979725,1.726839316342616,17.40481426720271,60,45,3,True,False
NOC,2025-03-04,2025-03-10,471.6657076721192,486.1967824401856,3.6231864998865553,1708.9328244970604,1761.581618425561,1.7089328244970603,1.761581618425561,49.17827948557806,60,45,6,True,False
REGN,2025-02-26,2025-03-11,721.6506230163574,746.3266622009278,2.5004043341141755,1804.418345506295,1866.118420832166,1.804418345506295,1.8661184208321664,58.02953855953251,60,45,13,True,False
MKTX,2025-03-10,2025-03-11,207.11349950408933,213.30329866027836,8.30772954870436,1720.6429397656889,1772.0661171161055,1.7206429397656888,1.7720661171161056,47.93046829353489,60,45,1,True,False
AES,2025-03-03,2025-03-12,11.155574618339536,11.684154580593107,153.85265988125673,1716.314827535373,1797.6382606880195,1.716314827535373,1.7976382606880197,77.80948006442304,60,45,9,True,False
CLX,2025-02-24,2025-03-14,156.2080698852539,146.04693511962893,11.618952871229196,1814.974202102442,1696.912456142437,1.814974202102442,1.696912456142437,-121.5736326182498,60,45,18,False,True
EIX,2025-03-11,2025-03-18,57.018496679306025,58.27084923744202,30.843920661698988,1758.6739878258622,1797.3014507694847,1.7586739878258624,1.7973014507694849,35.07148750502711,60,45,7,True,False
INTC,2025-03-17,2025-03-18,24.43221007633209,25.537224237442015,70.81096998832527,1730.0684944636098,1808.3156190626396,1.7300684944636098,1.8083156190626395,74.70874048550331,60,45,1,True,False
LUV,2025-03-17,2025-03-19,31.715850763320923,32.40378816986084,54.54901737854113,1730.06849446361,1767.5948040083044,1.73006849446361,1.7675948040083045,34.02864624622248,60,45,2,True,False
EXE,2025-03-18,2025-03-19,106.67331274795532,106.97648377990724,16.54193974627603,1764.5835120123354,1769.5985489557002,1.7645835120123354,1.7695985489557002,1.4808548823968977,60,45,1,True,False
MOS,2025-03-18,2025-03-19,26.733359313011167,27.84607061004639,66.00680039315186,1764.5835120123356,1838.0300244909445,1.7645835120123357,1.8380300244909444,69.84389894210562,60,45,1,True,False
COP,2025-03-17,2025-03-21,99.299625,102.35879866027832,17.42270924450732,1730.06849446361,1783.367587675095,1.73006849446361,1.7833675876750947,49.78565712934597,60,45,4,True,False
OKE,2025-03-20,2025-03-21,99.65980561065672,100.06994274520876,17.915152159867354,1785.4205817377176,1792.768250909629,1.7854205817377176,1.792768250909629,3.769480339263964,60,45,1,True,False
UNH,2025-03-21,2025-03-24,511.9358326721191,514.8224770812989,3.5034246824133226,1793.5286319953186,1803.6417732677896,1.7935286319953188,1.8036417732677896,6.515970867207898,60,45,3,True,False
FANG,2025-03-20,2025-03-25,156.9084168319702,161.919,11.378743204385811,1785.4205817377176,1842.434720910947,1.7854205817377176,1.8424347209109464,53.38628387058043,60,45,5,True,False
APH,2025-03-25,2025-03-26,34.60229158401489,34.63767127990723,52.06968334395498,1801.7303657548537,1803.5725753167733,1.8017303657548536,1.8035725753167733,-1.7630933791519965,60,45,1,False,True
MSTR,2025-03-25,2025-03-26,333.64675099182125,336.33175,5.4001136243614125,1801.7303657548537,1816.2296654803165,1.8017303657548536,1.8162296654803165,10.88133969422779,60,45,1,True,False
TRGP,2025-03-25,2025-03-26,206.07298622131347,206.8965,8.743166189768674,1801.7303657548537,1808.9304835814744,1.8017303657548536,1.8089304835814743,3.5894569772847262,60,45,1,True,False
PRU,2025-03-26,2025-03-27,115.0575,115.3722853050232,15.642951944807365,1799.8389433896732,1804.7631147890827,1.799838943389673,1.8047631147890828,1.3195693412308174,60,45,1,True,False
HCA,2025-03-27,2025-03-28,338.1089724426269,342.8285,5.294747837370207,1790.2017506360617,1815.190458963872,1.7902017506360617,1.815190458963872,21.383316118210587,60,45,1,True,False
UHS,2025-03-26,2025-04-03,187.44368110656737,186.6266412200928,9.602025167049566,1799.8389433896732,1791.993705837261,1.799838943389673,1.791993705837261,-11.437070201639244,60,45,8,False,True
TJX,2025-03-28,2025-04-03,120.08000664138794,123.7281059150696,15.052896778323811,1807.551945113251,1862.4664069170583,1.807551945113251,1.862466406917059,51.24444345177744,60,45,6,True,False
ZTS,2025-03-11,2025-04-07,170.7053051147461,147.34628816986086,10.302397963810805,1758.6739878258622,1518.0200992162545,1.7586739878258624,1.5180200992162545,-243.93058269664996,60,45,27,False,True
FIS,2025-03-20,2025-04-07,73.89693061065674,68.76560305023193,24.160957254701465,1785.4205817377176,1661.4427958904223,1.7854205817377176,1.6614427958904223,-127.42464922492354,60,45,18,False,True
NFLX,2025-03-26,2025-04-07,99.4306872024536,82.74361116027832,18.101443266956117,1799.8389433896734,1497.7787831208548,1.7998389433896735,1.4977787831208549,-305.3577779953291,60,45,12,False,True
NRG,2025-04-03,2025-04-07,97.0485,80.3897853050232,18.57646514636712,1802.8180777572088,1493.3580448426987,1.802818077757209,1.4933580448426989,-312.75620903711,60,45,4,False,True
FE,2025-04-04,2025-04-09,41.140558931350704,38.0709551525116,42.9239697644444,1765.9161076616404,1634.1565278699263,1.7659161076616403,1.6341565278699266,-135.15965242724542,60,45,5,False,True
ROST,2025-04-10,2025-04-11,136.1180280532837,138.75059732055664,11.799935548466555,1606.18395801311,1637.2481056938047,1.60618395801311,1.6372481056938049,27.82071561698785,60,45,1,True,False
GD,2025-04-10,2025-04-15,269.1345,277.7710486602783,5.967960101782232,1606.1839580131102,1657.726535834752,1.6061839580131103,1.657726535834752,48.27866732779376,60,45,5,True,False
WMT,2025-04-14,2025-04-15,93.31663164138791,94.77258969497682,17.3983385062983,1623.5543455644138,1648.8855966317244,1.623554345564414,1.6488855966317244,22.05881112511452,60,45,1,True,False
COST,2025-04-15,2025-04-21,985.8426505737305,992.5035,1.6492964943942088,1625.9468276155485,1636.9325432239827,1.6259468276155484,1.6369325432239827,7.72283623759472,60,45,6,True,False
FTNT,2025-04-10,2025-04-30,97.30863213729856,101.8090706100464,16.5060788825687,1606.18395801311,1680.4685504504323,1.60618395801311,1.6804685504504326,70.99793992885884,60,45,20,True,False
FICO,2025-04-15,2025-05-01,1935.9675,1998.6301898803715,0.8398626669174707,1625.9468276155485,1678.5748814546994,1.6259468276155484,1.6785748814546997,49.323532130080594,60,45,16,True,False
LH,2025-04-30,2025-05-01,239.43966732788084,238.2408206100464,6.799859618762298,1628.1561249927352,1620.0041356070471,1.6281561249927352,1.6200041356070471,-11.4001496462879,60,45,1,False,True
CTAS,2025-05-01,2025-05-07,210.4351668319702,213.2233368301392,7.792894688793047,1639.8990939401394,1661.6270091103224,1.6398990939401394,1.6616270091103225,18.426389067132504,60,45,6,True,False
PGR,2025-05-07,2025-05-08,283.7217765655517,284.9574561004639,5.726063533725622,1624.6089185158546,1631.684498040086,1.6246089185158543,1.6316844980400862,3.819286107675453,60,45,1,True,False
CRL,2025-05-08,2025-05-09,140.7703469467163,141.13940171051027,11.60580122176626,1633.7526645826604,1638.035840811199,1.6337526645826603,1.638035840811199,1.0113877231447077,60,45,1,True,False
KLAC,2025-04-10,2025-05-13,66.52324286270141,75.962,24.144703247978214,1606.1839580131102,1834.0799481229208,1.6061839580131103,1.8340799481229213,224.45572620367489,60,45,33,True,False
CCL,2025-05-09,2025-05-13,20.240114542007444,22.208889313697817,80.97364400366739,1638.915829517962,1798.33469700422,1.638915829517962,1.79833469700422,155.98161695973567,60,45,4,True,False
OXY,2025-05-13,2025-05-14,43.96196862602233,43.85806106758118,38.468830816748486,1691.165533445658,1687.168331159404,1.691165533445658,1.687168331159404,-7.375536150859034,60,45,1,False,True
AJG,2025-04-15,2025-06-02,344.1820147705078,343.2483034210205,4.724090039102393,1625.9468276155485,1621.5358911300389,1.6259468276155484,1.6215358911300388,-7.658419204255097,60,45,48,False,True
VICI,2025-04-21,2025-06-11,32.446215305328366,32.42877719497681,48.96052751122174,1588.583817091553,1587.7300380099423,1.5885838170915534,1.5877300380099424,-4.030092936712663,60,45,51,False,True
PFE,2025-05-01,2025-06-11,24.31214923667908,24.317834923744204,67.45183562241665,1639.8990939401394,1640.282603969457,1.6398990939401394,1.6402826039694571,-2.8966716685918072,60,45,41,False,True
FANG,2025-05-14,2025-06-12,144.6022637786865,147.07641889953615,11.638318434620496,1682.927192223343,1711.722197376438,1.6829271922233426,1.7117221973764378,25.400355763495327,60,45,29,True,False
L,2025-05-13,2025-06-24,89.44470152664184,90.75460305023194,18.90738640278128,1691.165533445658,1715.932347701768,1.691165533445658,1.7159323477017678,21.359716374962545,60,45,42,True,False
DOW,2025-06-11,2025-06-24,31.075529465675352,27.236375,55.30267882672996,1718.5600254108272,1506.2444990293773,1.7185600254108273,1.5062444990293773,-215.5403309058902,60,45,13,False,True
ALLE,2025-06-24,2025-06-25,144.1920551147461,143.46822328948974,11.50546785692615,1658.9970553468352,1650.669031547528,1.6589970553468352,1.650669031547528,-11.637689886201542,60,45,1,False,True
EVRG,2025-06-24,2025-06-25,68.38417347335815,68.47574713516235,24.259956230854577,1658.9970553468352,1661.2186283741044,1.6589970553468352,1.6612186283741044,-1.0986426564518297,60,45,1,False,True
RVTY,2025-06-26,2025-06-27,98.22909030532836,99.26034255981446,16.7125323709882,1641.6568515005235,1658.891688186277,1.6416568515005237,1.658891688186277,13.934288146066592,60,45,1,True,False
PHM,2025-06-11,2025-07-02,106.58326377868651,110.0849293899536,16.12410771150065,1718.560025410827,1775.0212588965555,1.7185600254108269,1.7750212588965557,52.96765220142129,60,45,21,True,False
HD,2025-06-30,2025-07-02,369.4646387786865,373.4631688995361,4.483148272979855,1656.3647572677942,1674.2907606735391,1.6563647572677942,1.674290760673539,14.595347887803657,60,45,2,True,False
ARE,2025-06-25,2025-07-03,74.36716683197021,76.34180725479126,22.21253981201501,1651.8836539619,1695.7454329682269,1.6518836539619002,1.6957454329682269,40.51414991939669,60,45,8,True,False
GPC,2025-07-02,2025-07-03,125.41267347335815,127.23635305023194,13.404998909256925,1681.156751117361,1705.6031738561885,1.681156751117361,1.7056031738561883,21.05966281385372,60,45,1,True,False
STLD,2025-06-03,2025-07-11,135.11752805328368,136.9015162200928,12.52219749924043,1691.9683718923775,1714.3078240534692,1.6919683718923777,1.7143078240534693,18.933175965145665,60,45,38,True,False
KHC,2025-07-03,2025-07-15,27.103545152664186,27.75611545753479,62.60903614037346,1696.9268379953958,1737.7836357971742,1.696926837995396,1.737783635797174,37.42208732798599,60,45,12,True,False
LNT,2025-07-17,2025-07-18,62.75136122131347,63.58818893241882,26.735894250176862,1677.7137576676864,1700.0870948574166,1.6777137576676864,1.7000870948574165,18.99553633720484,60,45,1,True,False
CCI,2025-07-18,2025-07-21,104.45220152664184,105.79707347488404,16.037226871945283,1675.1236531569043,1696.69166970458,1.6751236531569045,1.69669166970458,18.19620122481388,60,45,3,True,False
LMT,2025-06-16,2025-07-23,482.25101477050777,413.5531297607422,3.5108249446410063,1693.098892234737,1451.9126438983726,1.693098892234737,1.4519126438983727,-244.3312598724974,60,45,37,False,True
POOL,2025-07-11,2025-07-23,309.9849015655517,316.54166220092776,5.451703972611015,1689.945919314353,1725.691437317692,1.6899459193143531,1.725691437317692,32.3298806467069,60,45,12,True,False
KVUE,2025-07-21,2025-07-23,21.980984313011167,22.69864408493042,76.28829606358975,1676.891839040118,1731.6408801932223,1.676891839040118,1.7316408801932224,51.34050843387104,60,45,2,True,False
OMC,2025-07-03,2025-07-24,75.15756274795532,77.46125,22.578257941734027,1696.9268379953958,1748.940082989145,1.696926837995396,1.748940082989145,48.56737807276477,60,45,21,True,False
ERIE,2025-07-23,2025-07-24,365.1825,364.8175,4.656299334589797,1700.3990317538387,1698.6994824967137,1.7003990317538389,1.6986994824967134,-5.098647771375909,60,45,1,False,True
ROST,2025-07-23,2025-07-24,136.50822244262696,136.71160877990724,12.45638542006874,1700.3990317538387,1702.932490360178,1.7003990317538389,1.702932490360178,-0.8698729157747493,60,45,1,False,True
DECK,2025-07-24,2025-07-28,108.20407652664184,118.44075,15.653825411236918,1693.80772273217,1854.050822075959,1.6938077227321702,1.854050822075959,156.69524079898088,60,45,4,True,False
VMC,2025-07-25,2025-07-28,271.7958336639404,273.863,6.186503096207431,1681.4657664982474,1694.254297436656,1.6814657664982473,1.694254297436656,9.412810874473736,60,45,3,True,False
WDAY,2025-07-28,2025-08-04,241.17052805328368,224.3277824401856,7.136892849327619,1721.2082171320462,1601.0033464028822,1.7212082171320462,1.6010033464028823,-123.52708229269888,60,45,7,False,True
LOW,2025-07-02,2025-08-05,229.2445698852539,234.2728043899536,7.333463784807846,1681.156751117361,1718.0311267590976,1.681156751117361,1.7180311267590975,33.47518776386005,60,45,34,True,False
TJX,2025-07-24,2025-08-05,126.13303469467162,129.1653807296753,13.428739955653532,1693.80772273217,1734.5283090917917,1.6938077227321702,1.7345283090917916,37.29225032779755,60,45,12,True,False
WTW,2025-07-28,2025-08-05,312.11597145080566,321.40922232055664,5.514643192180684,1721.2082171320462,1772.4571797741455,1.7212082171320462,1.7724571797741455,47.75529724519333,60,45,8,True,False
DG,2025-08-07,2025-08-08,113.18656225204468,115.942,15.302734941290694,1732.0639610589385,1774.2296945631258,1.7320639610589383,1.7742296945631255,38.659439848565626,60,45,1,True,False
HCA,2025-08-08,2025-08-11,374.437125,381.5691297607422,4.611340867335304,1726.6572167600375,1759.5453217792783,1.7266572167600378,1.7595453217792782,29.40190248070121,60,45,3,True,False
STE,2025-08-08,2025-08-11,238.71930610656736,242.74856011962893,7.2330019926802045,1726.6572167600375,1755.8008190655264,1.7266572167600376,1.7558008190655263,25.66114426966328,60,45,3,True,False
PODD,2025-08-08,2025-08-11,303.70176278686523,306.9664351196289,5.685371072316718,1726.6572167600375,1745.2180904013248,1.7266572167600376,1.7452180904013248,15.088998334126018,60,45,3,True,False
DGX,2025-07-23,2025-08-12,179.71981988525388,177.2713206100464,9.461388470339534,1700.3990317538387,1677.2328289417558,1.7003990317538389,1.6772328289417555,-26.54383467277853,60,45,20,False,True
MU,2025-08-11,2025-08-12,125.03248622131348,124.63764694976808,13.92965066189392,1741.6588544509616,1736.1588813307374,1.7416588544509617,1.7361588813307374,-8.977790856005868,60,45,1,False,True
GEN,2025-08-11,2025-08-13,30.56527423667908,31.89404484748841,56.98162041552791,1741.6588544509616,1817.374357015408,1.7416588544509617,1.817374357015408,72.15646935298014,60,45,2,True,False
GPN,2025-08-07,2025-08-14,85.78286786270141,84.94750286483765,20.19125734792604,1732.0639610589385,1715.1968914076217,1.7320639610589383,1.7151968914076214,-20.314330503783367,60,45,7,False,True
BBY,2025-08-13,2025-08-14,70.41518725204467,71.44426335525513,24.98044106962664,1759.002435556427,1784.7092105088368,1.7590024355564269,1.784709210508837,22.16306330634461,60,45,1,True,False
CVS,2025-08-11,2025-08-15,65.66281225204467,68.16589694976807,26.5242805587683,1741.6588544509614,1808.0513752357365,1.7416588544509617,1.8080513752357368,62.84281055508859,60,45,4,True,False
INTC,2025-08-13,2025-08-15,21.63081083965301,24.997495228767395,81.3193018327298,1759.002435556427,2032.778859570359,1.7590024355564269,2.032778859570359,269.9846427188054,60,45,2,True,False
SWKS,2025-08-14,2025-08-15,72.45620816802978,75.712125,24.65635373963403,1786.5058992235029,1866.7849363793891,1.786505899223503,1.8667849363793891,76.6257463202835,60,45,1,True,False
CI,2025-08-18,2025-08-21,298.3891102294922,304.2378196411133,6.185551266921822,1845.7011388157105,1881.878630726621,1.8457011388157103,1.8818786307266209,32.44991214136826,60,45,3,True,False
TXN,2025-08-21,2025-08-25,199.6797918319702,205.897,9.230278938742476,1843.1001770391165,1900.48674265026,1.843100177039116,1.90048674265026,53.64297869145412,60,45,4,True,False
STLD,2025-08-25,2025-08-26,132.64629183197022,132.4437395095825,14.024818461348548,1860.3401625144431,1857.4994029640309,1.8603401625144431,1.8574994029640308,-6.558599115890729,60,45,1,False,True
ASML,2025-08-13,2025-08-28,751.0053198852538,769.615,2.3421970377322827,1759.002435556427,1802.5899731943307,1.7590024355564269,1.802589973194331,40.0259452291532,60,45,15,True,False
CTVA,2025-08-27,2025-08-28,73.83690305328369,74.99248377990723,25.230543350297243,1862.945183337569,1892.101112955412,1.862945183337569,1.892101112955412,25.40088332155005,60,45,1,True,False
QCOM,2025-08-15,2025-08-29,158.11901328277588,159.45023377990722,11.727264526923458,1854.3034955032367,1869.9150704167585,1.8543034955032367,1.8699150704167584,11.88735634760178,60,45,14,True,False
KMX,2025-08-28,2025-08-29,61.79087832069396,62.26884923744202,30.37852859931715,1877.115964242128,1891.6360174062004,1.877115964242128,1.8916360174062004,10.751301182424411,60,45,1,True,False
FICO,2025-08-29,2025-09-02,1508.8640403442382,1504.2475000000002,1.243114521029668,1875.6907988114176,1869.951910472576,1.875690798811417,1.869951910472576,-9.484531048125518,60,45,4,False,True
TTWO,2025-08-14,2025-09-03,235.4176530532837,240.8795,7.588665828807454,1786.5058992235029,1827.9540305102253,1.786505899223503,1.827954030510225,37.83367135698859,60,45,20,True,False
PANW,2025-08-29,2025-09-04,191.46568011474608,191.43423377990723,9.796485707972884,1875.6907988114176,1875.3827352416008,1.875690798811417,1.8753827352416008,-4.059137103869716,60,45,6,False,True
CNC,2025-09-03,2025-09-12,29.51475,33.90303816986084,63.43109428607228,1872.152890079852,2150.5068107367506,1.872152890079852,2.1505068107367507,274.33126095608213,60,45,9,True,False
SJM,2025-09-04,2025-09-16,112.39616633605957,102.44875,16.76037520275389,1883.8019191434944,1717.0794890531329,1.8838019191434945,1.717079489053133,-170.32331149855804,60,45,12,False,True
EFX,2025-09-12,2025-09-18,259.4896653442383,263.2083263397217,7.497886502899214,1945.6240594263984,1973.5061575132909,1.9456240594263985,1.9735061575132908,23.96296786995299,60,45,6,True,False
BMY,2025-08-18,2025-09-19,48.41419438934326,45.6571603050232,38.12314058089499,1845.7011388157105,1740.5943408328578,1.8457011388157103,1.740594340832858,-108.69309346250112,60,45,32,False,True
ZS,2025-09-19,2025-09-22,292.81634843444823,293.6730973205567,6.408006168891709,1876.3689671202883,1881.8590192676625,1.8763689671202883,1.8818590192676623,1.731824160986207,60,45,3,True,False
LKQ,2025-09-02,2025-09-23,32.39619106864929,30.3248301525116,57.87460094130181,1874.9166301162431,1755.037443689365,1.8749166301162432,1.7550374436893652,-123.50914050068376,60,45,21,False,True
MRVL,2025-09-19,2025-09-23,74.787375,75.35230438995362,25.08938129089687,1876.3689671202883,1890.5426959872684,1.8763689671202883,1.8905426959872684,10.406817203872606,60,45,4,True,False
OTIS,2025-09-19,2025-09-30,90.54525,91.58418225479126,20.722997254083328,1876.3689671202883,1897.8987573835063,1.8763689671202883,1.8978987573835064,17.75552253871433,60,45,11,True,False
WAB,2025-09-23,2025-10-01,198.5392224426269,198.94047328948972,9.416771707741365,1869.5985327746987,1873.377020397144,1.869598532774699,1.873377020397144,0.0355120692731816,60,45,8,True,False
NWS,2025-09-30,2025-10-02,34.50724667930603,32.48375,53.61913039493495,1850.248559267896,1741.7504269664682,1.850248559267896,1.7417504269664683,-112.09013128766196,60,45,2,False,True
CAH,2025-10-01,2025-10-02,155.88790255737302,156.25183683013915,11.908162169207868,1856.338423870872,1860.672212209904,1.856338423870872,1.860672212209904,0.6167777029509125,60,45,1,True,False
FTNT,2025-09-22,2025-10-03,83.17156225204468,86.75660305023194,22.345337809764185,1858.4966546877697,1938.6056023850508,1.8584966546877697,1.9386056023850509,76.31184544020834,60,45,11,True,False
VRTX,2025-10-02,2025-10-03,404.4120964508056,411.5141412200928,4.539639327091722,1835.885057399688,1868.12577913711,1.835885057399688,1.86812577913711,28.53671090088528,60,45,1,True,False
MTD,2025-10-03,2025-10-06,1308.1337204589845,1314.4224160766605,1.4024491922923183,1834.591079668048,1843.41065575763,1.834591079668048,1.84341065575763,5.141574354156319,60,45,3,True,False
AKAM,2025-08-28,2025-10-13,78.53925,74.09293225479126,23.900355099420068,1877.115964242128,1770.847391246786,1.877115964242128,1.770847391246786,-109.91653635083073,60,45,46,False,True
PSA,2025-10-13,2025-10-14,297.60872145080566,299.6800715789795,5.827893444841871,1734.4319168709208,1746.5035247048777,1.7344319168709208,1.7465035247048777,8.590672392380839,60,45,1,True,False
EXR,2025-10-14,2025-10-15,145.51272244262694,148.675625,11.963410117956991,1740.8283759615908,1778.6674764185796,1.7408283759615908,1.7786674764185797,34.31960460460846,60,45,1,True,False
WFC,2025-10-15,2025-10-16,85.21258316802978,86.94650286483765,20.6026348171775,1755.6037328392836,1791.3270471549274,1.7556037328392835,1.7913270471549274,32.17638353564962,60,45,1,True,False
BMY,2025-10-02,2025-10-17,47.11354515266418,43.258358779907226,38.96724501310154,1835.8850573996876,1685.6590654412971,1.8358850573996877,1.685659065441297,-153.74753608123137,60,45,15,False,True
WELL,2025-10-20,2025-10-21,176.4181668319702,178.34077767944336,10.040959095718868,1771.4075969015198,1790.712453777983,1.77140759690152,1.790712453777983,15.742736825783595,60,45,1,True,False
NFLX,2025-10-21,2025-10-23,124.34513862991332,112.63365744018556,14.338311034776172,1782.8992733380592,1614.976413361812,1.7828992733380593,1.614976413361812,-171.32073566294707,60,45,2,False,True
TDG,2025-10-24,2025-10-27,1354.17675,1354.0826297607423,1.279030525057498,1732.033399573156,1731.91301691412,1.732033399573156,1.73191301691412,-3.5843290755233284,60,45,3,False,True
EPAM,2025-10-27,2025-10-28,161.37063828277587,161.09940267944336,10.71564931011354,1729.191168787409,1726.2847031816807,1.729191168787409,1.7262847031816808,-6.361941477697201,60,45,1,False,True
NUE,2025-10-28,2025-10-29,146.29311122131347,152.12389694976807,11.85265628788985,1733.9619645922703,1803.072263719976,1.7339619645922704,1.803072263719976,65.57326489939351,60,45,1,True,False
BDX,2025-10-06,2025-10-30,152.52906150054932,142.24016941070556,11.9380137624618,1820.89403536894,1698.065099999901,1.82089403536894,1.698065099999901,-126.3478945044078,60,45,24,False,True
AMZN,2025-10-29,2025-10-30,231.78583316802977,226.9464675598145,7.451837488851639,1727.230360986236,1691.168194924678,1.727230360986236,1.691168194924678,-39.4805646174691,60,45,1,False,True
MELI,2025-10-30,2025-10-31,2211.655323852539,2373.8125,0.7725675763204992,1708.6531932050848,1833.930569764305,1.7086531932050848,1.833930569764305,121.734792796251,60,45,1,True,False
BMY,2025-10-31,2025-11-03,45.49273622131347,46.17690076255799,37.9047985796456,1724.3930033058348,1750.3261224370438,1.7243930033058348,1.750326122437044,22.458400005466277,60,45,3,True,False
SNPS,2025-09-23,2025-11-05,511.7157214508056,416.29175,3.653588221745567,1869.5985327746987,1520.9586346098502,1.869598532774699,1.5209586346098505,-352.03045533223303,60,45,43,False,True
EXPD,2025-11-03,2025-11-05,121.79086835861206,134.10291316986084,14.28214198845368,1739.434474794768,1915.2768469572277,1.739434474794768,1.9152768469572277,172.1876608407074,60,45,2,True,False
TPL,2025-10-03,2025-11-07,322.8446607513428,339.806665725708,5.682581447679764,1834.591079668048,1930.979054450828,1.834591079668048,1.930979054450828,92.6224046486609,60,45,35,True,False
DG,2025-10-16,2025-11-07,106.303125,96.29182633972168,16.548106020359242,1759.1153827955009,1593.447351163735,1.7591153827955008,1.593447351163735,-169.02059436572517,60,45,22,False,True
CINF,2025-11-06,2025-11-07,160.27009744262693,161.80905438995362,10.785424128515563,1728.5809760372492,1745.1792794296932,1.7285809760372493,1.7451792794296932,13.12454313697708,60,45,1,True,False
AMCR,2025-11-10,2025-11-11,42.12104847335815,42.27884923744202,41.738748384028135,1758.0798439009482,1764.666250287852,1.7580798439009482,1.764666250287852,3.063660292715213,60,45,1,True,False
YUM,2025-11-05,2025-11-12,154.34713927459717,150.23484255981447,11.242614257241064,1735.265348572958,1689.032382897337,1.735265348572958,1.6890323828973368,-49.657263407091705,60,45,7,False,True
SPG,2025-11-10,2025-11-12,184.47219488525388,184.24782633972168,9.530324312531306,1758.0798439009484,1755.9415388964956,1.7580798439009484,1.7559415388964956,-5.652326387250241,60,45,2,False,True
CTVA,2025-11-11,2025-11-13,65.5727709159851,66.65165505981446,26.57913670630633,1742.8676423872755,1771.5434515363822,1.7428676423872755,1.7715434515363824,25.1613980551831,60,45,2,True,False
MDT,2025-11-12,2025-11-13,95.0475,94.9525,18.49794561740827,1758.1834860706126,1756.4261812369589,1.7581834860706127,1.7564261812369586,-5.271914500961657,60,45,1,False,True
LUV,2025-11-13,2025-11-26,33.25662167930603,34.34282061004639,52.70631385035869,1752.8339398321464,1810.083481579672,1.7528339398321464,1.810083481579672,53.686624326113815,60,45,13,True,False
DHI,2025-11-26,2025-11-28,154.00695767211914,156.4017557296753,11.37050468410438,1751.1368335954958,1778.3668961264225,1.7511368335954958,1.7783668961264223,23.70055880120458,60,45,2,True,False
WYNN,2025-11-28,2025-12-02,129.67480561065673,133.15339122009277,13.637582584670854,1768.4508706664706,1815.8903691930025,1.7684508706664706,1.8158903691930024,43.85515728667201,60,45,4,True,False
APA,2025-11-12,2025-12-03,24.382185839653012,25.687150762557984,72.1093464561844,1758.1834860706126,1852.2836538095348,1.7581834860706127,1.8522836538095349,90.48970059904195,60,45,21,True,False
DPZ,2025-12-02,2025-12-03,423.3515846557617,424.7875,4.222336267609252,1787.5327498418717,1793.595667277065,1.7875327498418716,1.7935956672770654,2.481789018075005,60,45,1,True,False
APD,2025-11-07,2025-12-09,256.7683346557617,236.3917395095825,6.80925262070937,1748.4004556699258,1609.6510717696715,1.7484004556699255,1.6096510717696717,-142.10743542769387,60,45,32,False,True
NTAP,2025-12-03,2025-12-09,115.62778469467162,116.99147805023192,15.41769063344299,1782.7134130528011,1803.738415327712,1.7827134130528013,1.803738415327712,17.43855044653037,60,45,6,True,False
BKNG,2025-12-03,2025-12-11,203.82065517425536,210.95126481628415,8.746480632832233,1782.7134130528011,1845.0811521870933,1.7827134130528013,1.8450811521870931,58.73994456905211,60,45,8,True,False
TGT,2025-12-09,2025-12-11,92.55625713729856,94.73260877990724,19.033400876819567,1761.660345752196,1803.0837190148916,1.761660345752196,1.8030837190148916,37.85862919792817,60,45,2,True,False
WY,2025-12-11,2025-12-12,23.36167538166046,23.368309161186215,74.51426633425933,1740.7781014035572,1741.272412617942,1.7407781014035573,1.7412724126179422,-2.987739299636587,60,45,1,False,True
MA,2025-12-12,2025-12-15,566.283,572.5935648803711,3.085856670956519,1747.4681731992705,1766.9416719328676,1.7474681731992705,1.7669416719328677,15.959088888464976,60,45,3,True,False
UBER,2025-12-09,2025-12-16,91.85590255737304,81.70413024520875,19.17852088657956,1761.660345752196,1566.964368427553,1.761660345752196,1.566964368427553,-198.02460203882288,60,45,7,False,True
EG,2025-12-15,2025-12-16,328.74427656555173,327.5761202392578,5.339228700730626,1755.2408766397202,1749.0038228554315,1.7552408766397205,1.749003822855432,-9.741298483783568,60,45,1,False,True
JPM,2025-12-16,2025-12-23,319.2495413360596,323.4481803588868,5.4467683179177815,1738.8782872590325,1761.747301266941,1.7388782872590325,1.761747301266941,19.368388419382427,60,45,7,True,False
GE,2025-12-22,2025-12-23,309.8048188934326,314.84250000000003,5.54862467886262,1718.9906637426643,1746.9428654548044,1.7189906637426644,1.7469428654548045,24.486268182942467,60,45,1,True,False
PKG,2025-12-23,2025-12-29,206.64326328277588,207.71609732055663,8.397267916308978,1735.238844885843,1744.2477197308235,1.7352388448858431,1.7442477197308237,5.529388280364174,60,45,6,True,False
AXON,2025-12-23,2026-01-07,597.5586397705077,619.4800830383301,2.903880438499326,1735.2388448858428,1798.896095174945,1.735238844885843,1.798896095174945,60.12311534904143,60,45,15,True,False
GRMN,2025-12-11,2026-01-08,211.3156117172241,208.8955,8.237811145411309,1740.7781014035572,1720.841678126268,1.7407781014035573,1.720841678126268,-23.398043056819237,60,45,28,False,True
CHD,2025-11-03,2026-01-14,87.41368774795532,88.03596183013917,19.898879907803167,1739.434474794768,1751.8170320258828,1.739434474794768,1.7518170320258828,8.89130572429417,60,45,72,True,False
VZ,2025-11-14,2026-01-14,41.34065969467163,39.100438932418825,42.62152356917901,1762.0019015418554,1666.520279523333,1.7620019015418555,1.6665202795233334,-98.91014419958742,60,45,61,False,True
BSX,2026-01-08,2026-01-14,98.94945152664184,93.87303816986083,17.593590504189088,1740.8761307738444,1651.5637929446436,1.7408761307738445,1.6515637929446436,-92.7047777529192,60,45,6,False,True
MDLZ,2026-01-14,2026-01-15,55.81789591598511,57.111429389953614,30.86884846148053,1723.034170469237,1762.964059257023,1.7230341704692371,1.7629640592570233,36.44389055806005,60,45,1,True,False
SJM,2026-01-14,2026-01-15,101.93093725204469,103.75809255981446,16.903937282639614,1723.034170469237,1753.9202891974196,1.7230341704692371,1.7539202891974195,27.40916426851595,60,45,1,True,False
PPL,2025-12-30,2026-01-16,35.25762167930603,35.95201622009277,49.193047240747305,1734.4298488664977,1768.5892323151372,1.7344298488664978,1.768589232315137,30.65636436745785,60,45,17,True,False
FAST,2026-01-14,2026-01-16,42.55126377868652,43.348313932418826,40.49313739377787,1723.0341704692369,1755.309231854051,1.723034170469237,1.755309231854051,28.79671798249092,60,45,2,True,False
MDT,2026-01-07,2026-01-23,100.73034030532835,100.95949713516237,17.453294572688634,1758.0763017560669,1762.075843410503,1.758076301756067,1.762075843410503,0.4793895092695948,60,45,16,True,False
PG,2026-01-15,2026-01-23,145.75283267211913,150.76457633972169,11.99226544409678,1747.9066586330744,1808.0088190327356,1.7479066586330745,1.8080088190327357,56.54624492199514,60,45,8,True,False
ANET,2026-01-23,2026-01-27,138.43918011474608,144.7875706100464,12.667985786580823,1753.745565999506,1834.1668865616352,1.753745565999506,1.8341668865616352,76.83340810956815,60,45,4,True,False
PEP,2026-01-15,2026-01-28,146.13302755737303,148.33579866027833,11.961065118881711,1747.9066586330744,1774.2541472369155,1.7479066586330745,1.7742541472369155,22.825327797971116,60,45,13,True,False
CSCO,2026-01-27,2026-01-28,77.22859744262695,78.89053530502319,22.573098736285388,1743.2887553372552,1780.803842798697,1.7432887553372554,1.780803842798697,33.99099486330579,60,45,1,True,False
DUK,2026-01-28,2026-01-30,120.2600969467163,120.65964122009278,14.692914595725536,1766.971333711776,1772.841803597708,1.766971333711776,1.7728418035977078,2.3306567486224594,60,45,2,True,False
MCD,2026-01-28,2026-01-30,315.1575,315.50217366027834,5.606629490688865,1766.971333711776,1768.9037912201563,1.766971333711776,1.7689037912201564,-1.6034176165514964,60,45,2,False,True
TRV,2026-01-30,2026-02-04,284.8123484344482,289.0354026794434,6.122260292666335,1743.6953316812712,1769.5499689991811,1.743695331681271,1.7695499689991812,22.34139201722951,60,45,5,True,False
VST,2026-01-16,2026-02-05,167.6337780532837,140.92950000000002,10.48376265631878,1757.432742292646,1477.4714292736776,1.757432742292646,1.4774714292736777,-283.19621719053475,60,45,20,False,True
J,2026-01-16,2026-02-06,141.4506948852539,145.32729389953613,12.424348595235193,1757.4327422926465,1805.5969598100337,1.7574327422926463,1.8055969598100337,44.60118781528468,60,45,21,True,False
CPB,2026-02-05,2026-02-06,28.66432461833954,28.585700381278997,60.220839752459575,1726.1896994535073,1721.454881872825,1.7261896994535073,1.721454881872825,-8.182462162008733,60,45,1,False,True
ARM,2026-01-23,2026-02-09,120.94043725204467,120.189875,14.500903137505864,1753.745565999506,1742.8617354839378,1.753745565999506,1.7428617354839375,-14.380437817051645,60,45,17,False,True
LW,2026-01-30,2026-02-09,45.58278137397766,51.46425667762757,38.253377242940985,1743.6953316812712,1968.681625216832,1.743695331681271,1.968681625216832,221.2739165786629,60,45,10,True,False
UHS,2026-02-06,2026-02-09,218.11899950408932,217.8310324401856,7.979697291485159,1740.5235895642345,1738.2256995643647,1.7405235895642346,1.7382256995643648,-5.77663928899824,60,45,3,False,True
CPAY,2026-02-06,2026-02-09,337.9488887786865,354.82250000000005,5.150256880128568,1740.5235895642345,1827.4270218494191,1.7405235895642346,1.827427021849419,83.33548167377103,60,45,3,True,False
HPE,2026-02-05,2026-02-10,22.93146007633209,23.9979952287674,75.27604843771522,1726.189699453507,1806.4742512487533,1.726189699453507,1.8064742512487533,76.75188784454394,60,45,5,True,False
AZN,2026-02-09,2026-02-12,191.8959030532837,202.4187442703247,9.517271173240164,1826.3253463919057,1926.4740797674335,1.8263253463919056,1.9264740797674336,96.39593394936878,60,45,3,True,False
SWKS,2026-02-09,2026-02-12,62.031,63.61817652511597,29.442139355997902,1826.325346391906,1873.0552188269387,1.826325346391906,1.8730552188269387,43.030491869813886,60,45,3,True,False
ZBRA,2026-02-10,2026-02-13,258.6792627868652,278.5406526794434,7.047157815995501,1822.9535885844111,1962.919937602428,1.8229535885844117,1.962919937602428,136.1804754918296,60,45,3,True,False
SOLV,2026-02-12,2026-02-18,81.95095866394043,73.27334255981445,22.36414345518921,1832.7629958506448,1638.6955444489115,1.8327629958506453,1.6386955444489115,-197.5389099420329,60,45,6,False,True
AIG,2026-02-12,2026-02-18,78.53925,79.5302146949768,23.33563149445208,1832.7629958506448,1855.887782796636,1.8327629958506453,1.855887782796636,19.436136167343875,60,45,6,True,False
CCI,2026-02-13,2026-02-18,88.41418774795532,91.5242146949768,20.570798296140204,1818.7504226802596,1882.726159702999,1.8187504226802595,1.882726159702999,60.27426044035633,60,45,5,True,False
OTIS,2026-02-18,2026-02-20,92.02599335861206,93.25335305023194,20.01138802886686,1841.5678618411105,1866.1290328811065,1.8415678618411104,1.8661290328811064,20.853474145273594,60,45,2,True,False
JPM,2026-02-09,2026-02-24,321.5006663360596,296.67159732055666,5.680626939923281,1826.3253463919057,1685.2806680492256,1.8263253463919056,1.6852806680492256,-144.55628435712129,60,45,15,False,True
CEG,2026-02-18,2026-02-26,305.86284645080565,324.3477547607422,6.020894277322122,1841.5678618411107,1952.863540501232,1.8415678618411109,1.952863540501232,107.50124725777846,60,45,8,True,False
CZR,2026-02-20,2026-02-27,21.800895915985105,24.35781583881378,83.33417359193339,1816.7596447223743,2029.8384534320523,1.8167596447223744,2.0298384534320526,209.2322106115232,60,45,7,True,False
EW,2026-02-26,2026-02-27,83.89192347335815,85.71712213516236,21.45712078480704,1800.079134837635,1839.242642980236,1.8000791348376348,1.8392426429802355,35.52418636478296,60,45,1,True,False
CNC,2026-02-20,2026-03-02,43.35166683197021,44.207884542465216,41.90749231774828,1816.7596447223743,1852.641581847264,1.8167596447223744,1.852641581847264,32.21253589831963,60,45,10,True,False
NFLX,2026-02-27,2026-03-02,94.34715305328368,95.21237213516235,19.944009798542687,1881.6605449592969,1898.9164828061707,1.881660544959297,1.8989164828061709,13.475360819108571,60,45,3,True,False
UAL,2026-02-09,2026-03-03,115.51772908401487,99.28033683013916,15.809913862344349,1826.325346391906,1569.6135735090334,1.826325346391906,1.5696135735090333,-260.1077118027736,60,45,22,False,True
VRSN,2026-03-04,2026-03-05,233.6467637786865,238.1008912200928,7.830650574479442,1829.606165008834,1864.4848806166867,1.829606165008834,1.8644848806166867,31.184624562227327,60,45,1,True,False
ADSK,2026-03-04,2026-03-06,253.42665305328367,261.4092385406494,7.21947018186818,1829.606165008834,1887.2362029090848,1.829606165008834,1.8872362029090848,53.91319553233302,60,45,2,True,False
ABT,2026-02-27,2026-03-09,115.76785408401489,109.36528816986085,16.253739519035573,1881.6605449592964,1777.5949063371809,1.8816605449592965,1.777594906337181,-107.72489407341186,60,45,10,False,True
PLTR,2026-03-05,2026-03-09,153.0164724426269,155.61215744018557,12.141718422757409,1857.8829224419944,1889.3989987965272,1.8578829224419944,1.8893989987965272,27.76879443329426,60,45,4,True,False
TTD,2026-03-06,2026-03-19,29.179583415985107,23.1933974237442,63.67141417582486,1857.905341157218,1476.7564135117264,1.8579053411572184,1.4767564135117264,-384.4835894001608,60,45,13,False,True
ADP,2026-03-09,2026-03-26,224.68229232788084,201.92898377990724,8.238853259694364,1851.1244365411635,1663.6632662418592,1.8511244365411632,1.6636632662418591,-190.97595800208703,60,45,17,False,True
JKHY,2026-03-09,2026-03-30,170.9854438934326,155.19236927032472,10.826210666768128,1851.1244365411635,1680.1452835954078,1.8511244365411632,1.6801452835954078,-174.5104226658921,60,45,21,False,True
EBAY,2026-03-02,2026-04-06,89.46470816802979,94.37278816986084,21.029848025351956,1881.4292164061296,1984.645392940906,1.88142921640613,1.984645392940906,99.35010192542929,60,45,35,True,False
TSN,2026-03-30,2026-04-06,64.2721178627014,65.19738835525513,25.57385808209037,1643.686020856111,1667.348757120226,1.6436860208561113,1.667348757120226,20.35170148613838,60,45,7,True,False
TFC,2026-04-07,2026-04-09,47.43370484733581,48.955509542465215,36.12371113639775,1713.4814520343084,1768.4546852471767,1.7134814520343085,1.7684546852471767,51.49129707558677,60,45,2,True,False
STLD,2026-04-09,2026-04-10,186.8033617172241,192.45372805023197,9.239979113439858,1726.0591605875015,1778.2684274877777,1.7260591605875015,1.7782684274877778,48.70493931220085,60,45,1,True,False
DAL,2026-03-26,2026-04-15,67.41368725204467,71.52421755981446,24.945432754574338,1681.6636020837857,1784.2025594618967,1.6816636020837854,1.7842025594618969,99.07309121656569,60,45,20,True,False
EXR,2026-04-15,2026-04-17,140.73033366394043,141.47922805023194,12.369672496636843,1740.7881377653705,1750.051716058366,1.7407881377653702,1.7500517160583662,5.772738439172144,60,45,2,True,False
CCI,2026-04-06,2026-04-20,84.35215255737305,88.205875,20.10471592085442,1695.8760644785589,1773.354059425395,1.6958760644785589,1.7733540594253951,74.00876482293211,60,45,14,True,False
LKQ,2026-04-20,2026-04-22,30.985484313011167,31.4042900762558,56.54367444868877,1752.033137629856,1775.7139543639955,1.752033137629856,1.7757139543639957,20.15306964214551,60,45,2,True,False
MOH,2026-02-24,2026-04-23,157.80886072540284,164.67761450958253,11.214786479571792,1769.7926776198758,1846.8242846902017,1.7697926776198758,1.8468242846902017,73.41499010801567,60,45,58,True,False
SMCI,2026-04-17,2026-04-23,29.07452946567535,26.48675,60.23804789803519,1751.3928985661871,1595.5101151632837,1.7513928985661873,1.5955101151632838,-159.22968641663306,60,45,6,False,True
SWK,2026-04-22,2026-04-28,77.30863164138793,79.52021755981445,22.6662430790968,1752.2962368960532,1802.4245809134163,1.7522962368960533,1.8024245809134165,46.57362319955382,60,45,6,True,False
IVZ,2026-04-23,2026-04-29,25.35267015266418,25.7471202287674,69.0392571780192,1750.3295148192738,1777.562055067253,1.750329514819274,1.7775620550672528,23.70464867809278,60,45,6,True,False
CI,2026-04-29,2026-04-30,283.51168011474607,293.62310401916505,6.177323290638108,1751.3433047407618,1813.804839127044,1.7513433047407618,1.813804839127044,58.896386242414565,60,45,1,True,False
ORLY,2026-04-10,2026-05-01,94.11703469467164,99.95,18.46445523801705,1737.819774254662,1845.522301039804,1.737819774254662,1.845522301039804,104.11918470984756,60,45,21,True,False
UDR,2026-04-29,2026-05-04,36.058020915985104,36.1619103050232,48.57014501215631,1751.3433047407618,1756.3892274315665,1.7513433047407618,1.7563892274315662,1.5381901586322329,60,45,5,True,False
LLY,2026-05-04,2026-05-06,960.48,990.8543005981446,1.8516419806830011,1778.465089606409,1834.7074197278184,1.7784650896064091,1.8347074197278184,52.629157612075005,60,45,2,True,False
KHC,2026-04-07,2026-05-08,23.571779465675352,23.608190838813783,72.69207038566766,1713.4814520343084,1716.128270133326,1.7134814520343085,1.716128270133326,-0.7827916231501604,60,45,31,False,True
EXPD,2026-05-06,2026-05-11,154.01697244262695,156.33179866027834,11.457984930863804,1764.7241493448855,1791.2473932643036,1.7647241493448855,1.7912473932643036,22.967272376808975,60,45,5,True,False
TYL,2026-04-30,2026-05-12,358.179,317.51117842102053,4.902511132890302,1755.9765350675152,1556.602087026172,1.7559765350675152,1.556602087026172,-202.68702666343688,60,45,12,False,True
FCX,2026-05-12,2026-05-14,63.64180561065673,66.89653530502319,27.739486604196053,1765.3910142036616,1855.6755449608197,1.7653910142036615,1.8556755449608195,86.66346419799311,60,45,2,True,False
CME,2026-05-18,2026-05-19,298.01893011474607,305.66709732055665,5.88921402175095,1755.097261978979,1800.1389555281346,1.755097261978979,1.8001389555281346,41.48645733164835,60,45,1,True,False
AES,2026-05-19,2026-05-20,14.517255228996277,14.562714694976808,123.23101511207253,1788.976098510254,1794.5781146494876,1.788976098510254,1.7945781146494877,2.0184619260739964,60,45,1,True,False
ABBV,2026-05-20,2026-05-26,213.46668061065677,215.81203816986084,8.325018836421885,1777.1141370321716,1796.6392828906903,1.7771141370321717,1.7966392828906903,15.951392438595803,60,45,6,True,False
ARE,2026-05-14,2026-05-28,47.773875,49.59518893241883,36.95451772646081,1765.4605105492226,1832.7662885502443,1.7654605105492227,1.8327662885502445,63.70755120192234,60,45,14,True,False
FDS,2026-05-28,2026-05-29,234.35712549591065,236.9614618301392,7.562390274838224,1772.3000466893156,1791.9950544556934,1.7723000466893155,1.7919950544556935,16.130712665232977,60,45,1,True,False
PLTR,2026-04-23,2026-06-01,149.7748469467163,159.9000057296753,11.68640496385864,1750.3295148192735,1868.6562206803023,1.7503295148192737,1.8686562206803023,114.70772012552948,60,45,39,True,False
RSG,2026-05-19,2026-06-01,216.29809744262693,201.13938549041748,8.270882266936164,1788.9760985102537,1663.6001766351312,1.7889760985102536,1.6636001766351312,-128.8284981502677,60,45,13,False,True
ACN,2026-06-01,2026-06-02,193.5367224426269,190.5946574401856,9.393074436670002,1817.9048401327368,1790.269804567283,1.817904840132737,1.7902698045672831,-31.24321021015362,60,45,1,False,True
AIG,2026-05-04,2026-06-04,78.039,73.51322805023194,22.78943976225232,1778.465089606409,1675.3252823794785,1.7784650896064091,1.6753252823794784,-106.5935975989164,60,45,31,False,True
JNJ,2026-05-26,2026-06-10,233.1165,238.7305811004639,7.681184323161161,1790.6108052701986,1833.7335970080371,1.7906108052701986,1.8337335970080373,39.49844733556051,60,45,15,True,False
CI,2026-06-10,2026-06-11,298.149,296.7215601196289,6.150001747168759,1833.6168709166184,1824.8381131583576,1.8336168709166183,1.824838113158357,-12.437212742335532,60,45,1,False,True
IP,2026-06-02,2026-06-15,33.40669438934326,37.06146183013916,53.7494128557911,1795.590208880051,1992.0318129472928,1.795590208880051,1.992031812947293,192.65398204541447,60,45,13,True,False
DG,2026-06-15,2026-06-16,116.5482428627014,116.14189694976808,16.018670429388653,1866.9478915419625,1860.438770282354,1.8669478915419624,1.860438770282354,-10.236507921432576,60,45,1,False,True
EMR,2026-06-01,2026-06-17,140.73033366394043,149.73509255981446,12.917647480846847,1817.9048401327368,1934.225141199657,1.817904840132737,1.934225141199657,112.56817108558788,60,45,16,True,False
IR,2026-06-16,2026-06-17,77.27861786270141,78.09093225479127,24.285354952632776,1876.7386650445717,1896.4660083896056,1.8767386650445717,1.8964660083896057,15.954138671600276,60,45,1,True,False
TRV,2026-06-17,2026-06-23,307.09347244262693,313.0833702392578,6.190429647155156,1901.0405362566628,1938.120577160356,1.901040536256663,1.938120577160356,33.24087979027604,60,45,6,True,False
DOV,2026-06-17,2026-06-23,223.05147244262693,225.137375,8.522878219266838,1901.0405362566623,1918.8184297304103,1.9010405362566625,1.9188184297304105,13.958034507761113,60,45,6,True,False
WY,2026-05-29,2026-06-25,24.462225763320923,25.4972452287674,73.29510403479902,1792.961382245348,1868.8232416432893,1.792961382245348,1.8688232416432893,72.20007477405306,60,45,27,True,False
MLM,2026-06-04,2026-06-25,584.6621801147461,624.2577223205567,3.085284361943035,1803.849081327548,1926.012588497791,1.803849081327548,1.926012588497791,118.4336455004177,60,45,21,True,False
CB,2026-06-11,2026-06-25,330.74527656555176,334.0229074401856,5.3632427092442985,1773.8671931571846,1791.4459230491584,1.7738671931571846,1.7914459230491584,14.013416775767382,60,45,14,True,False
EVRG,2026-06-24,2026-06-25,85.19257652664184,86.13691030502319,22.43435823695541,1911.2407809279216,1932.4263032073864,1.9112407809279215,1.9324263032073867,17.341855195329572,60,45,1,True,False
PPL,2026-06-25,2026-06-26,37.05852091598511,37.18140076255799,52.339993471021614,1939.6427427883784,1946.074273155723,1.9396427427883784,1.946074273155723,2.545813351400284,60,45,1,True,False
WEC,2026-06-25,2026-06-26,116.32813164138793,117.89102194976807,16.673892337305283,1939.6427427883784,1965.702207525327,1.9396427427883784,1.9657022075253268,22.15411978663451,60,45,1,True,False
NRG,2026-06-25,2026-06-26,143.9419301147461,145.10740267944337,13.475175310225136,1939.6427427883784,1955.347689916932,1.9396427427883784,1.955347689916932,11.809956695848086,60,45,1,True,False
EXC,2026-06-25,2026-06-29,47.15356606864929,47.48624332237244,41.13459287394124,1939.6427427883784,1953.327286178701,1.9396427427883784,1.953327286178701,9.791573361355404,60,45,4,True,False
AWK,2026-06-26,2026-06-29,131.3656530532837,131.29432061004638,14.78390761439787,1942.0976784447896,1941.04310619406,1.9420976784447896,1.94104310619406,-4.937713035368233,60,45,3,False,True
AVY,2026-06-26,2026-06-29,165.9529301147461,163.82804866027834,11.702701947485654,1942.0976784447896,1917.2308241094136,1.9420976784447896,1.9172308241094136,-28.72618283793008,60,45,3,False,True
AZN,2026-06-29,2026-06-30,189.344625,190.21484255981449,10.23312230809199,1937.586706004812,1946.4917487290431,1.937586706004812,1.9464917487290432,5.020964269497199,60,45,1,True,False
MA,2026-06-30,2026-07-01,512.1559438934325,516.9913750000001,3.7558055067794354,1923.5581144047733,1941.7190531824724,1.923558114404773,1.9417190531824724,14.295661610111663,60,45,1,True,False
DLR,2026-06-23,2026-07-02,193.75683366394043,175.9319942703247,9.819008445295102,1902.4999860798691,1727.477737537928,1.9024999860798693,1.727477737537928,-178.65222626555942,60,45,9,False,True
COR,2026-06-26,2026-07-06,289.22452656555174,294.92247232055666,6.714844351226278,1942.0976784447896,1980.3584973113784,1.9420976784447896,1.980358497311378,34.33836269083258,60,45,10,True,False
FDS,2026-07-06,2026-07-07,247.09348622131347,256.0119446411133,7.736213858370228,1911.5680524183383,1980.5631540408924,1.9115680524183385,1.9805631540408928,65.10297041609488,60,45,1,True,False
REGN,2026-07-06,2026-07-08,658.2890019836425,668.7754303588868,2.9038432157580507,1911.5680524183383,1942.018996313324,1.9115680524183385,1.942018996313324,26.597356846253888,60,45,2,True,False
MSCI,2026-07-07,2026-07-14,617.2084744262695,609.695,3.0580984495922454,1887.48427871817,1864.507334224144,1.88748427871817,1.8645073342241445,-26.72893610696792,60,45,7,False,True
ATO,2026-07-08,2026-07-14,178.22906938934327,179.38026622009278,10.710898832632328,1908.993531263463,1921.323884054068,1.908993531263463,1.921323884054068,8.500035375287553,60,45,6,True,False
OKE,2026-07-14,2026-07-17,92.09602805328367,93.46324713516236,20.933602851154227,1927.9016754361992,1956.522496706767,1.9279016754361995,1.9565224967067671,24.73639709842473,60,45,3,True,False
ADBE,2026-07-14,2026-07-17,221.2705836639404,235.1423645095825,8.712869300169798,1927.9016754361992,2048.764688904878,1.9279016754361995,2.048764688904878,116.88634710433756,60,45,3,True,False
VRSN,2026-07-17,2026-07-20,273.73680610656737,277.52117366027835,7.163770998050895,1960.9877926853085,1988.098135212548,1.9609877926853083,1.988098135212548,23.16125659934164,60,45,3,True,False
CAG,2026-06-29,2026-07-22,14.007,15.1624150762558,138.3298854861721,1937.5867060048124,2097.415141192274,1.9375867060048124,2.097415141192274,155.7934333402643,60,45,23,True,False
EOG,2026-07-20,2026-07-22,138.90941633605956,145.1673854904175,13.938481866107574,1936.1863806317533,2023.412970208432,1.9361863806317536,2.023412970208432,83.2669902258383,60,45,2,True,False
CMCSA,2026-07-01,2026-07-24,24.262125,21.289349237442018,77.28892121169713,1875.193467553347,1645.4308358609603,1.875193467553347,1.6454308358609606,-233.2832559958008,60,45,23,False,True
DVN,2026-07-23,2026-07-24,45.882930610656736,45.197391220092776,42.41282351142587,1946.024638176784,1916.948976994664,1.946024638176784,1.916948976994664,-32.93863479729134,60,45,1,False,True
UBER,2026-06-29,2026-07-27,76.038,66.34680725479126,25.48182101061065,1937.5867060048124,1690.637467092075,1.9375867060048124,1.690637467092075,-250.57746308583432,60,45,28,False,True
LHX,2026-07-24,2026-07-29,300.98040156555174,306.9664351196289,6.273089282939655,1888.076931435736,1925.6278543711348,1.888076931435736,1.925627854371135,33.73721814959163,60,45,5,True,False
CTSH,2026-07-27,2026-07-29,46.51324667930603,52.28384637260437,40.344367908723086,1876.5475366591147,2109.358733739508,1.876547536659115,2.109358733739508,228.8252908099946,60,45,2,True,False
APA,2026-07-23,2026-08-03,37.45871862602234,36.481750000000005,51.95118011391059,1946.024638176784,1895.2699651206576,1.946024638176784,1.895269965120658,-54.59596765942342,60,45,11,False,True
DAL,2026-07-29,2026-08-04,87.17356225204468,92.99348091506958,22.09899939073232,1926.4484990959013,2055.0628780842003,1.9264484990959012,2.0550628780842004,124.63286761111884,60,45,6,True,False
GOOG,2026-08-03,2026-08-04,365.4826377868652,366.336729019165,5.261086065587335,1922.83561287458,1927.329060355573,1.92283561287458,1.9273290603555728,0.6432828077627164,60,45,1,True,False
UAL,2026-08-04,2026-08-05,132.23608316802978,133.33329389953613,14.740998053468848,1949.2918445782716,1965.465825835652,1.9492918445782716,1.965465825835652,12.2592235869663,60,45,1,True,False
LULU,2026-08-04,2026-08-07,121.810875,124.4777309150696,16.002609328422206,1949.2918445782716,1991.9684979223216,1.9492918445782716,1.9919684979223216,38.73539300154994,60,45,3,True,False
CMCSA,2026-08-05,2026-08-10,24.93246007633209,25.147419847488404,79.09184778116739,1971.9543371672908,1988.9559026666604,1.9719543371672907,1.9889559026666608,13.040655259535695,60,45,5,True,False
UBER,2026-08-10,2026-08-11,75.46771530532837,77.961,26.11914358819117,1971.1520923326043,2036.274553278972,1.9711520923326045,2.036274553278972,61.11503430075618,60,45,1,True,False
ERIE,2026-07-29,2026-08-12,240.47018110656737,253.58315171051024,8.01117415153512,1926.4484990959013,2031.4987902480484,1.9264484990959012,2.0314987902480484,101.09234386280332,60,45,14,True,False
JBL,2026-08-07,2026-08-12,347.4936673278808,365.6170877990723,5.732359338042826,1991.9585688177249,2095.848527393036,1.9919585688177248,2.095848527393036,99.80215147910008,60,45,5,True,False
WBD,2026-08-12,2026-08-13,27.463725763320923,27.7461202287674,72.9796233137141,2004.2923609983063,2024.9014027124676,2.0042923609983063,2.024901402712468,16.579847950450358,60,45,1,True,False
KEYS,2026-08-12,2026-08-13,352.176,352.32375,5.691166805796835,2004.2923609983063,2005.133230893863,2.0042923609983063,2.005133230893863,-3.1685556963354884,60,45,1,False,True
NFLX,2026-08-11,2026-08-14,76.23809694671631,78.44076335525513,25.85853891827444,1971.4057969518435,2028.3635320010203,1.9714057969518437,2.0283635320010203,52.95796572022391,60,45,3,True,False
HSY,2026-08-13,2026-08-14,185.1825413360596,184.83752767944335,10.837181706306753,2006.8568492945385,2003.1178736066315,2.0068568492945382,2.0031178736066315,-7.748950410807993,60,45,1,False,True
TER,2026-08-14,2026-08-17,410.7152647705078,424.7875,4.925452051109443,2022.958343285856,2092.2704631606525,2.022958343285856,2.092270463160653,65.1968910683504,60,45,3,True,False
ASML,2026-08-14,2026-08-18,1840.109536376953,1808.0955,1.0993684361143623,2022.958343285856,1987.7631221804163,2.022958343285856,1.9877631221804168,-39.205942570905336,60,45,4,False,True
IRM,2026-08-17,2026-08-18,129.2645969467163,129.38527194976808,15.750457211379084,2035.9765031554184,2037.8771896274689,2.0359765031554184,2.0378771896274688,-2.1731672207326937,60,45,1,False,True
TDG,2026-07-29,2026-08-21,1299.14925,1187.4460190429688,1.4828538746382691,1926.4484990959013,1760.8089302616545,1.9264484990959012,1.7608089302616543,-169.32682626360452,60,45,23,False,True
WMT,2026-08-13,2026-08-21,116.22808316802978,103.63815744018557,17.26654001850177,2006.8568492945385,1789.472392884751,2.0068568492945387,1.789472392884751,-221.18078565196697,60,45,8,False,True
MRVL,2026-08-18,2026-08-21,220.63026427459715,252.26380438995363,9.099308558178198,2007.5828519069596,2295.426194204096,2.0075828519069594,2.295426194204096,283.54033325102523,60,45,3,True,False
HAL,2026-08-18,2026-08-21,35.0175,35.80208969497681,57.330844632168464,2007.5828519069591,2052.564041809675,2.0075828519069594,2.052564041809675,40.92104300899928,60,45,3,True,False
ARE,2026-08-21,2026-08-24,53.326649236679074,53.09343893241883,37.99571460560815,2026.1841452702297,2017.3231531064705,2.02618414527023,2.0173231531064704,-12.904499462135846,60,45,3,False,True
KDP,2026-08-24,2026-08-25,32.22610408401489,32.44376908493042,62.63316430919738,2018.4228721394013,2032.0559199061056,2.0184228721394017,2.0320559199061057,9.58256897465867,60,45,1,True,False
CTVA,2026-08-25,2026-09-01,82.54124999999999,85.44725286483765,24.339213161170164,2008.989078339437,2079.7189015136914,2.008989078339437,2.0797189015136914,66.64111519440144,60,45,7,True,False
TSLA,2026-08-24,2026-09-04,361.5907086639404,361.8889723205567,5.582065091211478,2018.4228721394013,2020.087799284976,2.0184228721394017,2.020087799284976,-2.3735835258496536,60,45,11,False,True
ULTA,2026-09-03,2026-09-04,559.5496545410156,554.7924723205567,3.5635155903408986,1993.963917526773,1977.0116245180757,1.993963917526773,1.9770116245180755,-20.92326855074248,60,45,1,False,True
AZN,2026-08-26,2026-09-10,167.5437367172241,157.60115267944337,11.954820595394748,2002.955314336466,1884.0935059101616,2.0029553143364662,1.884093505910162,-122.74885724655088,60,45,15,False,True
QCOM,2026-09-09,2026-09-10,174.80736122131347,172.0439398803711,11.382100905314797,1989.6750244128025,1958.221483866296,1.9896750244128023,1.9582214838662964,-35.40143705478522,60,45,1,False,True
OTIS,2026-07-17,2026-09-11,75.55775664138794,68.54571183013917,25.9534941196381,1960.9877926853085,1779.0007289099246,1.9609877926853083,1.7790007289099248,-185.72705229697908,60,45,56,False,True
LKQ,2026-08-21,2026-09-15,25.98298431301117,23.38829961872101,77.98119418698195,2026.18414527023,1823.847534270799,2.02618414527023,1.8238475342707992,-206.1866426789718,60,45,25,False,True
IT,2026-09-15,2026-09-15,192.5462219467163,195.5221851196289,10.128659228891724,1950.2350679088424,1980.3775847650056,1.9502350679088425,1.9803775847650056,26.211904203489667,60,45,0,True,False
MO,2026-09-15,2026-09-15,68.97447244262695,69.77509255981445,28.27473699825758,1950.235067908842,1972.872391157833,1.950235067908842,1.972872391157833,18.71421578992431,60,45,0,True,False
